-- MySQL dump 10.13  Distrib 8.0.40, for Win64 (x86_64)
--
-- Host: localhost    Database: trains
-- ------------------------------------------------------
-- Server version	8.0.40

/*!40101 SET @OLD_CHARACTER_SET_CLIENT=@@CHARACTER_SET_CLIENT */;
/*!40101 SET @OLD_CHARACTER_SET_RESULTS=@@CHARACTER_SET_RESULTS */;
/*!40101 SET @OLD_COLLATION_CONNECTION=@@COLLATION_CONNECTION */;
/*!50503 SET NAMES utf8 */;
/*!40103 SET @OLD_TIME_ZONE=@@TIME_ZONE */;
/*!40103 SET TIME_ZONE='+00:00' */;
/*!40014 SET @OLD_UNIQUE_CHECKS=@@UNIQUE_CHECKS, UNIQUE_CHECKS=0 */;
/*!40014 SET @OLD_FOREIGN_KEY_CHECKS=@@FOREIGN_KEY_CHECKS, FOREIGN_KEY_CHECKS=0 */;
/*!40101 SET @OLD_SQL_MODE=@@SQL_MODE, SQL_MODE='NO_AUTO_VALUE_ON_ZERO' */;
/*!40111 SET @OLD_SQL_NOTES=@@SQL_NOTES, SQL_NOTES=0 */;

--
-- Table structure for table `answers`
--

DROP TABLE IF EXISTS `answers`;
/*!40101 SET @saved_cs_client     = @@character_set_client */;
/*!50503 SET character_set_client = utf8mb4 */;
CREATE TABLE `answers` (
  `answerId` int NOT NULL AUTO_INCREMENT,
  `questionId` int NOT NULL,
  `employeeSSN` char(11) NOT NULL,
  `answerText` text NOT NULL,
  `answerDate` datetime DEFAULT CURRENT_TIMESTAMP,
  PRIMARY KEY (`answerId`),
  KEY `questionId` (`questionId`),
  KEY `employeeSSN` (`employeeSSN`),
  CONSTRAINT `answers_ibfk_1` FOREIGN KEY (`questionId`) REFERENCES `questions` (`questionId`) ON DELETE CASCADE ON UPDATE CASCADE,
  CONSTRAINT `answers_ibfk_2` FOREIGN KEY (`employeeSSN`) REFERENCES `employee` (`ssn`) ON DELETE CASCADE ON UPDATE CASCADE
) ENGINE=InnoDB AUTO_INCREMENT=6 DEFAULT CHARSET=utf8mb4 COLLATE=utf8mb4_0900_ai_ci;
/*!40101 SET character_set_client = @saved_cs_client */;

--
-- Dumping data for table `answers`
--

LOCK TABLES `answers` WRITE;
/*!40000 ALTER TABLE `answers` DISABLE KEYS */;
INSERT INTO `answers` VALUES (1,1,'987-65-4321','Yes, students get 10% off.','2024-12-08 02:20:25'),(2,2,'456-78-9012','Yes, small pets are allowed with a carrier.','2024-12-08 02:20:25'),(3,3,'987-65-4321','You can reschedule up to 24 hours in advance.','2024-12-08 02:20:25'),(4,4,'654-32-1098','We sanitize regularly and enforce mask-wearing.','2024-12-08 02:20:25'),(5,5,'987-65-4321','Select the round-trip option during booking.','2024-12-08 02:20:25');
/*!40000 ALTER TABLE `answers` ENABLE KEYS */;
UNLOCK TABLES;

--
-- Table structure for table `customer`
--

DROP TABLE IF EXISTS `customer`;
/*!40101 SET @saved_cs_client     = @@character_set_client */;
/*!50503 SET character_set_client = utf8mb4 */;
CREATE TABLE `customer` (
  `customerId` int NOT NULL AUTO_INCREMENT,
  `firstName` varchar(25) NOT NULL,
  `lastName` varchar(25) NOT NULL,
  `username` varchar(10) NOT NULL,
  `password` varchar(50) NOT NULL,
  `email` varchar(100) NOT NULL,
  PRIMARY KEY (`customerId`),
  UNIQUE KEY `username` (`username`)
) ENGINE=InnoDB AUTO_INCREMENT=6 DEFAULT CHARSET=utf8mb4 COLLATE=utf8mb4_0900_ai_ci;
/*!40101 SET character_set_client = @saved_cs_client */;

--
-- Dumping data for table `customer`
--

LOCK TABLES `customer` WRITE;
/*!40000 ALTER TABLE `customer` DISABLE KEYS */;
INSERT INTO `customer` VALUES (1,'Alice','Green','aliceg','securepass1','alice@example.com'),(2,'Bob','White','bobw','securepass2','bob@example.com'),(3,'Charlie','Black','charlieb','securepass3','charlie@example.com'),(4,'Daisy','Brown','daisyb','securepass4','daisy@example.com'),(5,'Evan','Gray','evang','securepass5','evan@example.com');
/*!40000 ALTER TABLE `customer` ENABLE KEYS */;
UNLOCK TABLES;

--
-- Table structure for table `employee`
--

DROP TABLE IF EXISTS `employee`;
/*!40101 SET @saved_cs_client     = @@character_set_client */;
/*!50503 SET character_set_client = utf8mb4 */;
CREATE TABLE `employee` (
  `ssn` char(11) NOT NULL,
  `firstName` varchar(25) NOT NULL,
  `lastName` varchar(25) NOT NULL,
  `username` varchar(10) NOT NULL,
  `password` varchar(50) NOT NULL,
  `role` enum('Manager','Representative') DEFAULT NULL,
  PRIMARY KEY (`ssn`),
  UNIQUE KEY `username` (`username`)
) ENGINE=InnoDB DEFAULT CHARSET=utf8mb4 COLLATE=utf8mb4_0900_ai_ci;
/*!40101 SET character_set_client = @saved_cs_client */;

--
-- Dumping data for table `employee`
--

LOCK TABLES `employee` WRITE;
/*!40000 ALTER TABLE `employee` DISABLE KEYS */;
INSERT INTO `employee` VALUES ('111-11-1111','employee','one','emp1','emp1','Representative'),('123-45-6789','John','Doe','jdoe','password123','Manager'),('222-22-2222','manager','one','mgr1','mgr1','Manager'),('321-65-9874','Michael','Johnson','mjohnson','passwordabc','Manager'),('456-78-9012','Emily','Brown','ebrown','password789','Representative'),('654-32-1098','Sarah','Taylor','staylor','passwordxyz','Representative'),('987-65-4321','Jane','Smith','jsmith','password456','Representative');
/*!40000 ALTER TABLE `employee` ENABLE KEYS */;
UNLOCK TABLES;

--
-- Table structure for table `manages`
--

DROP TABLE IF EXISTS `manages`;
/*!40101 SET @saved_cs_client     = @@character_set_client */;
/*!50503 SET character_set_client = utf8mb4 */;
CREATE TABLE `manages` (
  `manager_ssn` char(11) NOT NULL,
  `representative_ssn` char(11) NOT NULL,
  PRIMARY KEY (`manager_ssn`,`representative_ssn`),
  KEY `representative_ssn` (`representative_ssn`),
  CONSTRAINT `manages_ibfk_1` FOREIGN KEY (`manager_ssn`) REFERENCES `employee` (`ssn`) ON DELETE CASCADE ON UPDATE CASCADE,
  CONSTRAINT `manages_ibfk_2` FOREIGN KEY (`representative_ssn`) REFERENCES `employee` (`ssn`) ON DELETE CASCADE ON UPDATE CASCADE
) ENGINE=InnoDB DEFAULT CHARSET=utf8mb4 COLLATE=utf8mb4_0900_ai_ci;
/*!40101 SET character_set_client = @saved_cs_client */;

--
-- Dumping data for table `manages`
--

LOCK TABLES `manages` WRITE;
/*!40000 ALTER TABLE `manages` DISABLE KEYS */;
INSERT INTO `manages` VALUES ('123-45-6789','111-11-1111'),('222-22-2222','456-78-9012'),('321-65-9874','654-32-1098'),('123-45-6789','987-65-4321');
/*!40000 ALTER TABLE `manages` ENABLE KEYS */;
UNLOCK TABLES;

--
-- Table structure for table `questions`
--

DROP TABLE IF EXISTS `questions`;
/*!40101 SET @saved_cs_client     = @@character_set_client */;
/*!50503 SET character_set_client = utf8mb4 */;
CREATE TABLE `questions` (
  `questionId` int NOT NULL AUTO_INCREMENT,
  `customerId` int NOT NULL,
  `questionText` text NOT NULL,
  `questionDate` datetime DEFAULT CURRENT_TIMESTAMP,
  PRIMARY KEY (`questionId`),
  KEY `customerId` (`customerId`),
  CONSTRAINT `questions_ibfk_1` FOREIGN KEY (`customerId`) REFERENCES `customer` (`customerId`) ON DELETE CASCADE ON UPDATE CASCADE
) ENGINE=InnoDB AUTO_INCREMENT=6 DEFAULT CHARSET=utf8mb4 COLLATE=utf8mb4_0900_ai_ci;
/*!40101 SET character_set_client = @saved_cs_client */;

--
-- Dumping data for table `questions`
--

LOCK TABLES `questions` WRITE;
/*!40000 ALTER TABLE `questions` DISABLE KEYS */;
INSERT INTO `questions` VALUES (1,1,'What are the available discounts?','2024-12-08 02:19:27'),(2,2,'Are pets allowed on trains?','2024-12-08 02:19:27'),(3,3,'Can I reschedule my reservation?','2024-12-08 02:19:27'),(4,4,'What are the COVID-19 precautions?','2024-12-08 02:19:27'),(5,5,'How can I book a round trip?','2024-12-08 02:19:27');
/*!40000 ALTER TABLE `questions` ENABLE KEYS */;
UNLOCK TABLES;

--
-- Table structure for table `reservation`
--

DROP TABLE IF EXISTS `reservation`;
/*!40101 SET @saved_cs_client     = @@character_set_client */;
/*!50503 SET character_set_client = utf8mb4 */;
CREATE TABLE `reservation` (
  `reservationNo` int NOT NULL AUTO_INCREMENT,
  `customerId` int NOT NULL,
  `transitLineId` int NOT NULL,
  `originStopId` int NOT NULL,
  `destinationStopId` int NOT NULL,
  `reservationDateTime` datetime NOT NULL,
  `isRoundTrip` tinyint(1) NOT NULL,
  `discount` int NOT NULL,
  `totalFare` float NOT NULL,
  PRIMARY KEY (`reservationNo`),
  KEY `customerId` (`customerId`),
  KEY `transitLineId` (`transitLineId`),
  KEY `originStopId` (`originStopId`),
  KEY `destinationStopId` (`destinationStopId`),
  CONSTRAINT `reservation_ibfk_1` FOREIGN KEY (`customerId`) REFERENCES `customer` (`customerId`) ON DELETE CASCADE ON UPDATE CASCADE,
  CONSTRAINT `reservation_ibfk_2` FOREIGN KEY (`transitLineId`) REFERENCES `transitline` (`lineId`) ON DELETE CASCADE ON UPDATE CASCADE,
  CONSTRAINT `reservation_ibfk_3` FOREIGN KEY (`originStopId`) REFERENCES `stop` (`stopId`) ON DELETE CASCADE ON UPDATE CASCADE,
  CONSTRAINT `reservation_ibfk_4` FOREIGN KEY (`destinationStopId`) REFERENCES `stop` (`stopId`) ON DELETE CASCADE ON UPDATE CASCADE,
  CONSTRAINT `reservation_chk_1` CHECK ((`discount` <= 100)),
  CONSTRAINT `reservation_chk_2` CHECK ((`totalFare` >= 0))
) ENGINE=InnoDB AUTO_INCREMENT=23 DEFAULT CHARSET=utf8mb4 COLLATE=utf8mb4_0900_ai_ci;
/*!40101 SET character_set_client = @saved_cs_client */;

--
-- Dumping data for table `reservation`
--

LOCK TABLES `reservation` WRITE;
/*!40000 ALTER TABLE `reservation` DISABLE KEYS */;
INSERT INTO `reservation` VALUES (1,1,49,650,653,'2024-12-09 01:42:15',1,50,17.1429),(2,1,56,747,753,'2024-12-09 01:59:24',0,0,42.8571),(3,1,78,1042,1048,'2024-12-09 02:00:00',1,0,43.6364),(4,1,90,1205,1212,'2024-12-09 02:00:46',0,0,50.9091),(5,1,25,330,336,'2024-12-09 02:00:56',1,0,34.2857),(6,1,45,600,610,'2024-12-09 02:01:10',1,0,71.4286),(7,2,43,569,577,'2024-12-09 02:03:53',1,50,45.7143),(8,2,56,748,751,'2024-12-09 02:04:09',1,50,21.4286),(9,2,64,856,868,'2024-12-09 02:04:24',1,50,85.7143),(10,2,76,1020,1032,'2024-12-09 02:04:39',1,35,85.7143),(11,3,31,407,415,'2024-12-09 02:05:22',1,25,45.7143),(12,3,56,749,759,'2024-12-09 02:05:41',0,25,71.4286),(13,3,64,856,862,'2024-12-09 02:05:57',1,25,42.8571),(14,4,59,790,794,'2024-12-09 02:06:25',0,35,45),(15,4,59,790,794,'2024-12-09 02:06:56',1,25,45),(16,4,59,790,794,'2024-12-09 02:07:11',1,0,45),(17,4,59,790,794,'2024-12-09 02:07:39',1,50,45),(18,5,60,799,803,'2024-12-09 02:09:03',0,0,29.0909),(19,5,31,410,417,'2024-12-09 02:09:17',1,0,40),(20,5,150,2022,2024,'2024-12-09 02:09:34',1,0,14.5455),(21,5,154,2075,2080,'2024-12-09 02:09:55',1,0,35.7143),(22,5,176,2366,2376,'2024-12-09 02:13:03',1,0,71.4286);
/*!40000 ALTER TABLE `reservation` ENABLE KEYS */;
UNLOCK TABLES;

--
-- Table structure for table `station`
--

DROP TABLE IF EXISTS `station`;
/*!40101 SET @saved_cs_client     = @@character_set_client */;
/*!50503 SET character_set_client = utf8mb4 */;
CREATE TABLE `station` (
  `stationId` int NOT NULL AUTO_INCREMENT,
  `name` varchar(50) DEFAULT NULL,
  `city` varchar(20) DEFAULT NULL,
  `state` char(2) DEFAULT NULL,
  PRIMARY KEY (`stationId`)
) ENGINE=InnoDB AUTO_INCREMENT=17 DEFAULT CHARSET=utf8mb4 COLLATE=utf8mb4_0900_ai_ci;
/*!40101 SET character_set_client = @saved_cs_client */;

--
-- Dumping data for table `station`
--

LOCK TABLES `station` WRITE;
/*!40000 ALTER TABLE `station` DISABLE KEYS */;
INSERT INTO `station` VALUES (1,'Trenton Transit Center','Trenton','NJ'),(2,'Hamilton','Hamilton','NJ'),(3,'Princeton Junction','Princeton','NJ'),(4,'Jersey Avenue','New Brunswick','NJ'),(5,'New Brunswick','New Brunswick','NJ'),(6,'Edison','Edison','NJ'),(7,'Metuchen','Metuchen','NJ'),(8,'Metropark','Iselin','NJ'),(9,'Rahway','Rahway','NJ'),(10,'Linden','Linden','NJ'),(11,'Elizabeth','Elizabeth','NJ'),(12,'North Elizabeth','Elizabeth','NJ'),(13,'Newark Int\'l Airport','Newark','NJ'),(14,'Newark Penn Station','Newark','NJ'),(15,'Secaucus Junction','Secaucus','NJ'),(16,'New York Penn Station','New York','NY');
/*!40000 ALTER TABLE `station` ENABLE KEYS */;
UNLOCK TABLES;

--
-- Table structure for table `stop`
--

DROP TABLE IF EXISTS `stop`;
/*!40101 SET @saved_cs_client     = @@character_set_client */;
/*!50503 SET character_set_client = utf8mb4 */;
CREATE TABLE `stop` (
  `stopId` int NOT NULL AUTO_INCREMENT,
  `stopStation` int NOT NULL,
  `stopLine` int NOT NULL,
  `departureDateTime` datetime NOT NULL,
  `arrivalDateTime` datetime NOT NULL,
  PRIMARY KEY (`stopId`,`stopStation`,`stopLine`),
  UNIQUE KEY `stopId` (`stopId`),
  KEY `stopStation` (`stopStation`),
  KEY `stopLine` (`stopLine`),
  CONSTRAINT `stop_ibfk_1` FOREIGN KEY (`stopStation`) REFERENCES `station` (`stationId`) ON DELETE CASCADE ON UPDATE CASCADE,
  CONSTRAINT `stop_ibfk_2` FOREIGN KEY (`stopLine`) REFERENCES `transitline` (`lineId`) ON DELETE CASCADE ON UPDATE CASCADE
) ENGINE=InnoDB AUTO_INCREMENT=2512 DEFAULT CHARSET=utf8mb4 COLLATE=utf8mb4_0900_ai_ci;
/*!40101 SET character_set_client = @saved_cs_client */;

--
-- Dumping data for table `stop`
--

LOCK TABLES `stop` WRITE;
/*!40000 ALTER TABLE `stop` DISABLE KEYS */;
INSERT INTO `stop` VALUES (1,1,1,'2024-12-01 06:12:00','2024-12-01 06:11:00'),(2,2,1,'2024-12-01 06:18:00','2024-12-01 06:17:00'),(3,3,1,'2024-12-01 06:26:00','2024-12-01 06:25:00'),(4,5,1,'2024-12-01 06:41:00','2024-12-01 06:40:00'),(5,6,1,'2024-12-01 06:46:00','2024-12-01 06:45:00'),(6,7,1,'2024-12-01 06:51:00','2024-12-01 06:50:00'),(7,8,1,'2024-12-01 06:56:00','2024-12-01 06:55:00'),(8,9,1,'2024-12-01 07:04:00','2024-12-01 07:03:00'),(9,10,1,'2024-12-01 07:09:00','2024-12-01 07:08:00'),(10,11,1,'2024-12-01 07:15:00','2024-12-01 07:14:00'),(11,12,1,'2024-12-01 07:18:00','2024-12-01 07:17:00'),(12,13,1,'2024-12-01 07:23:00','2024-12-01 07:22:00'),(13,14,1,'2024-12-01 07:30:00','2024-12-01 07:29:00'),(14,15,1,'2024-12-01 07:38:00','2024-12-01 07:37:00'),(15,16,1,'2024-12-01 07:50:00','2024-12-01 07:50:00'),(16,1,2,'2024-12-01 07:24:00','2024-12-01 07:23:00'),(17,2,2,'2024-12-01 07:30:00','2024-12-01 07:29:00'),(18,3,2,'2024-12-01 07:37:00','2024-12-01 07:36:00'),(19,5,2,'2024-12-01 07:55:00','2024-12-01 07:54:00'),(20,6,2,'2024-12-01 08:00:00','2024-12-01 07:59:00'),(21,7,2,'2024-12-01 08:05:00','2024-12-01 08:04:00'),(22,8,2,'2024-12-01 08:10:00','2024-12-01 08:09:00'),(23,9,2,'2024-12-01 08:19:00','2024-12-01 08:18:00'),(24,10,2,'2024-12-01 08:24:00','2024-12-01 08:23:00'),(25,11,2,'2024-12-01 08:33:00','2024-12-01 08:32:00'),(26,12,2,'2024-12-01 08:36:00','2024-12-01 08:35:00'),(27,13,2,'2024-12-01 08:39:00','2024-12-01 08:38:00'),(28,14,2,'2024-12-01 08:45:00','2024-12-01 08:44:00'),(29,15,2,'2024-12-01 08:54:00','2024-12-01 08:53:00'),(30,16,2,'2024-12-01 09:06:00','2024-12-01 09:06:00'),(31,1,3,'2024-12-01 08:01:00','2024-12-01 08:00:00'),(32,2,3,'2024-12-01 08:08:00','2024-12-01 08:07:00'),(33,3,3,'2024-12-01 08:15:00','2024-12-01 08:14:00'),(34,5,3,'2024-12-01 08:36:00','2024-12-01 08:35:00'),(35,6,3,'2024-12-01 08:40:00','2024-12-01 08:39:00'),(36,7,3,'2024-12-01 08:45:00','2024-12-01 08:44:00'),(37,8,3,'2024-12-01 08:49:00','2024-12-01 08:48:00'),(38,9,3,'2024-12-01 08:55:00','2024-12-01 08:54:00'),(39,10,3,'2024-12-01 08:59:00','2024-12-01 08:58:00'),(40,11,3,'2024-12-01 09:05:00','2024-12-01 09:04:00'),(41,12,3,'2024-12-01 09:08:00','2024-12-01 09:07:00'),(42,13,3,'2024-12-01 09:12:00','2024-12-01 09:11:00'),(43,14,3,'2024-12-01 09:17:00','2024-12-01 09:16:00'),(44,15,3,'2024-12-01 09:25:00','2024-12-01 09:24:00'),(45,16,3,'2024-12-01 09:37:00','2024-12-01 09:37:00'),(46,16,4,'2024-12-01 16:31:00','2024-12-01 16:30:00'),(47,15,4,'2024-12-01 16:41:00','2024-12-01 16:40:00'),(48,14,4,'2024-12-01 16:50:00','2024-12-01 16:49:00'),(49,13,4,'2024-12-01 16:56:00','2024-12-01 16:55:00'),(50,12,4,'2024-12-01 17:00:00','2024-12-01 16:59:00'),(51,11,4,'2024-12-01 17:03:00','2024-12-01 17:02:00'),(52,10,4,'2024-12-01 17:08:00','2024-12-01 17:07:00'),(53,9,4,'2024-12-01 17:12:00','2024-12-01 17:11:00'),(54,8,4,'2024-12-01 17:17:00','2024-12-01 17:16:00'),(55,7,4,'2024-12-01 17:22:00','2024-12-01 17:21:00'),(56,6,4,'2024-12-01 17:26:00','2024-12-01 17:25:00'),(57,5,4,'2024-12-01 17:30:00','2024-12-01 17:29:00'),(58,3,4,'2024-12-01 17:46:00','2024-12-01 17:45:00'),(59,2,4,'2024-12-01 17:53:00','2024-12-01 17:52:00'),(60,1,4,'2024-12-01 18:04:00','2024-12-01 18:04:00'),(61,16,5,'2024-12-01 17:09:00','2024-12-01 17:08:00'),(62,15,5,'2024-12-01 17:29:00','2024-12-01 17:18:00'),(63,14,5,'2024-12-01 17:30:00','2024-12-01 17:29:00'),(64,13,5,'2024-12-01 17:36:00','2024-12-01 17:35:00'),(65,8,5,'2024-12-01 17:50:00','2024-12-01 17:49:00'),(66,7,5,'2024-12-01 17:55:00','2024-12-01 17:54:00'),(67,6,5,'2024-12-01 18:00:00','2024-12-01 17:59:00'),(68,5,5,'2024-12-01 18:04:00','2024-12-01 18:04:00'),(69,4,5,'2024-12-01 18:13:00','2024-12-01 18:13:00'),(70,16,6,'2024-12-01 18:15:00','2024-12-01 18:14:00'),(71,14,6,'2024-12-01 18:31:00','2024-12-01 18:30:00'),(72,13,6,'2024-12-01 18:37:00','2024-12-01 18:36:00'),(73,9,6,'2024-12-01 18:47:00','2024-12-01 18:46:00'),(74,8,6,'2024-12-01 18:53:00','2024-12-01 18:52:00'),(75,7,6,'2024-12-01 18:58:00','2024-12-01 18:57:00'),(76,6,6,'2024-12-01 19:04:00','2024-12-01 19:03:00'),(77,5,6,'2024-12-01 19:08:00','2024-12-01 19:07:00'),(78,4,6,'2024-12-01 19:13:00','2024-12-01 19:12:00'),(79,3,6,'2024-12-01 19:25:00','2024-12-01 19:24:00'),(80,2,6,'2024-12-01 19:32:00','2024-12-01 19:31:00'),(81,1,6,'2024-12-01 19:43:00','2024-12-01 19:43:00'),(82,1,7,'2024-12-02 06:12:00','2024-12-02 06:11:00'),(83,2,7,'2024-12-02 06:18:00','2024-12-02 06:17:00'),(84,3,7,'2024-12-02 06:26:00','2024-12-02 06:25:00'),(85,5,7,'2024-12-02 06:41:00','2024-12-02 06:40:00'),(86,6,7,'2024-12-02 06:46:00','2024-12-02 06:45:00'),(87,7,7,'2024-12-02 06:51:00','2024-12-02 06:50:00'),(88,8,7,'2024-12-02 06:56:00','2024-12-02 06:55:00'),(89,9,7,'2024-12-02 07:04:00','2024-12-02 07:03:00'),(90,10,7,'2024-12-02 07:09:00','2024-12-02 07:08:00'),(91,11,7,'2024-12-02 07:15:00','2024-12-02 07:14:00'),(92,12,7,'2024-12-02 07:18:00','2024-12-02 07:17:00'),(93,13,7,'2024-12-02 07:23:00','2024-12-02 07:22:00'),(94,14,7,'2024-12-02 07:30:00','2024-12-02 07:29:00'),(95,15,7,'2024-12-02 07:38:00','2024-12-02 07:37:00'),(96,16,7,'2024-12-02 07:50:00','2024-12-02 07:50:00'),(97,1,8,'2024-12-02 07:24:00','2024-12-02 07:23:00'),(98,2,8,'2024-12-02 07:30:00','2024-12-02 07:29:00'),(99,3,8,'2024-12-02 07:37:00','2024-12-02 07:36:00'),(100,5,8,'2024-12-02 07:55:00','2024-12-02 07:54:00'),(101,6,8,'2024-12-02 08:00:00','2024-12-02 07:59:00'),(102,7,8,'2024-12-02 08:05:00','2024-12-02 08:04:00'),(103,8,8,'2024-12-02 08:10:00','2024-12-02 08:09:00'),(104,9,8,'2024-12-02 08:19:00','2024-12-02 08:18:00'),(105,10,8,'2024-12-02 08:24:00','2024-12-02 08:23:00'),(106,11,8,'2024-12-02 08:33:00','2024-12-02 08:32:00'),(107,12,8,'2024-12-02 08:36:00','2024-12-02 08:35:00'),(108,13,8,'2024-12-02 08:39:00','2024-12-02 08:38:00'),(109,14,8,'2024-12-02 08:45:00','2024-12-02 08:44:00'),(110,15,8,'2024-12-02 08:54:00','2024-12-02 08:53:00'),(111,16,8,'2024-12-02 09:06:00','2024-12-02 09:06:00'),(112,1,9,'2024-12-02 08:01:00','2024-12-02 08:00:00'),(113,2,9,'2024-12-02 08:08:00','2024-12-02 08:07:00'),(114,3,9,'2024-12-02 08:15:00','2024-12-02 08:14:00'),(115,5,9,'2024-12-02 08:36:00','2024-12-02 08:35:00'),(116,6,9,'2024-12-02 08:40:00','2024-12-02 08:39:00'),(117,7,9,'2024-12-02 08:45:00','2024-12-02 08:44:00'),(118,8,9,'2024-12-02 08:49:00','2024-12-02 08:48:00'),(119,9,9,'2024-12-02 08:55:00','2024-12-02 08:54:00'),(120,10,9,'2024-12-02 08:59:00','2024-12-02 08:58:00'),(121,11,9,'2024-12-02 09:05:00','2024-12-02 09:04:00'),(122,12,9,'2024-12-02 09:08:00','2024-12-02 09:07:00'),(123,13,9,'2024-12-02 09:12:00','2024-12-02 09:11:00'),(124,14,9,'2024-12-02 09:17:00','2024-12-02 09:16:00'),(125,15,9,'2024-12-02 09:25:00','2024-12-02 09:24:00'),(126,16,9,'2024-12-02 09:37:00','2024-12-02 09:37:00'),(127,16,10,'2024-12-02 16:31:00','2024-12-02 16:30:00'),(128,15,10,'2024-12-02 16:41:00','2024-12-02 16:40:00'),(129,14,10,'2024-12-02 16:50:00','2024-12-02 16:49:00'),(130,13,10,'2024-12-02 16:56:00','2024-12-02 16:55:00'),(131,12,10,'2024-12-02 17:00:00','2024-12-02 16:59:00'),(132,11,10,'2024-12-02 17:03:00','2024-12-02 17:02:00'),(133,10,10,'2024-12-02 17:08:00','2024-12-02 17:07:00'),(134,9,10,'2024-12-02 17:12:00','2024-12-02 17:11:00'),(135,8,10,'2024-12-02 17:17:00','2024-12-02 17:16:00'),(136,7,10,'2024-12-02 17:22:00','2024-12-02 17:21:00'),(137,6,10,'2024-12-02 17:26:00','2024-12-02 17:25:00'),(138,5,10,'2024-12-02 17:30:00','2024-12-02 17:29:00'),(139,3,10,'2024-12-02 17:46:00','2024-12-02 17:45:00'),(140,2,10,'2024-12-02 17:53:00','2024-12-02 17:52:00'),(141,1,10,'2024-12-02 18:04:00','2024-12-02 18:04:00'),(142,16,11,'2024-12-02 17:09:00','2024-12-02 17:08:00'),(143,15,11,'2024-12-02 17:29:00','2024-12-02 17:18:00'),(144,14,11,'2024-12-02 17:30:00','2024-12-02 17:29:00'),(145,13,11,'2024-12-02 17:36:00','2024-12-02 17:35:00'),(146,8,11,'2024-12-02 17:50:00','2024-12-02 17:49:00'),(147,7,11,'2024-12-02 17:55:00','2024-12-02 17:54:00'),(148,6,11,'2024-12-02 18:00:00','2024-12-02 17:59:00'),(149,5,11,'2024-12-02 18:04:00','2024-12-02 18:04:00'),(150,4,11,'2024-12-02 18:13:00','2024-12-02 18:13:00'),(151,16,12,'2024-12-02 18:15:00','2024-12-02 18:14:00'),(152,14,12,'2024-12-02 18:31:00','2024-12-02 18:30:00'),(153,13,12,'2024-12-02 18:37:00','2024-12-02 18:36:00'),(154,9,12,'2024-12-02 18:47:00','2024-12-02 18:46:00'),(155,8,12,'2024-12-02 18:53:00','2024-12-02 18:52:00'),(156,7,12,'2024-12-02 18:58:00','2024-12-02 18:57:00'),(157,6,12,'2024-12-02 19:04:00','2024-12-02 19:03:00'),(158,5,12,'2024-12-02 19:08:00','2024-12-02 19:07:00'),(159,4,12,'2024-12-02 19:13:00','2024-12-02 19:12:00'),(160,3,12,'2024-12-02 19:25:00','2024-12-02 19:24:00'),(161,2,12,'2024-12-02 19:32:00','2024-12-02 19:31:00'),(162,1,12,'2024-12-02 19:43:00','2024-12-02 19:43:00'),(163,1,13,'2024-12-03 06:12:00','2024-12-03 06:11:00'),(164,2,13,'2024-12-03 06:18:00','2024-12-03 06:17:00'),(165,3,13,'2024-12-03 06:26:00','2024-12-03 06:25:00'),(166,5,13,'2024-12-03 06:41:00','2024-12-03 06:40:00'),(167,6,13,'2024-12-03 06:46:00','2024-12-03 06:45:00'),(168,7,13,'2024-12-03 06:51:00','2024-12-03 06:50:00'),(169,8,13,'2024-12-03 06:56:00','2024-12-03 06:55:00'),(170,9,13,'2024-12-03 07:04:00','2024-12-03 07:03:00'),(171,10,13,'2024-12-03 07:09:00','2024-12-03 07:08:00'),(172,11,13,'2024-12-03 07:15:00','2024-12-03 07:14:00'),(173,12,13,'2024-12-03 07:18:00','2024-12-03 07:17:00'),(174,13,13,'2024-12-03 07:23:00','2024-12-03 07:22:00'),(175,14,13,'2024-12-03 07:30:00','2024-12-03 07:29:00'),(176,15,13,'2024-12-03 07:38:00','2024-12-03 07:37:00'),(177,16,13,'2024-12-03 07:50:00','2024-12-03 07:50:00'),(178,1,14,'2024-12-03 07:24:00','2024-12-03 07:23:00'),(179,2,14,'2024-12-03 07:30:00','2024-12-03 07:29:00'),(180,3,14,'2024-12-03 07:37:00','2024-12-03 07:36:00'),(181,5,14,'2024-12-03 07:55:00','2024-12-03 07:54:00'),(182,6,14,'2024-12-03 08:00:00','2024-12-03 07:59:00'),(183,7,14,'2024-12-03 08:05:00','2024-12-03 08:04:00'),(184,8,14,'2024-12-03 08:10:00','2024-12-03 08:09:00'),(185,9,14,'2024-12-03 08:19:00','2024-12-03 08:18:00'),(186,10,14,'2024-12-03 08:24:00','2024-12-03 08:23:00'),(187,11,14,'2024-12-03 08:33:00','2024-12-03 08:32:00'),(188,12,14,'2024-12-03 08:36:00','2024-12-03 08:35:00'),(189,13,14,'2024-12-03 08:39:00','2024-12-03 08:38:00'),(190,14,14,'2024-12-03 08:45:00','2024-12-03 08:44:00'),(191,15,14,'2024-12-03 08:54:00','2024-12-03 08:53:00'),(192,16,14,'2024-12-03 09:06:00','2024-12-03 09:06:00'),(193,1,15,'2024-12-03 08:01:00','2024-12-03 08:00:00'),(194,2,15,'2024-12-03 08:08:00','2024-12-03 08:07:00'),(195,3,15,'2024-12-03 08:15:00','2024-12-03 08:14:00'),(196,5,15,'2024-12-03 08:36:00','2024-12-03 08:35:00'),(197,6,15,'2024-12-03 08:40:00','2024-12-03 08:39:00'),(198,7,15,'2024-12-03 08:45:00','2024-12-03 08:44:00'),(199,8,15,'2024-12-03 08:49:00','2024-12-03 08:48:00'),(200,9,15,'2024-12-03 08:55:00','2024-12-03 08:54:00'),(201,10,15,'2024-12-03 08:59:00','2024-12-03 08:58:00'),(202,11,15,'2024-12-03 09:05:00','2024-12-03 09:04:00'),(203,12,15,'2024-12-03 09:08:00','2024-12-03 09:07:00'),(204,13,15,'2024-12-03 09:12:00','2024-12-03 09:11:00'),(205,14,15,'2024-12-03 09:17:00','2024-12-03 09:16:00'),(206,15,15,'2024-12-03 09:25:00','2024-12-03 09:24:00'),(207,16,15,'2024-12-03 09:37:00','2024-12-03 09:37:00'),(208,16,16,'2024-12-03 16:31:00','2024-12-03 16:30:00'),(209,15,16,'2024-12-03 16:41:00','2024-12-03 16:40:00'),(210,14,16,'2024-12-03 16:50:00','2024-12-03 16:49:00'),(211,13,16,'2024-12-03 16:56:00','2024-12-03 16:55:00'),(212,12,16,'2024-12-03 17:00:00','2024-12-03 16:59:00'),(213,11,16,'2024-12-03 17:03:00','2024-12-03 17:02:00'),(214,10,16,'2024-12-03 17:08:00','2024-12-03 17:07:00'),(215,9,16,'2024-12-03 17:12:00','2024-12-03 17:11:00'),(216,8,16,'2024-12-03 17:17:00','2024-12-03 17:16:00'),(217,7,16,'2024-12-03 17:22:00','2024-12-03 17:21:00'),(218,6,16,'2024-12-03 17:26:00','2024-12-03 17:25:00'),(219,5,16,'2024-12-03 17:30:00','2024-12-03 17:29:00'),(220,3,16,'2024-12-03 17:46:00','2024-12-03 17:45:00'),(221,2,16,'2024-12-03 17:53:00','2024-12-03 17:52:00'),(222,1,16,'2024-12-03 18:04:00','2024-12-03 18:04:00'),(223,16,17,'2024-12-03 17:09:00','2024-12-03 17:08:00'),(224,15,17,'2024-12-03 17:29:00','2024-12-03 17:18:00'),(225,14,17,'2024-12-03 17:30:00','2024-12-03 17:29:00'),(226,13,17,'2024-12-03 17:36:00','2024-12-03 17:35:00'),(227,8,17,'2024-12-03 17:50:00','2024-12-03 17:49:00'),(228,7,17,'2024-12-03 17:55:00','2024-12-03 17:54:00'),(229,6,17,'2024-12-03 18:00:00','2024-12-03 17:59:00'),(230,5,17,'2024-12-03 18:04:00','2024-12-03 18:04:00'),(231,4,17,'2024-12-03 18:13:00','2024-12-03 18:13:00'),(232,16,18,'2024-12-03 18:15:00','2024-12-03 18:14:00'),(233,14,18,'2024-12-03 18:31:00','2024-12-03 18:30:00'),(234,13,18,'2024-12-03 18:37:00','2024-12-03 18:36:00'),(235,9,18,'2024-12-03 18:47:00','2024-12-03 18:46:00'),(236,8,18,'2024-12-03 18:53:00','2024-12-03 18:52:00'),(237,7,18,'2024-12-03 18:58:00','2024-12-03 18:57:00'),(238,6,18,'2024-12-03 19:04:00','2024-12-03 19:03:00'),(239,5,18,'2024-12-03 19:08:00','2024-12-03 19:07:00'),(240,4,18,'2024-12-03 19:13:00','2024-12-03 19:12:00'),(241,3,18,'2024-12-03 19:25:00','2024-12-03 19:24:00'),(242,2,18,'2024-12-03 19:32:00','2024-12-03 19:31:00'),(243,1,18,'2024-12-03 19:43:00','2024-12-03 19:43:00'),(244,1,19,'2024-12-04 06:12:00','2024-12-04 06:11:00'),(245,2,19,'2024-12-04 06:18:00','2024-12-04 06:17:00'),(246,3,19,'2024-12-04 06:26:00','2024-12-04 06:25:00'),(247,5,19,'2024-12-04 06:41:00','2024-12-04 06:40:00'),(248,6,19,'2024-12-04 06:46:00','2024-12-04 06:45:00'),(249,7,19,'2024-12-04 06:51:00','2024-12-04 06:50:00'),(250,8,19,'2024-12-04 06:56:00','2024-12-04 06:55:00'),(251,9,19,'2024-12-04 07:04:00','2024-12-04 07:03:00'),(252,10,19,'2024-12-04 07:09:00','2024-12-04 07:08:00'),(253,11,19,'2024-12-04 07:15:00','2024-12-04 07:14:00'),(254,12,19,'2024-12-04 07:18:00','2024-12-04 07:17:00'),(255,13,19,'2024-12-04 07:23:00','2024-12-04 07:22:00'),(256,14,19,'2024-12-04 07:30:00','2024-12-04 07:29:00'),(257,15,19,'2024-12-04 07:38:00','2024-12-04 07:37:00'),(258,16,19,'2024-12-04 07:50:00','2024-12-04 07:50:00'),(259,1,20,'2024-12-04 07:24:00','2024-12-04 07:23:00'),(260,2,20,'2024-12-04 07:30:00','2024-12-04 07:29:00'),(261,3,20,'2024-12-04 07:37:00','2024-12-04 07:36:00'),(262,5,20,'2024-12-04 07:55:00','2024-12-04 07:54:00'),(263,6,20,'2024-12-04 08:00:00','2024-12-04 07:59:00'),(264,7,20,'2024-12-04 08:05:00','2024-12-04 08:04:00'),(265,8,20,'2024-12-04 08:10:00','2024-12-04 08:09:00'),(266,9,20,'2024-12-04 08:19:00','2024-12-04 08:18:00'),(267,10,20,'2024-12-04 08:24:00','2024-12-04 08:23:00'),(268,11,20,'2024-12-04 08:33:00','2024-12-04 08:32:00'),(269,12,20,'2024-12-04 08:36:00','2024-12-04 08:35:00'),(270,13,20,'2024-12-04 08:39:00','2024-12-04 08:38:00'),(271,14,20,'2024-12-04 08:45:00','2024-12-04 08:44:00'),(272,15,20,'2024-12-04 08:54:00','2024-12-04 08:53:00'),(273,16,20,'2024-12-04 09:06:00','2024-12-04 09:06:00'),(274,1,21,'2024-12-04 08:01:00','2024-12-04 08:00:00'),(275,2,21,'2024-12-04 08:08:00','2024-12-04 08:07:00'),(276,3,21,'2024-12-04 08:15:00','2024-12-04 08:14:00'),(277,5,21,'2024-12-04 08:36:00','2024-12-04 08:35:00'),(278,6,21,'2024-12-04 08:40:00','2024-12-04 08:39:00'),(279,7,21,'2024-12-04 08:45:00','2024-12-04 08:44:00'),(280,8,21,'2024-12-04 08:49:00','2024-12-04 08:48:00'),(281,9,21,'2024-12-04 08:55:00','2024-12-04 08:54:00'),(282,10,21,'2024-12-04 08:59:00','2024-12-04 08:58:00'),(283,11,21,'2024-12-04 09:05:00','2024-12-04 09:04:00'),(284,12,21,'2024-12-04 09:08:00','2024-12-04 09:07:00'),(285,13,21,'2024-12-04 09:12:00','2024-12-04 09:11:00'),(286,14,21,'2024-12-04 09:17:00','2024-12-04 09:16:00'),(287,15,21,'2024-12-04 09:25:00','2024-12-04 09:24:00'),(288,16,21,'2024-12-04 09:37:00','2024-12-04 09:37:00'),(289,16,22,'2024-12-04 16:31:00','2024-12-04 16:30:00'),(290,15,22,'2024-12-04 16:41:00','2024-12-04 16:40:00'),(291,14,22,'2024-12-04 16:50:00','2024-12-04 16:49:00'),(292,13,22,'2024-12-04 16:56:00','2024-12-04 16:55:00'),(293,12,22,'2024-12-04 17:00:00','2024-12-04 16:59:00'),(294,11,22,'2024-12-04 17:03:00','2024-12-04 17:02:00'),(295,10,22,'2024-12-04 17:08:00','2024-12-04 17:07:00'),(296,9,22,'2024-12-04 17:12:00','2024-12-04 17:11:00'),(297,8,22,'2024-12-04 17:17:00','2024-12-04 17:16:00'),(298,7,22,'2024-12-04 17:22:00','2024-12-04 17:21:00'),(299,6,22,'2024-12-04 17:26:00','2024-12-04 17:25:00'),(300,5,22,'2024-12-04 17:30:00','2024-12-04 17:29:00'),(301,3,22,'2024-12-04 17:46:00','2024-12-04 17:45:00'),(302,2,22,'2024-12-04 17:53:00','2024-12-04 17:52:00'),(303,1,22,'2024-12-04 18:04:00','2024-12-04 18:04:00'),(304,16,23,'2024-12-04 17:09:00','2024-12-04 17:08:00'),(305,15,23,'2024-12-04 17:29:00','2024-12-04 17:18:00'),(306,14,23,'2024-12-04 17:30:00','2024-12-04 17:29:00'),(307,13,23,'2024-12-04 17:36:00','2024-12-04 17:35:00'),(308,8,23,'2024-12-04 17:50:00','2024-12-04 17:49:00'),(309,7,23,'2024-12-04 17:55:00','2024-12-04 17:54:00'),(310,6,23,'2024-12-04 18:00:00','2024-12-04 17:59:00'),(311,5,23,'2024-12-04 18:04:00','2024-12-04 18:04:00'),(312,4,23,'2024-12-04 18:13:00','2024-12-04 18:13:00'),(313,16,24,'2024-12-04 18:15:00','2024-12-04 18:14:00'),(314,14,24,'2024-12-04 18:31:00','2024-12-04 18:30:00'),(315,13,24,'2024-12-04 18:37:00','2024-12-04 18:36:00'),(316,9,24,'2024-12-04 18:47:00','2024-12-04 18:46:00'),(317,8,24,'2024-12-04 18:53:00','2024-12-04 18:52:00'),(318,7,24,'2024-12-04 18:58:00','2024-12-04 18:57:00'),(319,6,24,'2024-12-04 19:04:00','2024-12-04 19:03:00'),(320,5,24,'2024-12-04 19:08:00','2024-12-04 19:07:00'),(321,4,24,'2024-12-04 19:13:00','2024-12-04 19:12:00'),(322,3,24,'2024-12-04 19:25:00','2024-12-04 19:24:00'),(323,2,24,'2024-12-04 19:32:00','2024-12-04 19:31:00'),(324,1,24,'2024-12-04 19:43:00','2024-12-04 19:43:00'),(325,1,25,'2024-12-05 06:12:00','2024-12-05 06:11:00'),(326,2,25,'2024-12-05 06:18:00','2024-12-05 06:17:00'),(327,3,25,'2024-12-05 06:26:00','2024-12-05 06:25:00'),(328,5,25,'2024-12-05 06:41:00','2024-12-05 06:40:00'),(329,6,25,'2024-12-05 06:46:00','2024-12-05 06:45:00'),(330,7,25,'2024-12-05 06:51:00','2024-12-05 06:50:00'),(331,8,25,'2024-12-05 06:56:00','2024-12-05 06:55:00'),(332,9,25,'2024-12-05 07:04:00','2024-12-05 07:03:00'),(333,10,25,'2024-12-05 07:09:00','2024-12-05 07:08:00'),(334,11,25,'2024-12-05 07:15:00','2024-12-05 07:14:00'),(335,12,25,'2024-12-05 07:18:00','2024-12-05 07:17:00'),(336,13,25,'2024-12-05 07:23:00','2024-12-05 07:22:00'),(337,14,25,'2024-12-05 07:30:00','2024-12-05 07:29:00'),(338,15,25,'2024-12-05 07:38:00','2024-12-05 07:37:00'),(339,16,25,'2024-12-05 07:50:00','2024-12-05 07:50:00'),(340,1,26,'2024-12-05 07:24:00','2024-12-05 07:23:00'),(341,2,26,'2024-12-05 07:30:00','2024-12-05 07:29:00'),(342,3,26,'2024-12-05 07:37:00','2024-12-05 07:36:00'),(343,5,26,'2024-12-05 07:55:00','2024-12-05 07:54:00'),(344,6,26,'2024-12-05 08:00:00','2024-12-05 07:59:00'),(345,7,26,'2024-12-05 08:05:00','2024-12-05 08:04:00'),(346,8,26,'2024-12-05 08:10:00','2024-12-05 08:09:00'),(347,9,26,'2024-12-05 08:19:00','2024-12-05 08:18:00'),(348,10,26,'2024-12-05 08:24:00','2024-12-05 08:23:00'),(349,11,26,'2024-12-05 08:33:00','2024-12-05 08:32:00'),(350,12,26,'2024-12-05 08:36:00','2024-12-05 08:35:00'),(351,13,26,'2024-12-05 08:39:00','2024-12-05 08:38:00'),(352,14,26,'2024-12-05 08:45:00','2024-12-05 08:44:00'),(353,15,26,'2024-12-05 08:54:00','2024-12-05 08:53:00'),(354,16,26,'2024-12-05 09:06:00','2024-12-05 09:06:00'),(355,1,27,'2024-12-05 08:01:00','2024-12-05 08:00:00'),(356,2,27,'2024-12-05 08:08:00','2024-12-05 08:07:00'),(357,3,27,'2024-12-05 08:15:00','2024-12-05 08:14:00'),(358,5,27,'2024-12-05 08:36:00','2024-12-05 08:35:00'),(359,6,27,'2024-12-05 08:40:00','2024-12-05 08:39:00'),(360,7,27,'2024-12-05 08:45:00','2024-12-05 08:44:00'),(361,8,27,'2024-12-05 08:49:00','2024-12-05 08:48:00'),(362,9,27,'2024-12-05 08:55:00','2024-12-05 08:54:00'),(363,10,27,'2024-12-05 08:59:00','2024-12-05 08:58:00'),(364,11,27,'2024-12-05 09:05:00','2024-12-05 09:04:00'),(365,12,27,'2024-12-05 09:08:00','2024-12-05 09:07:00'),(366,13,27,'2024-12-05 09:12:00','2024-12-05 09:11:00'),(367,14,27,'2024-12-05 09:17:00','2024-12-05 09:16:00'),(368,15,27,'2024-12-05 09:25:00','2024-12-05 09:24:00'),(369,16,27,'2024-12-05 09:37:00','2024-12-05 09:37:00'),(370,16,28,'2024-12-05 16:31:00','2024-12-05 16:30:00'),(371,15,28,'2024-12-05 16:41:00','2024-12-05 16:40:00'),(372,14,28,'2024-12-05 16:50:00','2024-12-05 16:49:00'),(373,13,28,'2024-12-05 16:56:00','2024-12-05 16:55:00'),(374,12,28,'2024-12-05 17:00:00','2024-12-05 16:59:00'),(375,11,28,'2024-12-05 17:03:00','2024-12-05 17:02:00'),(376,10,28,'2024-12-05 17:08:00','2024-12-05 17:07:00'),(377,9,28,'2024-12-05 17:12:00','2024-12-05 17:11:00'),(378,8,28,'2024-12-05 17:17:00','2024-12-05 17:16:00'),(379,7,28,'2024-12-05 17:22:00','2024-12-05 17:21:00'),(380,6,28,'2024-12-05 17:26:00','2024-12-05 17:25:00'),(381,5,28,'2024-12-05 17:30:00','2024-12-05 17:29:00'),(382,3,28,'2024-12-05 17:46:00','2024-12-05 17:45:00'),(383,2,28,'2024-12-05 17:53:00','2024-12-05 17:52:00'),(384,1,28,'2024-12-05 18:04:00','2024-12-05 18:04:00'),(385,16,29,'2024-12-05 17:09:00','2024-12-05 17:08:00'),(386,15,29,'2024-12-05 17:29:00','2024-12-05 17:18:00'),(387,14,29,'2024-12-05 17:30:00','2024-12-05 17:29:00'),(388,13,29,'2024-12-05 17:36:00','2024-12-05 17:35:00'),(389,8,29,'2024-12-05 17:50:00','2024-12-05 17:49:00'),(390,7,29,'2024-12-05 17:55:00','2024-12-05 17:54:00'),(391,6,29,'2024-12-05 18:00:00','2024-12-05 17:59:00'),(392,5,29,'2024-12-05 18:04:00','2024-12-05 18:04:00'),(393,4,29,'2024-12-05 18:13:00','2024-12-05 18:13:00'),(394,16,30,'2024-12-05 18:15:00','2024-12-05 18:14:00'),(395,14,30,'2024-12-05 18:31:00','2024-12-05 18:30:00'),(396,13,30,'2024-12-05 18:37:00','2024-12-05 18:36:00'),(397,9,30,'2024-12-05 18:47:00','2024-12-05 18:46:00'),(398,8,30,'2024-12-05 18:53:00','2024-12-05 18:52:00'),(399,7,30,'2024-12-05 18:58:00','2024-12-05 18:57:00'),(400,6,30,'2024-12-05 19:04:00','2024-12-05 19:03:00'),(401,5,30,'2024-12-05 19:08:00','2024-12-05 19:07:00'),(402,4,30,'2024-12-05 19:13:00','2024-12-05 19:12:00'),(403,3,30,'2024-12-05 19:25:00','2024-12-05 19:24:00'),(404,2,30,'2024-12-05 19:32:00','2024-12-05 19:31:00'),(405,1,30,'2024-12-05 19:43:00','2024-12-05 19:43:00'),(406,1,31,'2024-12-06 06:12:00','2024-12-06 06:11:00'),(407,2,31,'2024-12-06 06:18:00','2024-12-06 06:17:00'),(408,3,31,'2024-12-06 06:26:00','2024-12-06 06:25:00'),(409,5,31,'2024-12-06 06:41:00','2024-12-06 06:40:00'),(410,6,31,'2024-12-06 06:46:00','2024-12-06 06:45:00'),(411,7,31,'2024-12-06 06:51:00','2024-12-06 06:50:00'),(412,8,31,'2024-12-06 06:56:00','2024-12-06 06:55:00'),(413,9,31,'2024-12-06 07:04:00','2024-12-06 07:03:00'),(414,10,31,'2024-12-06 07:09:00','2024-12-06 07:08:00'),(415,11,31,'2024-12-06 07:15:00','2024-12-06 07:14:00'),(416,12,31,'2024-12-06 07:18:00','2024-12-06 07:17:00'),(417,13,31,'2024-12-06 07:23:00','2024-12-06 07:22:00'),(418,14,31,'2024-12-06 07:30:00','2024-12-06 07:29:00'),(419,15,31,'2024-12-06 07:38:00','2024-12-06 07:37:00'),(420,16,31,'2024-12-06 07:50:00','2024-12-06 07:50:00'),(421,1,32,'2024-12-06 07:24:00','2024-12-06 07:23:00'),(422,2,32,'2024-12-06 07:30:00','2024-12-06 07:29:00'),(423,3,32,'2024-12-06 07:37:00','2024-12-06 07:36:00'),(424,5,32,'2024-12-06 07:55:00','2024-12-06 07:54:00'),(425,6,32,'2024-12-06 08:00:00','2024-12-06 07:59:00'),(426,7,32,'2024-12-06 08:05:00','2024-12-06 08:04:00'),(427,8,32,'2024-12-06 08:10:00','2024-12-06 08:09:00'),(428,9,32,'2024-12-06 08:19:00','2024-12-06 08:18:00'),(429,10,32,'2024-12-06 08:24:00','2024-12-06 08:23:00'),(430,11,32,'2024-12-06 08:33:00','2024-12-06 08:32:00'),(431,12,32,'2024-12-06 08:36:00','2024-12-06 08:35:00'),(432,13,32,'2024-12-06 08:39:00','2024-12-06 08:38:00'),(433,14,32,'2024-12-06 08:45:00','2024-12-06 08:44:00'),(434,15,32,'2024-12-06 08:54:00','2024-12-06 08:53:00'),(435,16,32,'2024-12-06 09:06:00','2024-12-06 09:06:00'),(436,1,33,'2024-12-06 08:01:00','2024-12-06 08:00:00'),(437,2,33,'2024-12-06 08:08:00','2024-12-06 08:07:00'),(438,3,33,'2024-12-06 08:15:00','2024-12-06 08:14:00'),(439,5,33,'2024-12-06 08:36:00','2024-12-06 08:35:00'),(440,6,33,'2024-12-06 08:40:00','2024-12-06 08:39:00'),(441,7,33,'2024-12-06 08:45:00','2024-12-06 08:44:00'),(442,8,33,'2024-12-06 08:49:00','2024-12-06 08:48:00'),(443,9,33,'2024-12-06 08:55:00','2024-12-06 08:54:00'),(444,10,33,'2024-12-06 08:59:00','2024-12-06 08:58:00'),(445,11,33,'2024-12-06 09:05:00','2024-12-06 09:04:00'),(446,12,33,'2024-12-06 09:08:00','2024-12-06 09:07:00'),(447,13,33,'2024-12-06 09:12:00','2024-12-06 09:11:00'),(448,14,33,'2024-12-06 09:17:00','2024-12-06 09:16:00'),(449,15,33,'2024-12-06 09:25:00','2024-12-06 09:24:00'),(450,16,33,'2024-12-06 09:37:00','2024-12-06 09:37:00'),(451,16,34,'2024-12-06 16:31:00','2024-12-06 16:30:00'),(452,15,34,'2024-12-06 16:41:00','2024-12-06 16:40:00'),(453,14,34,'2024-12-06 16:50:00','2024-12-06 16:49:00'),(454,13,34,'2024-12-06 16:56:00','2024-12-06 16:55:00'),(455,12,34,'2024-12-06 17:00:00','2024-12-06 16:59:00'),(456,11,34,'2024-12-06 17:03:00','2024-12-06 17:02:00'),(457,10,34,'2024-12-06 17:08:00','2024-12-06 17:07:00'),(458,9,34,'2024-12-06 17:12:00','2024-12-06 17:11:00'),(459,8,34,'2024-12-06 17:17:00','2024-12-06 17:16:00'),(460,7,34,'2024-12-06 17:22:00','2024-12-06 17:21:00'),(461,6,34,'2024-12-06 17:26:00','2024-12-06 17:25:00'),(462,5,34,'2024-12-06 17:30:00','2024-12-06 17:29:00'),(463,3,34,'2024-12-06 17:46:00','2024-12-06 17:45:00'),(464,2,34,'2024-12-06 17:53:00','2024-12-06 17:52:00'),(465,1,34,'2024-12-06 18:04:00','2024-12-06 18:04:00'),(466,16,35,'2024-12-06 17:09:00','2024-12-06 17:08:00'),(467,15,35,'2024-12-06 17:29:00','2024-12-06 17:18:00'),(468,14,35,'2024-12-06 17:30:00','2024-12-06 17:29:00'),(469,13,35,'2024-12-06 17:36:00','2024-12-06 17:35:00'),(470,8,35,'2024-12-06 17:50:00','2024-12-06 17:49:00'),(471,7,35,'2024-12-06 17:55:00','2024-12-06 17:54:00'),(472,6,35,'2024-12-06 18:00:00','2024-12-06 17:59:00'),(473,5,35,'2024-12-06 18:04:00','2024-12-06 18:04:00'),(474,4,35,'2024-12-06 18:13:00','2024-12-06 18:13:00'),(475,16,36,'2024-12-06 18:15:00','2024-12-06 18:14:00'),(476,14,36,'2024-12-06 18:31:00','2024-12-06 18:30:00'),(477,13,36,'2024-12-06 18:37:00','2024-12-06 18:36:00'),(478,9,36,'2024-12-06 18:47:00','2024-12-06 18:46:00'),(479,8,36,'2024-12-06 18:53:00','2024-12-06 18:52:00'),(480,7,36,'2024-12-06 18:58:00','2024-12-06 18:57:00'),(481,6,36,'2024-12-06 19:04:00','2024-12-06 19:03:00'),(482,5,36,'2024-12-06 19:08:00','2024-12-06 19:07:00'),(483,4,36,'2024-12-06 19:13:00','2024-12-06 19:12:00'),(484,3,36,'2024-12-06 19:25:00','2024-12-06 19:24:00'),(485,2,36,'2024-12-06 19:32:00','2024-12-06 19:31:00'),(486,1,36,'2024-12-06 19:43:00','2024-12-06 19:43:00'),(487,1,37,'2024-12-07 06:12:00','2024-12-07 06:11:00'),(488,2,37,'2024-12-07 06:18:00','2024-12-07 06:17:00'),(489,3,37,'2024-12-07 06:26:00','2024-12-07 06:25:00'),(490,5,37,'2024-12-07 06:41:00','2024-12-07 06:40:00'),(491,6,37,'2024-12-07 06:46:00','2024-12-07 06:45:00'),(492,7,37,'2024-12-07 06:51:00','2024-12-07 06:50:00'),(493,8,37,'2024-12-07 06:56:00','2024-12-07 06:55:00'),(494,9,37,'2024-12-07 07:04:00','2024-12-07 07:03:00'),(495,10,37,'2024-12-07 07:09:00','2024-12-07 07:08:00'),(496,11,37,'2024-12-07 07:15:00','2024-12-07 07:14:00'),(497,12,37,'2024-12-07 07:18:00','2024-12-07 07:17:00'),(498,13,37,'2024-12-07 07:23:00','2024-12-07 07:22:00'),(499,14,37,'2024-12-07 07:30:00','2024-12-07 07:29:00'),(500,15,37,'2024-12-07 07:38:00','2024-12-07 07:37:00'),(501,16,37,'2024-12-07 07:50:00','2024-12-07 07:50:00'),(502,1,38,'2024-12-07 07:24:00','2024-12-07 07:23:00'),(503,2,38,'2024-12-07 07:30:00','2024-12-07 07:29:00'),(504,3,38,'2024-12-07 07:37:00','2024-12-07 07:36:00'),(505,5,38,'2024-12-07 07:55:00','2024-12-07 07:54:00'),(506,6,38,'2024-12-07 08:00:00','2024-12-07 07:59:00'),(507,7,38,'2024-12-07 08:05:00','2024-12-07 08:04:00'),(508,8,38,'2024-12-07 08:10:00','2024-12-07 08:09:00'),(509,9,38,'2024-12-07 08:19:00','2024-12-07 08:18:00'),(510,10,38,'2024-12-07 08:24:00','2024-12-07 08:23:00'),(511,11,38,'2024-12-07 08:33:00','2024-12-07 08:32:00'),(512,12,38,'2024-12-07 08:36:00','2024-12-07 08:35:00'),(513,13,38,'2024-12-07 08:39:00','2024-12-07 08:38:00'),(514,14,38,'2024-12-07 08:45:00','2024-12-07 08:44:00'),(515,15,38,'2024-12-07 08:54:00','2024-12-07 08:53:00'),(516,16,38,'2024-12-07 09:06:00','2024-12-07 09:06:00'),(517,1,39,'2024-12-07 08:01:00','2024-12-07 08:00:00'),(518,2,39,'2024-12-07 08:08:00','2024-12-07 08:07:00'),(519,3,39,'2024-12-07 08:15:00','2024-12-07 08:14:00'),(520,5,39,'2024-12-07 08:36:00','2024-12-07 08:35:00'),(521,6,39,'2024-12-07 08:40:00','2024-12-07 08:39:00'),(522,7,39,'2024-12-07 08:45:00','2024-12-07 08:44:00'),(523,8,39,'2024-12-07 08:49:00','2024-12-07 08:48:00'),(524,9,39,'2024-12-07 08:55:00','2024-12-07 08:54:00'),(525,10,39,'2024-12-07 08:59:00','2024-12-07 08:58:00'),(526,11,39,'2024-12-07 09:05:00','2024-12-07 09:04:00'),(527,12,39,'2024-12-07 09:08:00','2024-12-07 09:07:00'),(528,13,39,'2024-12-07 09:12:00','2024-12-07 09:11:00'),(529,14,39,'2024-12-07 09:17:00','2024-12-07 09:16:00'),(530,15,39,'2024-12-07 09:25:00','2024-12-07 09:24:00'),(531,16,39,'2024-12-07 09:37:00','2024-12-07 09:37:00'),(532,16,40,'2024-12-07 16:31:00','2024-12-07 16:30:00'),(533,15,40,'2024-12-07 16:41:00','2024-12-07 16:40:00'),(534,14,40,'2024-12-07 16:50:00','2024-12-07 16:49:00'),(535,13,40,'2024-12-07 16:56:00','2024-12-07 16:55:00'),(536,12,40,'2024-12-07 17:00:00','2024-12-07 16:59:00'),(537,11,40,'2024-12-07 17:03:00','2024-12-07 17:02:00'),(538,10,40,'2024-12-07 17:08:00','2024-12-07 17:07:00'),(539,9,40,'2024-12-07 17:12:00','2024-12-07 17:11:00'),(540,8,40,'2024-12-07 17:17:00','2024-12-07 17:16:00'),(541,7,40,'2024-12-07 17:22:00','2024-12-07 17:21:00'),(542,6,40,'2024-12-07 17:26:00','2024-12-07 17:25:00'),(543,5,40,'2024-12-07 17:30:00','2024-12-07 17:29:00'),(544,3,40,'2024-12-07 17:46:00','2024-12-07 17:45:00'),(545,2,40,'2024-12-07 17:53:00','2024-12-07 17:52:00'),(546,1,40,'2024-12-07 18:04:00','2024-12-07 18:04:00'),(547,16,41,'2024-12-07 17:09:00','2024-12-07 17:08:00'),(548,15,41,'2024-12-07 17:29:00','2024-12-07 17:18:00'),(549,14,41,'2024-12-07 17:30:00','2024-12-07 17:29:00'),(550,13,41,'2024-12-07 17:36:00','2024-12-07 17:35:00'),(551,8,41,'2024-12-07 17:50:00','2024-12-07 17:49:00'),(552,7,41,'2024-12-07 17:55:00','2024-12-07 17:54:00'),(553,6,41,'2024-12-07 18:00:00','2024-12-07 17:59:00'),(554,5,41,'2024-12-07 18:04:00','2024-12-07 18:04:00'),(555,4,41,'2024-12-07 18:13:00','2024-12-07 18:13:00'),(556,16,42,'2024-12-07 18:15:00','2024-12-07 18:14:00'),(557,14,42,'2024-12-07 18:31:00','2024-12-07 18:30:00'),(558,13,42,'2024-12-07 18:37:00','2024-12-07 18:36:00'),(559,9,42,'2024-12-07 18:47:00','2024-12-07 18:46:00'),(560,8,42,'2024-12-07 18:53:00','2024-12-07 18:52:00'),(561,7,42,'2024-12-07 18:58:00','2024-12-07 18:57:00'),(562,6,42,'2024-12-07 19:04:00','2024-12-07 19:03:00'),(563,5,42,'2024-12-07 19:08:00','2024-12-07 19:07:00'),(564,4,42,'2024-12-07 19:13:00','2024-12-07 19:12:00'),(565,3,42,'2024-12-07 19:25:00','2024-12-07 19:24:00'),(566,2,42,'2024-12-07 19:32:00','2024-12-07 19:31:00'),(567,1,42,'2024-12-07 19:43:00','2024-12-07 19:43:00'),(568,1,43,'2024-12-08 06:12:00','2024-12-08 06:11:00'),(569,2,43,'2024-12-08 06:18:00','2024-12-08 06:17:00'),(570,3,43,'2024-12-08 06:26:00','2024-12-08 06:25:00'),(571,5,43,'2024-12-08 06:41:00','2024-12-08 06:40:00'),(572,6,43,'2024-12-08 06:46:00','2024-12-08 06:45:00'),(573,7,43,'2024-12-08 06:51:00','2024-12-08 06:50:00'),(574,8,43,'2024-12-08 06:56:00','2024-12-08 06:55:00'),(575,9,43,'2024-12-08 07:04:00','2024-12-08 07:03:00'),(576,10,43,'2024-12-08 07:09:00','2024-12-08 07:08:00'),(577,11,43,'2024-12-08 07:15:00','2024-12-08 07:14:00'),(578,12,43,'2024-12-08 07:18:00','2024-12-08 07:17:00'),(579,13,43,'2024-12-08 07:23:00','2024-12-08 07:22:00'),(580,14,43,'2024-12-08 07:30:00','2024-12-08 07:29:00'),(581,15,43,'2024-12-08 07:38:00','2024-12-08 07:37:00'),(582,16,43,'2024-12-08 07:50:00','2024-12-08 07:50:00'),(583,1,44,'2024-12-08 07:24:00','2024-12-08 07:23:00'),(584,2,44,'2024-12-08 07:30:00','2024-12-08 07:29:00'),(585,3,44,'2024-12-08 07:37:00','2024-12-08 07:36:00'),(586,5,44,'2024-12-08 07:55:00','2024-12-08 07:54:00'),(587,6,44,'2024-12-08 08:00:00','2024-12-08 07:59:00'),(588,7,44,'2024-12-08 08:05:00','2024-12-08 08:04:00'),(589,8,44,'2024-12-08 08:10:00','2024-12-08 08:09:00'),(590,9,44,'2024-12-08 08:19:00','2024-12-08 08:18:00'),(591,10,44,'2024-12-08 08:24:00','2024-12-08 08:23:00'),(592,11,44,'2024-12-08 08:33:00','2024-12-08 08:32:00'),(593,12,44,'2024-12-08 08:36:00','2024-12-08 08:35:00'),(594,13,44,'2024-12-08 08:39:00','2024-12-08 08:38:00'),(595,14,44,'2024-12-08 08:45:00','2024-12-08 08:44:00'),(596,15,44,'2024-12-08 08:54:00','2024-12-08 08:53:00'),(597,16,44,'2024-12-08 09:06:00','2024-12-08 09:06:00'),(598,1,45,'2024-12-08 08:01:00','2024-12-08 08:00:00'),(599,2,45,'2024-12-08 08:08:00','2024-12-08 08:07:00'),(600,3,45,'2024-12-08 08:15:00','2024-12-08 08:14:00'),(601,5,45,'2024-12-08 08:36:00','2024-12-08 08:35:00'),(602,6,45,'2024-12-08 08:40:00','2024-12-08 08:39:00'),(603,7,45,'2024-12-08 08:45:00','2024-12-08 08:44:00'),(604,8,45,'2024-12-08 08:49:00','2024-12-08 08:48:00'),(605,9,45,'2024-12-08 08:55:00','2024-12-08 08:54:00'),(606,10,45,'2024-12-08 08:59:00','2024-12-08 08:58:00'),(607,11,45,'2024-12-08 09:05:00','2024-12-08 09:04:00'),(608,12,45,'2024-12-08 09:08:00','2024-12-08 09:07:00'),(609,13,45,'2024-12-08 09:12:00','2024-12-08 09:11:00'),(610,14,45,'2024-12-08 09:17:00','2024-12-08 09:16:00'),(611,15,45,'2024-12-08 09:25:00','2024-12-08 09:24:00'),(612,16,45,'2024-12-08 09:37:00','2024-12-08 09:37:00'),(613,16,46,'2024-12-08 16:31:00','2024-12-08 16:30:00'),(614,15,46,'2024-12-08 16:41:00','2024-12-08 16:40:00'),(615,14,46,'2024-12-08 16:50:00','2024-12-08 16:49:00'),(616,13,46,'2024-12-08 16:56:00','2024-12-08 16:55:00'),(617,12,46,'2024-12-08 17:00:00','2024-12-08 16:59:00'),(618,11,46,'2024-12-08 17:03:00','2024-12-08 17:02:00'),(619,10,46,'2024-12-08 17:08:00','2024-12-08 17:07:00'),(620,9,46,'2024-12-08 17:12:00','2024-12-08 17:11:00'),(621,8,46,'2024-12-08 17:17:00','2024-12-08 17:16:00'),(622,7,46,'2024-12-08 17:22:00','2024-12-08 17:21:00'),(623,6,46,'2024-12-08 17:26:00','2024-12-08 17:25:00'),(624,5,46,'2024-12-08 17:30:00','2024-12-08 17:29:00'),(625,3,46,'2024-12-08 17:46:00','2024-12-08 17:45:00'),(626,2,46,'2024-12-08 17:53:00','2024-12-08 17:52:00'),(627,1,46,'2024-12-08 18:04:00','2024-12-08 18:04:00'),(628,16,47,'2024-12-08 17:09:00','2024-12-08 17:08:00'),(629,15,47,'2024-12-08 17:29:00','2024-12-08 17:18:00'),(630,14,47,'2024-12-08 17:30:00','2024-12-08 17:29:00'),(631,13,47,'2024-12-08 17:36:00','2024-12-08 17:35:00'),(632,8,47,'2024-12-08 17:50:00','2024-12-08 17:49:00'),(633,7,47,'2024-12-08 17:55:00','2024-12-08 17:54:00'),(634,6,47,'2024-12-08 18:00:00','2024-12-08 17:59:00'),(635,5,47,'2024-12-08 18:04:00','2024-12-08 18:04:00'),(636,4,47,'2024-12-08 18:13:00','2024-12-08 18:13:00'),(637,16,48,'2024-12-08 18:15:00','2024-12-08 18:14:00'),(638,14,48,'2024-12-08 18:31:00','2024-12-08 18:30:00'),(639,13,48,'2024-12-08 18:37:00','2024-12-08 18:36:00'),(640,9,48,'2024-12-08 18:47:00','2024-12-08 18:46:00'),(641,8,48,'2024-12-08 18:53:00','2024-12-08 18:52:00'),(642,7,48,'2024-12-08 18:58:00','2024-12-08 18:57:00'),(643,6,48,'2024-12-08 19:04:00','2024-12-08 19:03:00'),(644,5,48,'2024-12-08 19:08:00','2024-12-08 19:07:00'),(645,4,48,'2024-12-08 19:13:00','2024-12-08 19:12:00'),(646,3,48,'2024-12-08 19:25:00','2024-12-08 19:24:00'),(647,2,48,'2024-12-08 19:32:00','2024-12-08 19:31:00'),(648,1,48,'2024-12-08 19:43:00','2024-12-08 19:43:00'),(649,1,49,'2024-12-09 06:12:00','2024-12-09 06:11:00'),(650,2,49,'2024-12-09 06:18:00','2024-12-09 06:17:00'),(651,3,49,'2024-12-09 06:26:00','2024-12-09 06:25:00'),(652,5,49,'2024-12-09 06:41:00','2024-12-09 06:40:00'),(653,6,49,'2024-12-09 06:46:00','2024-12-09 06:45:00'),(654,7,49,'2024-12-09 06:51:00','2024-12-09 06:50:00'),(655,8,49,'2024-12-09 06:56:00','2024-12-09 06:55:00'),(656,9,49,'2024-12-09 07:04:00','2024-12-09 07:03:00'),(657,10,49,'2024-12-09 07:09:00','2024-12-09 07:08:00'),(658,11,49,'2024-12-09 07:15:00','2024-12-09 07:14:00'),(659,12,49,'2024-12-09 07:18:00','2024-12-09 07:17:00'),(660,13,49,'2024-12-09 07:23:00','2024-12-09 07:22:00'),(661,14,49,'2024-12-09 07:30:00','2024-12-09 07:29:00'),(662,15,49,'2024-12-09 07:38:00','2024-12-09 07:37:00'),(663,16,49,'2024-12-09 07:50:00','2024-12-09 07:50:00'),(664,1,50,'2024-12-09 07:24:00','2024-12-09 07:23:00'),(665,2,50,'2024-12-09 07:30:00','2024-12-09 07:29:00'),(666,3,50,'2024-12-09 07:37:00','2024-12-09 07:36:00'),(667,5,50,'2024-12-09 07:55:00','2024-12-09 07:54:00'),(668,6,50,'2024-12-09 08:00:00','2024-12-09 07:59:00'),(669,7,50,'2024-12-09 08:05:00','2024-12-09 08:04:00'),(670,8,50,'2024-12-09 08:10:00','2024-12-09 08:09:00'),(671,9,50,'2024-12-09 08:19:00','2024-12-09 08:18:00'),(672,10,50,'2024-12-09 08:24:00','2024-12-09 08:23:00'),(673,11,50,'2024-12-09 08:33:00','2024-12-09 08:32:00'),(674,12,50,'2024-12-09 08:36:00','2024-12-09 08:35:00'),(675,13,50,'2024-12-09 08:39:00','2024-12-09 08:38:00'),(676,14,50,'2024-12-09 08:45:00','2024-12-09 08:44:00'),(677,15,50,'2024-12-09 08:54:00','2024-12-09 08:53:00'),(678,16,50,'2024-12-09 09:06:00','2024-12-09 09:06:00'),(679,1,51,'2024-12-09 08:01:00','2024-12-09 08:00:00'),(680,2,51,'2024-12-09 08:08:00','2024-12-09 08:07:00'),(681,3,51,'2024-12-09 08:15:00','2024-12-09 08:14:00'),(682,5,51,'2024-12-09 08:36:00','2024-12-09 08:35:00'),(683,6,51,'2024-12-09 08:40:00','2024-12-09 08:39:00'),(684,7,51,'2024-12-09 08:45:00','2024-12-09 08:44:00'),(685,8,51,'2024-12-09 08:49:00','2024-12-09 08:48:00'),(686,9,51,'2024-12-09 08:55:00','2024-12-09 08:54:00'),(687,10,51,'2024-12-09 08:59:00','2024-12-09 08:58:00'),(688,11,51,'2024-12-09 09:05:00','2024-12-09 09:04:00'),(689,12,51,'2024-12-09 09:08:00','2024-12-09 09:07:00'),(690,13,51,'2024-12-09 09:12:00','2024-12-09 09:11:00'),(691,14,51,'2024-12-09 09:17:00','2024-12-09 09:16:00'),(692,15,51,'2024-12-09 09:25:00','2024-12-09 09:24:00'),(693,16,51,'2024-12-09 09:37:00','2024-12-09 09:37:00'),(694,16,52,'2024-12-09 16:31:00','2024-12-09 16:30:00'),(695,15,52,'2024-12-09 16:41:00','2024-12-09 16:40:00'),(696,14,52,'2024-12-09 16:50:00','2024-12-09 16:49:00'),(697,13,52,'2024-12-09 16:56:00','2024-12-09 16:55:00'),(698,12,52,'2024-12-09 17:00:00','2024-12-09 16:59:00'),(699,11,52,'2024-12-09 17:03:00','2024-12-09 17:02:00'),(700,10,52,'2024-12-09 17:08:00','2024-12-09 17:07:00'),(701,9,52,'2024-12-09 17:12:00','2024-12-09 17:11:00'),(702,8,52,'2024-12-09 17:17:00','2024-12-09 17:16:00'),(703,7,52,'2024-12-09 17:22:00','2024-12-09 17:21:00'),(704,6,52,'2024-12-09 17:26:00','2024-12-09 17:25:00'),(705,5,52,'2024-12-09 17:30:00','2024-12-09 17:29:00'),(706,3,52,'2024-12-09 17:46:00','2024-12-09 17:45:00'),(707,2,52,'2024-12-09 17:53:00','2024-12-09 17:52:00'),(708,1,52,'2024-12-09 18:04:00','2024-12-09 18:04:00'),(709,16,53,'2024-12-09 17:09:00','2024-12-09 17:08:00'),(710,15,53,'2024-12-09 17:29:00','2024-12-09 17:18:00'),(711,14,53,'2024-12-09 17:30:00','2024-12-09 17:29:00'),(712,13,53,'2024-12-09 17:36:00','2024-12-09 17:35:00'),(713,8,53,'2024-12-09 17:50:00','2024-12-09 17:49:00'),(714,7,53,'2024-12-09 17:55:00','2024-12-09 17:54:00'),(715,6,53,'2024-12-09 18:00:00','2024-12-09 17:59:00'),(716,5,53,'2024-12-09 18:04:00','2024-12-09 18:04:00'),(717,4,53,'2024-12-09 18:13:00','2024-12-09 18:13:00'),(718,16,54,'2024-12-09 18:15:00','2024-12-09 18:14:00'),(719,14,54,'2024-12-09 18:31:00','2024-12-09 18:30:00'),(720,13,54,'2024-12-09 18:37:00','2024-12-09 18:36:00'),(721,9,54,'2024-12-09 18:47:00','2024-12-09 18:46:00'),(722,8,54,'2024-12-09 18:53:00','2024-12-09 18:52:00'),(723,7,54,'2024-12-09 18:58:00','2024-12-09 18:57:00'),(724,6,54,'2024-12-09 19:04:00','2024-12-09 19:03:00'),(725,5,54,'2024-12-09 19:08:00','2024-12-09 19:07:00'),(726,4,54,'2024-12-09 19:13:00','2024-12-09 19:12:00'),(727,3,54,'2024-12-09 19:25:00','2024-12-09 19:24:00'),(728,2,54,'2024-12-09 19:32:00','2024-12-09 19:31:00'),(729,1,54,'2024-12-09 19:43:00','2024-12-09 19:43:00'),(730,1,55,'2024-12-10 06:12:00','2024-12-10 06:11:00'),(731,2,55,'2024-12-10 06:18:00','2024-12-10 06:17:00'),(732,3,55,'2024-12-10 06:26:00','2024-12-10 06:25:00'),(733,5,55,'2024-12-10 06:41:00','2024-12-10 06:40:00'),(734,6,55,'2024-12-10 06:46:00','2024-12-10 06:45:00'),(735,7,55,'2024-12-10 06:51:00','2024-12-10 06:50:00'),(736,8,55,'2024-12-10 06:56:00','2024-12-10 06:55:00'),(737,9,55,'2024-12-10 07:04:00','2024-12-10 07:03:00'),(738,10,55,'2024-12-10 07:09:00','2024-12-10 07:08:00'),(739,11,55,'2024-12-10 07:15:00','2024-12-10 07:14:00'),(740,12,55,'2024-12-10 07:18:00','2024-12-10 07:17:00'),(741,13,55,'2024-12-10 07:23:00','2024-12-10 07:22:00'),(742,14,55,'2024-12-10 07:30:00','2024-12-10 07:29:00'),(743,15,55,'2024-12-10 07:38:00','2024-12-10 07:37:00'),(744,16,55,'2024-12-10 07:50:00','2024-12-10 07:50:00'),(745,1,56,'2024-12-10 07:24:00','2024-12-10 07:23:00'),(746,2,56,'2024-12-10 07:30:00','2024-12-10 07:29:00'),(747,3,56,'2024-12-10 07:37:00','2024-12-10 07:36:00'),(748,5,56,'2024-12-10 07:55:00','2024-12-10 07:54:00'),(749,6,56,'2024-12-10 08:00:00','2024-12-10 07:59:00'),(750,7,56,'2024-12-10 08:05:00','2024-12-10 08:04:00'),(751,8,56,'2024-12-10 08:10:00','2024-12-10 08:09:00'),(752,9,56,'2024-12-10 08:19:00','2024-12-10 08:18:00'),(753,10,56,'2024-12-10 08:24:00','2024-12-10 08:23:00'),(754,11,56,'2024-12-10 08:33:00','2024-12-10 08:32:00'),(755,12,56,'2024-12-10 08:36:00','2024-12-10 08:35:00'),(756,13,56,'2024-12-10 08:39:00','2024-12-10 08:38:00'),(757,14,56,'2024-12-10 08:45:00','2024-12-10 08:44:00'),(758,15,56,'2024-12-10 08:54:00','2024-12-10 08:53:00'),(759,16,56,'2024-12-10 09:06:00','2024-12-10 09:06:00'),(760,1,57,'2024-12-10 08:01:00','2024-12-10 08:00:00'),(761,2,57,'2024-12-10 08:08:00','2024-12-10 08:07:00'),(762,3,57,'2024-12-10 08:15:00','2024-12-10 08:14:00'),(763,5,57,'2024-12-10 08:36:00','2024-12-10 08:35:00'),(764,6,57,'2024-12-10 08:40:00','2024-12-10 08:39:00'),(765,7,57,'2024-12-10 08:45:00','2024-12-10 08:44:00'),(766,8,57,'2024-12-10 08:49:00','2024-12-10 08:48:00'),(767,9,57,'2024-12-10 08:55:00','2024-12-10 08:54:00'),(768,10,57,'2024-12-10 08:59:00','2024-12-10 08:58:00'),(769,11,57,'2024-12-10 09:05:00','2024-12-10 09:04:00'),(770,12,57,'2024-12-10 09:08:00','2024-12-10 09:07:00'),(771,13,57,'2024-12-10 09:12:00','2024-12-10 09:11:00'),(772,14,57,'2024-12-10 09:17:00','2024-12-10 09:16:00'),(773,15,57,'2024-12-10 09:25:00','2024-12-10 09:24:00'),(774,16,57,'2024-12-10 09:37:00','2024-12-10 09:37:00'),(775,16,58,'2024-12-10 16:31:00','2024-12-10 16:30:00'),(776,15,58,'2024-12-10 16:41:00','2024-12-10 16:40:00'),(777,14,58,'2024-12-10 16:50:00','2024-12-10 16:49:00'),(778,13,58,'2024-12-10 16:56:00','2024-12-10 16:55:00'),(779,12,58,'2024-12-10 17:00:00','2024-12-10 16:59:00'),(780,11,58,'2024-12-10 17:03:00','2024-12-10 17:02:00'),(781,10,58,'2024-12-10 17:08:00','2024-12-10 17:07:00'),(782,9,58,'2024-12-10 17:12:00','2024-12-10 17:11:00'),(783,8,58,'2024-12-10 17:17:00','2024-12-10 17:16:00'),(784,7,58,'2024-12-10 17:22:00','2024-12-10 17:21:00'),(785,6,58,'2024-12-10 17:26:00','2024-12-10 17:25:00'),(786,5,58,'2024-12-10 17:30:00','2024-12-10 17:29:00'),(787,3,58,'2024-12-10 17:46:00','2024-12-10 17:45:00'),(788,2,58,'2024-12-10 17:53:00','2024-12-10 17:52:00'),(789,1,58,'2024-12-10 18:04:00','2024-12-10 18:04:00'),(790,16,59,'2024-12-10 17:09:00','2024-12-10 17:08:00'),(791,15,59,'2024-12-10 17:29:00','2024-12-10 17:18:00'),(792,14,59,'2024-12-10 17:30:00','2024-12-10 17:29:00'),(793,13,59,'2024-12-10 17:36:00','2024-12-10 17:35:00'),(794,8,59,'2024-12-10 17:50:00','2024-12-10 17:49:00'),(795,7,59,'2024-12-10 17:55:00','2024-12-10 17:54:00'),(796,6,59,'2024-12-10 18:00:00','2024-12-10 17:59:00'),(797,5,59,'2024-12-10 18:04:00','2024-12-10 18:04:00'),(798,4,59,'2024-12-10 18:13:00','2024-12-10 18:13:00'),(799,16,60,'2024-12-10 18:15:00','2024-12-10 18:14:00'),(800,14,60,'2024-12-10 18:31:00','2024-12-10 18:30:00'),(801,13,60,'2024-12-10 18:37:00','2024-12-10 18:36:00'),(802,9,60,'2024-12-10 18:47:00','2024-12-10 18:46:00'),(803,8,60,'2024-12-10 18:53:00','2024-12-10 18:52:00'),(804,7,60,'2024-12-10 18:58:00','2024-12-10 18:57:00'),(805,6,60,'2024-12-10 19:04:00','2024-12-10 19:03:00'),(806,5,60,'2024-12-10 19:08:00','2024-12-10 19:07:00'),(807,4,60,'2024-12-10 19:13:00','2024-12-10 19:12:00'),(808,3,60,'2024-12-10 19:25:00','2024-12-10 19:24:00'),(809,2,60,'2024-12-10 19:32:00','2024-12-10 19:31:00'),(810,1,60,'2024-12-10 19:43:00','2024-12-10 19:43:00'),(811,1,61,'2024-12-11 06:12:00','2024-12-11 06:11:00'),(812,2,61,'2024-12-11 06:18:00','2024-12-11 06:17:00'),(813,3,61,'2024-12-11 06:26:00','2024-12-11 06:25:00'),(814,5,61,'2024-12-11 06:41:00','2024-12-11 06:40:00'),(815,6,61,'2024-12-11 06:46:00','2024-12-11 06:45:00'),(816,7,61,'2024-12-11 06:51:00','2024-12-11 06:50:00'),(817,8,61,'2024-12-11 06:56:00','2024-12-11 06:55:00'),(818,9,61,'2024-12-11 07:04:00','2024-12-11 07:03:00'),(819,10,61,'2024-12-11 07:09:00','2024-12-11 07:08:00'),(820,11,61,'2024-12-11 07:15:00','2024-12-11 07:14:00'),(821,12,61,'2024-12-11 07:18:00','2024-12-11 07:17:00'),(822,13,61,'2024-12-11 07:23:00','2024-12-11 07:22:00'),(823,14,61,'2024-12-11 07:30:00','2024-12-11 07:29:00'),(824,15,61,'2024-12-11 07:38:00','2024-12-11 07:37:00'),(825,16,61,'2024-12-11 07:50:00','2024-12-11 07:50:00'),(826,1,62,'2024-12-11 07:24:00','2024-12-11 07:23:00'),(827,2,62,'2024-12-11 07:30:00','2024-12-11 07:29:00'),(828,3,62,'2024-12-11 07:37:00','2024-12-11 07:36:00'),(829,5,62,'2024-12-11 07:55:00','2024-12-11 07:54:00'),(830,6,62,'2024-12-11 08:00:00','2024-12-11 07:59:00'),(831,7,62,'2024-12-11 08:05:00','2024-12-11 08:04:00'),(832,8,62,'2024-12-11 08:10:00','2024-12-11 08:09:00'),(833,9,62,'2024-12-11 08:19:00','2024-12-11 08:18:00'),(834,10,62,'2024-12-11 08:24:00','2024-12-11 08:23:00'),(835,11,62,'2024-12-11 08:33:00','2024-12-11 08:32:00'),(836,12,62,'2024-12-11 08:36:00','2024-12-11 08:35:00'),(837,13,62,'2024-12-11 08:39:00','2024-12-11 08:38:00'),(838,14,62,'2024-12-11 08:45:00','2024-12-11 08:44:00'),(839,15,62,'2024-12-11 08:54:00','2024-12-11 08:53:00'),(840,16,62,'2024-12-11 09:06:00','2024-12-11 09:06:00'),(841,1,63,'2024-12-11 08:01:00','2024-12-11 08:00:00'),(842,2,63,'2024-12-11 08:08:00','2024-12-11 08:07:00'),(843,3,63,'2024-12-11 08:15:00','2024-12-11 08:14:00'),(844,5,63,'2024-12-11 08:36:00','2024-12-11 08:35:00'),(845,6,63,'2024-12-11 08:40:00','2024-12-11 08:39:00'),(846,7,63,'2024-12-11 08:45:00','2024-12-11 08:44:00'),(847,8,63,'2024-12-11 08:49:00','2024-12-11 08:48:00'),(848,9,63,'2024-12-11 08:55:00','2024-12-11 08:54:00'),(849,10,63,'2024-12-11 08:59:00','2024-12-11 08:58:00'),(850,11,63,'2024-12-11 09:05:00','2024-12-11 09:04:00'),(851,12,63,'2024-12-11 09:08:00','2024-12-11 09:07:00'),(852,13,63,'2024-12-11 09:12:00','2024-12-11 09:11:00'),(853,14,63,'2024-12-11 09:17:00','2024-12-11 09:16:00'),(854,15,63,'2024-12-11 09:25:00','2024-12-11 09:24:00'),(855,16,63,'2024-12-11 09:37:00','2024-12-11 09:37:00'),(856,16,64,'2024-12-11 16:31:00','2024-12-11 16:30:00'),(857,15,64,'2024-12-11 16:41:00','2024-12-11 16:40:00'),(858,14,64,'2024-12-11 16:50:00','2024-12-11 16:49:00'),(859,13,64,'2024-12-11 16:56:00','2024-12-11 16:55:00'),(860,12,64,'2024-12-11 17:00:00','2024-12-11 16:59:00'),(861,11,64,'2024-12-11 17:03:00','2024-12-11 17:02:00'),(862,10,64,'2024-12-11 17:08:00','2024-12-11 17:07:00'),(863,9,64,'2024-12-11 17:12:00','2024-12-11 17:11:00'),(864,8,64,'2024-12-11 17:17:00','2024-12-11 17:16:00'),(865,7,64,'2024-12-11 17:22:00','2024-12-11 17:21:00'),(866,6,64,'2024-12-11 17:26:00','2024-12-11 17:25:00'),(867,5,64,'2024-12-11 17:30:00','2024-12-11 17:29:00'),(868,3,64,'2024-12-11 17:46:00','2024-12-11 17:45:00'),(869,2,64,'2024-12-11 17:53:00','2024-12-11 17:52:00'),(870,1,64,'2024-12-11 18:04:00','2024-12-11 18:04:00'),(871,16,65,'2024-12-11 17:09:00','2024-12-11 17:08:00'),(872,15,65,'2024-12-11 17:29:00','2024-12-11 17:18:00'),(873,14,65,'2024-12-11 17:30:00','2024-12-11 17:29:00'),(874,13,65,'2024-12-11 17:36:00','2024-12-11 17:35:00'),(875,8,65,'2024-12-11 17:50:00','2024-12-11 17:49:00'),(876,7,65,'2024-12-11 17:55:00','2024-12-11 17:54:00'),(877,6,65,'2024-12-11 18:00:00','2024-12-11 17:59:00'),(878,5,65,'2024-12-11 18:04:00','2024-12-11 18:04:00'),(879,4,65,'2024-12-11 18:13:00','2024-12-11 18:13:00'),(880,16,66,'2024-12-11 18:15:00','2024-12-11 18:14:00'),(881,14,66,'2024-12-11 18:31:00','2024-12-11 18:30:00'),(882,13,66,'2024-12-11 18:37:00','2024-12-11 18:36:00'),(883,9,66,'2024-12-11 18:47:00','2024-12-11 18:46:00'),(884,8,66,'2024-12-11 18:53:00','2024-12-11 18:52:00'),(885,7,66,'2024-12-11 18:58:00','2024-12-11 18:57:00'),(886,6,66,'2024-12-11 19:04:00','2024-12-11 19:03:00'),(887,5,66,'2024-12-11 19:08:00','2024-12-11 19:07:00'),(888,4,66,'2024-12-11 19:13:00','2024-12-11 19:12:00'),(889,3,66,'2024-12-11 19:25:00','2024-12-11 19:24:00'),(890,2,66,'2024-12-11 19:32:00','2024-12-11 19:31:00'),(891,1,66,'2024-12-11 19:43:00','2024-12-11 19:43:00'),(892,1,67,'2024-12-12 06:12:00','2024-12-12 06:11:00'),(893,2,67,'2024-12-12 06:18:00','2024-12-12 06:17:00'),(894,3,67,'2024-12-12 06:26:00','2024-12-12 06:25:00'),(895,5,67,'2024-12-12 06:41:00','2024-12-12 06:40:00'),(896,6,67,'2024-12-12 06:46:00','2024-12-12 06:45:00'),(897,7,67,'2024-12-12 06:51:00','2024-12-12 06:50:00'),(898,8,67,'2024-12-12 06:56:00','2024-12-12 06:55:00'),(899,9,67,'2024-12-12 07:04:00','2024-12-12 07:03:00'),(900,10,67,'2024-12-12 07:09:00','2024-12-12 07:08:00'),(901,11,67,'2024-12-12 07:15:00','2024-12-12 07:14:00'),(902,12,67,'2024-12-12 07:18:00','2024-12-12 07:17:00'),(903,13,67,'2024-12-12 07:23:00','2024-12-12 07:22:00'),(904,14,67,'2024-12-12 07:30:00','2024-12-12 07:29:00'),(905,15,67,'2024-12-12 07:38:00','2024-12-12 07:37:00'),(906,16,67,'2024-12-12 07:50:00','2024-12-12 07:50:00'),(907,1,68,'2024-12-12 07:24:00','2024-12-12 07:23:00'),(908,2,68,'2024-12-12 07:30:00','2024-12-12 07:29:00'),(909,3,68,'2024-12-12 07:37:00','2024-12-12 07:36:00'),(910,5,68,'2024-12-12 07:55:00','2024-12-12 07:54:00'),(911,6,68,'2024-12-12 08:00:00','2024-12-12 07:59:00'),(912,7,68,'2024-12-12 08:05:00','2024-12-12 08:04:00'),(913,8,68,'2024-12-12 08:10:00','2024-12-12 08:09:00'),(914,9,68,'2024-12-12 08:19:00','2024-12-12 08:18:00'),(915,10,68,'2024-12-12 08:24:00','2024-12-12 08:23:00'),(916,11,68,'2024-12-12 08:33:00','2024-12-12 08:32:00'),(917,12,68,'2024-12-12 08:36:00','2024-12-12 08:35:00'),(918,13,68,'2024-12-12 08:39:00','2024-12-12 08:38:00'),(919,14,68,'2024-12-12 08:45:00','2024-12-12 08:44:00'),(920,15,68,'2024-12-12 08:54:00','2024-12-12 08:53:00'),(921,16,68,'2024-12-12 09:06:00','2024-12-12 09:06:00'),(922,1,69,'2024-12-12 08:01:00','2024-12-12 08:00:00'),(923,2,69,'2024-12-12 08:08:00','2024-12-12 08:07:00'),(924,3,69,'2024-12-12 08:15:00','2024-12-12 08:14:00'),(925,5,69,'2024-12-12 08:36:00','2024-12-12 08:35:00'),(926,6,69,'2024-12-12 08:40:00','2024-12-12 08:39:00'),(927,7,69,'2024-12-12 08:45:00','2024-12-12 08:44:00'),(928,8,69,'2024-12-12 08:49:00','2024-12-12 08:48:00'),(929,9,69,'2024-12-12 08:55:00','2024-12-12 08:54:00'),(930,10,69,'2024-12-12 08:59:00','2024-12-12 08:58:00'),(931,11,69,'2024-12-12 09:05:00','2024-12-12 09:04:00'),(932,12,69,'2024-12-12 09:08:00','2024-12-12 09:07:00'),(933,13,69,'2024-12-12 09:12:00','2024-12-12 09:11:00'),(934,14,69,'2024-12-12 09:17:00','2024-12-12 09:16:00'),(935,15,69,'2024-12-12 09:25:00','2024-12-12 09:24:00'),(936,16,69,'2024-12-12 09:37:00','2024-12-12 09:37:00'),(937,16,70,'2024-12-12 16:31:00','2024-12-12 16:30:00'),(938,15,70,'2024-12-12 16:41:00','2024-12-12 16:40:00'),(939,14,70,'2024-12-12 16:50:00','2024-12-12 16:49:00'),(940,13,70,'2024-12-12 16:56:00','2024-12-12 16:55:00'),(941,12,70,'2024-12-12 17:00:00','2024-12-12 16:59:00'),(942,11,70,'2024-12-12 17:03:00','2024-12-12 17:02:00'),(943,10,70,'2024-12-12 17:08:00','2024-12-12 17:07:00'),(944,9,70,'2024-12-12 17:12:00','2024-12-12 17:11:00'),(945,8,70,'2024-12-12 17:17:00','2024-12-12 17:16:00'),(946,7,70,'2024-12-12 17:22:00','2024-12-12 17:21:00'),(947,6,70,'2024-12-12 17:26:00','2024-12-12 17:25:00'),(948,5,70,'2024-12-12 17:30:00','2024-12-12 17:29:00'),(949,3,70,'2024-12-12 17:46:00','2024-12-12 17:45:00'),(950,2,70,'2024-12-12 17:53:00','2024-12-12 17:52:00'),(951,1,70,'2024-12-12 18:04:00','2024-12-12 18:04:00'),(952,16,71,'2024-12-12 17:09:00','2024-12-12 17:08:00'),(953,15,71,'2024-12-12 17:29:00','2024-12-12 17:18:00'),(954,14,71,'2024-12-12 17:30:00','2024-12-12 17:29:00'),(955,13,71,'2024-12-12 17:36:00','2024-12-12 17:35:00'),(956,8,71,'2024-12-12 17:50:00','2024-12-12 17:49:00'),(957,7,71,'2024-12-12 17:55:00','2024-12-12 17:54:00'),(958,6,71,'2024-12-12 18:00:00','2024-12-12 17:59:00'),(959,5,71,'2024-12-12 18:04:00','2024-12-12 18:04:00'),(960,4,71,'2024-12-12 18:13:00','2024-12-12 18:13:00'),(961,16,72,'2024-12-12 18:15:00','2024-12-12 18:14:00'),(962,14,72,'2024-12-12 18:31:00','2024-12-12 18:30:00'),(963,13,72,'2024-12-12 18:37:00','2024-12-12 18:36:00'),(964,9,72,'2024-12-12 18:47:00','2024-12-12 18:46:00'),(965,8,72,'2024-12-12 18:53:00','2024-12-12 18:52:00'),(966,7,72,'2024-12-12 18:58:00','2024-12-12 18:57:00'),(967,6,72,'2024-12-12 19:04:00','2024-12-12 19:03:00'),(968,5,72,'2024-12-12 19:08:00','2024-12-12 19:07:00'),(969,4,72,'2024-12-12 19:13:00','2024-12-12 19:12:00'),(970,3,72,'2024-12-12 19:25:00','2024-12-12 19:24:00'),(971,2,72,'2024-12-12 19:32:00','2024-12-12 19:31:00'),(972,1,72,'2024-12-12 19:43:00','2024-12-12 19:43:00'),(973,1,73,'2024-12-13 06:12:00','2024-12-13 06:11:00'),(974,2,73,'2024-12-13 06:18:00','2024-12-13 06:17:00'),(975,3,73,'2024-12-13 06:26:00','2024-12-13 06:25:00'),(976,5,73,'2024-12-13 06:41:00','2024-12-13 06:40:00'),(977,6,73,'2024-12-13 06:46:00','2024-12-13 06:45:00'),(978,7,73,'2024-12-13 06:51:00','2024-12-13 06:50:00'),(979,8,73,'2024-12-13 06:56:00','2024-12-13 06:55:00'),(980,9,73,'2024-12-13 07:04:00','2024-12-13 07:03:00'),(981,10,73,'2024-12-13 07:09:00','2024-12-13 07:08:00'),(982,11,73,'2024-12-13 07:15:00','2024-12-13 07:14:00'),(983,12,73,'2024-12-13 07:18:00','2024-12-13 07:17:00'),(984,13,73,'2024-12-13 07:23:00','2024-12-13 07:22:00'),(985,14,73,'2024-12-13 07:30:00','2024-12-13 07:29:00'),(986,15,73,'2024-12-13 07:38:00','2024-12-13 07:37:00'),(987,16,73,'2024-12-13 07:50:00','2024-12-13 07:50:00'),(988,1,74,'2024-12-13 07:24:00','2024-12-13 07:23:00'),(989,2,74,'2024-12-13 07:30:00','2024-12-13 07:29:00'),(990,3,74,'2024-12-13 07:37:00','2024-12-13 07:36:00'),(991,5,74,'2024-12-13 07:55:00','2024-12-13 07:54:00'),(992,6,74,'2024-12-13 08:00:00','2024-12-13 07:59:00'),(993,7,74,'2024-12-13 08:05:00','2024-12-13 08:04:00'),(994,8,74,'2024-12-13 08:10:00','2024-12-13 08:09:00'),(995,9,74,'2024-12-13 08:19:00','2024-12-13 08:18:00'),(996,10,74,'2024-12-13 08:24:00','2024-12-13 08:23:00'),(997,11,74,'2024-12-13 08:33:00','2024-12-13 08:32:00'),(998,12,74,'2024-12-13 08:36:00','2024-12-13 08:35:00'),(999,13,74,'2024-12-13 08:39:00','2024-12-13 08:38:00'),(1000,14,74,'2024-12-13 08:45:00','2024-12-13 08:44:00'),(1001,15,74,'2024-12-13 08:54:00','2024-12-13 08:53:00'),(1002,16,74,'2024-12-13 09:06:00','2024-12-13 09:06:00'),(1003,1,75,'2024-12-13 08:01:00','2024-12-13 08:00:00'),(1004,2,75,'2024-12-13 08:08:00','2024-12-13 08:07:00'),(1005,3,75,'2024-12-13 08:15:00','2024-12-13 08:14:00'),(1006,5,75,'2024-12-13 08:36:00','2024-12-13 08:35:00'),(1007,6,75,'2024-12-13 08:40:00','2024-12-13 08:39:00'),(1008,7,75,'2024-12-13 08:45:00','2024-12-13 08:44:00'),(1009,8,75,'2024-12-13 08:49:00','2024-12-13 08:48:00'),(1010,9,75,'2024-12-13 08:55:00','2024-12-13 08:54:00'),(1011,10,75,'2024-12-13 08:59:00','2024-12-13 08:58:00'),(1012,11,75,'2024-12-13 09:05:00','2024-12-13 09:04:00'),(1013,12,75,'2024-12-13 09:08:00','2024-12-13 09:07:00'),(1014,13,75,'2024-12-13 09:12:00','2024-12-13 09:11:00'),(1015,14,75,'2024-12-13 09:17:00','2024-12-13 09:16:00'),(1016,15,75,'2024-12-13 09:25:00','2024-12-13 09:24:00'),(1017,16,75,'2024-12-13 09:37:00','2024-12-13 09:37:00'),(1018,16,76,'2024-12-13 16:31:00','2024-12-13 16:30:00'),(1019,15,76,'2024-12-13 16:41:00','2024-12-13 16:40:00'),(1020,14,76,'2024-12-13 16:50:00','2024-12-13 16:49:00'),(1021,13,76,'2024-12-13 16:56:00','2024-12-13 16:55:00'),(1022,12,76,'2024-12-13 17:00:00','2024-12-13 16:59:00'),(1023,11,76,'2024-12-13 17:03:00','2024-12-13 17:02:00'),(1024,10,76,'2024-12-13 17:08:00','2024-12-13 17:07:00'),(1025,9,76,'2024-12-13 17:12:00','2024-12-13 17:11:00'),(1026,8,76,'2024-12-13 17:17:00','2024-12-13 17:16:00'),(1027,7,76,'2024-12-13 17:22:00','2024-12-13 17:21:00'),(1028,6,76,'2024-12-13 17:26:00','2024-12-13 17:25:00'),(1029,5,76,'2024-12-13 17:30:00','2024-12-13 17:29:00'),(1030,3,76,'2024-12-13 17:46:00','2024-12-13 17:45:00'),(1031,2,76,'2024-12-13 17:53:00','2024-12-13 17:52:00'),(1032,1,76,'2024-12-13 18:04:00','2024-12-13 18:04:00'),(1033,16,77,'2024-12-13 17:09:00','2024-12-13 17:08:00'),(1034,15,77,'2024-12-13 17:29:00','2024-12-13 17:18:00'),(1035,14,77,'2024-12-13 17:30:00','2024-12-13 17:29:00'),(1036,13,77,'2024-12-13 17:36:00','2024-12-13 17:35:00'),(1037,8,77,'2024-12-13 17:50:00','2024-12-13 17:49:00'),(1038,7,77,'2024-12-13 17:55:00','2024-12-13 17:54:00'),(1039,6,77,'2024-12-13 18:00:00','2024-12-13 17:59:00'),(1040,5,77,'2024-12-13 18:04:00','2024-12-13 18:04:00'),(1041,4,77,'2024-12-13 18:13:00','2024-12-13 18:13:00'),(1042,16,78,'2024-12-13 18:15:00','2024-12-13 18:14:00'),(1043,14,78,'2024-12-13 18:31:00','2024-12-13 18:30:00'),(1044,13,78,'2024-12-13 18:37:00','2024-12-13 18:36:00'),(1045,9,78,'2024-12-13 18:47:00','2024-12-13 18:46:00'),(1046,8,78,'2024-12-13 18:53:00','2024-12-13 18:52:00'),(1047,7,78,'2024-12-13 18:58:00','2024-12-13 18:57:00'),(1048,6,78,'2024-12-13 19:04:00','2024-12-13 19:03:00'),(1049,5,78,'2024-12-13 19:08:00','2024-12-13 19:07:00'),(1050,4,78,'2024-12-13 19:13:00','2024-12-13 19:12:00'),(1051,3,78,'2024-12-13 19:25:00','2024-12-13 19:24:00'),(1052,2,78,'2024-12-13 19:32:00','2024-12-13 19:31:00'),(1053,1,78,'2024-12-13 19:43:00','2024-12-13 19:43:00'),(1054,1,79,'2024-12-14 06:12:00','2024-12-14 06:11:00'),(1055,2,79,'2024-12-14 06:18:00','2024-12-14 06:17:00'),(1056,3,79,'2024-12-14 06:26:00','2024-12-14 06:25:00'),(1057,5,79,'2024-12-14 06:41:00','2024-12-14 06:40:00'),(1058,6,79,'2024-12-14 06:46:00','2024-12-14 06:45:00'),(1059,7,79,'2024-12-14 06:51:00','2024-12-14 06:50:00'),(1060,8,79,'2024-12-14 06:56:00','2024-12-14 06:55:00'),(1061,9,79,'2024-12-14 07:04:00','2024-12-14 07:03:00'),(1062,10,79,'2024-12-14 07:09:00','2024-12-14 07:08:00'),(1063,11,79,'2024-12-14 07:15:00','2024-12-14 07:14:00'),(1064,12,79,'2024-12-14 07:18:00','2024-12-14 07:17:00'),(1065,13,79,'2024-12-14 07:23:00','2024-12-14 07:22:00'),(1066,14,79,'2024-12-14 07:30:00','2024-12-14 07:29:00'),(1067,15,79,'2024-12-14 07:38:00','2024-12-14 07:37:00'),(1068,16,79,'2024-12-14 07:50:00','2024-12-14 07:50:00'),(1069,1,80,'2024-12-14 07:24:00','2024-12-14 07:23:00'),(1070,2,80,'2024-12-14 07:30:00','2024-12-14 07:29:00'),(1071,3,80,'2024-12-14 07:37:00','2024-12-14 07:36:00'),(1072,5,80,'2024-12-14 07:55:00','2024-12-14 07:54:00'),(1073,6,80,'2024-12-14 08:00:00','2024-12-14 07:59:00'),(1074,7,80,'2024-12-14 08:05:00','2024-12-14 08:04:00'),(1075,8,80,'2024-12-14 08:10:00','2024-12-14 08:09:00'),(1076,9,80,'2024-12-14 08:19:00','2024-12-14 08:18:00'),(1077,10,80,'2024-12-14 08:24:00','2024-12-14 08:23:00'),(1078,11,80,'2024-12-14 08:33:00','2024-12-14 08:32:00'),(1079,12,80,'2024-12-14 08:36:00','2024-12-14 08:35:00'),(1080,13,80,'2024-12-14 08:39:00','2024-12-14 08:38:00'),(1081,14,80,'2024-12-14 08:45:00','2024-12-14 08:44:00'),(1082,15,80,'2024-12-14 08:54:00','2024-12-14 08:53:00'),(1083,16,80,'2024-12-14 09:06:00','2024-12-14 09:06:00'),(1084,1,81,'2024-12-14 08:01:00','2024-12-14 08:00:00'),(1085,2,81,'2024-12-14 08:08:00','2024-12-14 08:07:00'),(1086,3,81,'2024-12-14 08:15:00','2024-12-14 08:14:00'),(1087,5,81,'2024-12-14 08:36:00','2024-12-14 08:35:00'),(1088,6,81,'2024-12-14 08:40:00','2024-12-14 08:39:00'),(1089,7,81,'2024-12-14 08:45:00','2024-12-14 08:44:00'),(1090,8,81,'2024-12-14 08:49:00','2024-12-14 08:48:00'),(1091,9,81,'2024-12-14 08:55:00','2024-12-14 08:54:00'),(1092,10,81,'2024-12-14 08:59:00','2024-12-14 08:58:00'),(1093,11,81,'2024-12-14 09:05:00','2024-12-14 09:04:00'),(1094,12,81,'2024-12-14 09:08:00','2024-12-14 09:07:00'),(1095,13,81,'2024-12-14 09:12:00','2024-12-14 09:11:00'),(1096,14,81,'2024-12-14 09:17:00','2024-12-14 09:16:00'),(1097,15,81,'2024-12-14 09:25:00','2024-12-14 09:24:00'),(1098,16,81,'2024-12-14 09:37:00','2024-12-14 09:37:00'),(1099,16,82,'2024-12-14 16:31:00','2024-12-14 16:30:00'),(1100,15,82,'2024-12-14 16:41:00','2024-12-14 16:40:00'),(1101,14,82,'2024-12-14 16:50:00','2024-12-14 16:49:00'),(1102,13,82,'2024-12-14 16:56:00','2024-12-14 16:55:00'),(1103,12,82,'2024-12-14 17:00:00','2024-12-14 16:59:00'),(1104,11,82,'2024-12-14 17:03:00','2024-12-14 17:02:00'),(1105,10,82,'2024-12-14 17:08:00','2024-12-14 17:07:00'),(1106,9,82,'2024-12-14 17:12:00','2024-12-14 17:11:00'),(1107,8,82,'2024-12-14 17:17:00','2024-12-14 17:16:00'),(1108,7,82,'2024-12-14 17:22:00','2024-12-14 17:21:00'),(1109,6,82,'2024-12-14 17:26:00','2024-12-14 17:25:00'),(1110,5,82,'2024-12-14 17:30:00','2024-12-14 17:29:00'),(1111,3,82,'2024-12-14 17:46:00','2024-12-14 17:45:00'),(1112,2,82,'2024-12-14 17:53:00','2024-12-14 17:52:00'),(1113,1,82,'2024-12-14 18:04:00','2024-12-14 18:04:00'),(1114,16,83,'2024-12-14 17:09:00','2024-12-14 17:08:00'),(1115,15,83,'2024-12-14 17:29:00','2024-12-14 17:18:00'),(1116,14,83,'2024-12-14 17:30:00','2024-12-14 17:29:00'),(1117,13,83,'2024-12-14 17:36:00','2024-12-14 17:35:00'),(1118,8,83,'2024-12-14 17:50:00','2024-12-14 17:49:00'),(1119,7,83,'2024-12-14 17:55:00','2024-12-14 17:54:00'),(1120,6,83,'2024-12-14 18:00:00','2024-12-14 17:59:00'),(1121,5,83,'2024-12-14 18:04:00','2024-12-14 18:04:00'),(1122,4,83,'2024-12-14 18:13:00','2024-12-14 18:13:00'),(1123,16,84,'2024-12-14 18:15:00','2024-12-14 18:14:00'),(1124,14,84,'2024-12-14 18:31:00','2024-12-14 18:30:00'),(1125,13,84,'2024-12-14 18:37:00','2024-12-14 18:36:00'),(1126,9,84,'2024-12-14 18:47:00','2024-12-14 18:46:00'),(1127,8,84,'2024-12-14 18:53:00','2024-12-14 18:52:00'),(1128,7,84,'2024-12-14 18:58:00','2024-12-14 18:57:00'),(1129,6,84,'2024-12-14 19:04:00','2024-12-14 19:03:00'),(1130,5,84,'2024-12-14 19:08:00','2024-12-14 19:07:00'),(1131,4,84,'2024-12-14 19:13:00','2024-12-14 19:12:00'),(1132,3,84,'2024-12-14 19:25:00','2024-12-14 19:24:00'),(1133,2,84,'2024-12-14 19:32:00','2024-12-14 19:31:00'),(1134,1,84,'2024-12-14 19:43:00','2024-12-14 19:43:00'),(1135,1,85,'2024-12-15 06:12:00','2024-12-15 06:11:00'),(1136,2,85,'2024-12-15 06:18:00','2024-12-15 06:17:00'),(1137,3,85,'2024-12-15 06:26:00','2024-12-15 06:25:00'),(1138,5,85,'2024-12-15 06:41:00','2024-12-15 06:40:00'),(1139,6,85,'2024-12-15 06:46:00','2024-12-15 06:45:00'),(1140,7,85,'2024-12-15 06:51:00','2024-12-15 06:50:00'),(1141,8,85,'2024-12-15 06:56:00','2024-12-15 06:55:00'),(1142,9,85,'2024-12-15 07:04:00','2024-12-15 07:03:00'),(1143,10,85,'2024-12-15 07:09:00','2024-12-15 07:08:00'),(1144,11,85,'2024-12-15 07:15:00','2024-12-15 07:14:00'),(1145,12,85,'2024-12-15 07:18:00','2024-12-15 07:17:00'),(1146,13,85,'2024-12-15 07:23:00','2024-12-15 07:22:00'),(1147,14,85,'2024-12-15 07:30:00','2024-12-15 07:29:00'),(1148,15,85,'2024-12-15 07:38:00','2024-12-15 07:37:00'),(1149,16,85,'2024-12-15 07:50:00','2024-12-15 07:50:00'),(1150,1,86,'2024-12-15 07:24:00','2024-12-15 07:23:00'),(1151,2,86,'2024-12-15 07:30:00','2024-12-15 07:29:00'),(1152,3,86,'2024-12-15 07:37:00','2024-12-15 07:36:00'),(1153,5,86,'2024-12-15 07:55:00','2024-12-15 07:54:00'),(1154,6,86,'2024-12-15 08:00:00','2024-12-15 07:59:00'),(1155,7,86,'2024-12-15 08:05:00','2024-12-15 08:04:00'),(1156,8,86,'2024-12-15 08:10:00','2024-12-15 08:09:00'),(1157,9,86,'2024-12-15 08:19:00','2024-12-15 08:18:00'),(1158,10,86,'2024-12-15 08:24:00','2024-12-15 08:23:00'),(1159,11,86,'2024-12-15 08:33:00','2024-12-15 08:32:00'),(1160,12,86,'2024-12-15 08:36:00','2024-12-15 08:35:00'),(1161,13,86,'2024-12-15 08:39:00','2024-12-15 08:38:00'),(1162,14,86,'2024-12-15 08:45:00','2024-12-15 08:44:00'),(1163,15,86,'2024-12-15 08:54:00','2024-12-15 08:53:00'),(1164,16,86,'2024-12-15 09:06:00','2024-12-15 09:06:00'),(1165,1,87,'2024-12-15 08:01:00','2024-12-15 08:00:00'),(1166,2,87,'2024-12-15 08:08:00','2024-12-15 08:07:00'),(1167,3,87,'2024-12-15 08:15:00','2024-12-15 08:14:00'),(1168,5,87,'2024-12-15 08:36:00','2024-12-15 08:35:00'),(1169,6,87,'2024-12-15 08:40:00','2024-12-15 08:39:00'),(1170,7,87,'2024-12-15 08:45:00','2024-12-15 08:44:00'),(1171,8,87,'2024-12-15 08:49:00','2024-12-15 08:48:00'),(1172,9,87,'2024-12-15 08:55:00','2024-12-15 08:54:00'),(1173,10,87,'2024-12-15 08:59:00','2024-12-15 08:58:00'),(1174,11,87,'2024-12-15 09:05:00','2024-12-15 09:04:00'),(1175,12,87,'2024-12-15 09:08:00','2024-12-15 09:07:00'),(1176,13,87,'2024-12-15 09:12:00','2024-12-15 09:11:00'),(1177,14,87,'2024-12-15 09:17:00','2024-12-15 09:16:00'),(1178,15,87,'2024-12-15 09:25:00','2024-12-15 09:24:00'),(1179,16,87,'2024-12-15 09:37:00','2024-12-15 09:37:00'),(1180,16,88,'2024-12-15 16:31:00','2024-12-15 16:30:00'),(1181,15,88,'2024-12-15 16:41:00','2024-12-15 16:40:00'),(1182,14,88,'2024-12-15 16:50:00','2024-12-15 16:49:00'),(1183,13,88,'2024-12-15 16:56:00','2024-12-15 16:55:00'),(1184,12,88,'2024-12-15 17:00:00','2024-12-15 16:59:00'),(1185,11,88,'2024-12-15 17:03:00','2024-12-15 17:02:00'),(1186,10,88,'2024-12-15 17:08:00','2024-12-15 17:07:00'),(1187,9,88,'2024-12-15 17:12:00','2024-12-15 17:11:00'),(1188,8,88,'2024-12-15 17:17:00','2024-12-15 17:16:00'),(1189,7,88,'2024-12-15 17:22:00','2024-12-15 17:21:00'),(1190,6,88,'2024-12-15 17:26:00','2024-12-15 17:25:00'),(1191,5,88,'2024-12-15 17:30:00','2024-12-15 17:29:00'),(1192,3,88,'2024-12-15 17:46:00','2024-12-15 17:45:00'),(1193,2,88,'2024-12-15 17:53:00','2024-12-15 17:52:00'),(1194,1,88,'2024-12-15 18:04:00','2024-12-15 18:04:00'),(1195,16,89,'2024-12-15 17:09:00','2024-12-15 17:08:00'),(1196,15,89,'2024-12-15 17:29:00','2024-12-15 17:18:00'),(1197,14,89,'2024-12-15 17:30:00','2024-12-15 17:29:00'),(1198,13,89,'2024-12-15 17:36:00','2024-12-15 17:35:00'),(1199,8,89,'2024-12-15 17:50:00','2024-12-15 17:49:00'),(1200,7,89,'2024-12-15 17:55:00','2024-12-15 17:54:00'),(1201,6,89,'2024-12-15 18:00:00','2024-12-15 17:59:00'),(1202,5,89,'2024-12-15 18:04:00','2024-12-15 18:04:00'),(1203,4,89,'2024-12-15 18:13:00','2024-12-15 18:13:00'),(1204,16,90,'2024-12-15 18:15:00','2024-12-15 18:14:00'),(1205,14,90,'2024-12-15 18:31:00','2024-12-15 18:30:00'),(1206,13,90,'2024-12-15 18:37:00','2024-12-15 18:36:00'),(1207,9,90,'2024-12-15 18:47:00','2024-12-15 18:46:00'),(1208,8,90,'2024-12-15 18:53:00','2024-12-15 18:52:00'),(1209,7,90,'2024-12-15 18:58:00','2024-12-15 18:57:00'),(1210,6,90,'2024-12-15 19:04:00','2024-12-15 19:03:00'),(1211,5,90,'2024-12-15 19:08:00','2024-12-15 19:07:00'),(1212,4,90,'2024-12-15 19:13:00','2024-12-15 19:12:00'),(1213,3,90,'2024-12-15 19:25:00','2024-12-15 19:24:00'),(1214,2,90,'2024-12-15 19:32:00','2024-12-15 19:31:00'),(1215,1,90,'2024-12-15 19:43:00','2024-12-15 19:43:00'),(1216,1,91,'2024-12-16 06:12:00','2024-12-16 06:11:00'),(1217,2,91,'2024-12-16 06:18:00','2024-12-16 06:17:00'),(1218,3,91,'2024-12-16 06:26:00','2024-12-16 06:25:00'),(1219,5,91,'2024-12-16 06:41:00','2024-12-16 06:40:00'),(1220,6,91,'2024-12-16 06:46:00','2024-12-16 06:45:00'),(1221,7,91,'2024-12-16 06:51:00','2024-12-16 06:50:00'),(1222,8,91,'2024-12-16 06:56:00','2024-12-16 06:55:00'),(1223,9,91,'2024-12-16 07:04:00','2024-12-16 07:03:00'),(1224,10,91,'2024-12-16 07:09:00','2024-12-16 07:08:00'),(1225,11,91,'2024-12-16 07:15:00','2024-12-16 07:14:00'),(1226,12,91,'2024-12-16 07:18:00','2024-12-16 07:17:00'),(1227,13,91,'2024-12-16 07:23:00','2024-12-16 07:22:00'),(1228,14,91,'2024-12-16 07:30:00','2024-12-16 07:29:00'),(1229,15,91,'2024-12-16 07:38:00','2024-12-16 07:37:00'),(1230,16,91,'2024-12-16 07:50:00','2024-12-16 07:50:00'),(1231,1,92,'2024-12-16 07:24:00','2024-12-16 07:23:00'),(1232,2,92,'2024-12-16 07:30:00','2024-12-16 07:29:00'),(1233,3,92,'2024-12-16 07:37:00','2024-12-16 07:36:00'),(1234,5,92,'2024-12-16 07:55:00','2024-12-16 07:54:00'),(1235,6,92,'2024-12-16 08:00:00','2024-12-16 07:59:00'),(1236,7,92,'2024-12-16 08:05:00','2024-12-16 08:04:00'),(1237,8,92,'2024-12-16 08:10:00','2024-12-16 08:09:00'),(1238,9,92,'2024-12-16 08:19:00','2024-12-16 08:18:00'),(1239,10,92,'2024-12-16 08:24:00','2024-12-16 08:23:00'),(1240,11,92,'2024-12-16 08:33:00','2024-12-16 08:32:00'),(1241,12,92,'2024-12-16 08:36:00','2024-12-16 08:35:00'),(1242,13,92,'2024-12-16 08:39:00','2024-12-16 08:38:00'),(1243,14,92,'2024-12-16 08:45:00','2024-12-16 08:44:00'),(1244,15,92,'2024-12-16 08:54:00','2024-12-16 08:53:00'),(1245,16,92,'2024-12-16 09:06:00','2024-12-16 09:06:00'),(1246,1,93,'2024-12-16 08:01:00','2024-12-16 08:00:00'),(1247,2,93,'2024-12-16 08:08:00','2024-12-16 08:07:00'),(1248,3,93,'2024-12-16 08:15:00','2024-12-16 08:14:00'),(1249,5,93,'2024-12-16 08:36:00','2024-12-16 08:35:00'),(1250,6,93,'2024-12-16 08:40:00','2024-12-16 08:39:00'),(1251,7,93,'2024-12-16 08:45:00','2024-12-16 08:44:00'),(1252,8,93,'2024-12-16 08:49:00','2024-12-16 08:48:00'),(1253,9,93,'2024-12-16 08:55:00','2024-12-16 08:54:00'),(1254,10,93,'2024-12-16 08:59:00','2024-12-16 08:58:00'),(1255,11,93,'2024-12-16 09:05:00','2024-12-16 09:04:00'),(1256,12,93,'2024-12-16 09:08:00','2024-12-16 09:07:00'),(1257,13,93,'2024-12-16 09:12:00','2024-12-16 09:11:00'),(1258,14,93,'2024-12-16 09:17:00','2024-12-16 09:16:00'),(1259,15,93,'2024-12-16 09:25:00','2024-12-16 09:24:00'),(1260,16,93,'2024-12-16 09:37:00','2024-12-16 09:37:00'),(1261,16,94,'2024-12-16 16:31:00','2024-12-16 16:30:00'),(1262,15,94,'2024-12-16 16:41:00','2024-12-16 16:40:00'),(1263,14,94,'2024-12-16 16:50:00','2024-12-16 16:49:00'),(1264,13,94,'2024-12-16 16:56:00','2024-12-16 16:55:00'),(1265,12,94,'2024-12-16 17:00:00','2024-12-16 16:59:00'),(1266,11,94,'2024-12-16 17:03:00','2024-12-16 17:02:00'),(1267,10,94,'2024-12-16 17:08:00','2024-12-16 17:07:00'),(1268,9,94,'2024-12-16 17:12:00','2024-12-16 17:11:00'),(1269,8,94,'2024-12-16 17:17:00','2024-12-16 17:16:00'),(1270,7,94,'2024-12-16 17:22:00','2024-12-16 17:21:00'),(1271,6,94,'2024-12-16 17:26:00','2024-12-16 17:25:00'),(1272,5,94,'2024-12-16 17:30:00','2024-12-16 17:29:00'),(1273,3,94,'2024-12-16 17:46:00','2024-12-16 17:45:00'),(1274,2,94,'2024-12-16 17:53:00','2024-12-16 17:52:00'),(1275,1,94,'2024-12-16 18:04:00','2024-12-16 18:04:00'),(1276,16,95,'2024-12-16 17:09:00','2024-12-16 17:08:00'),(1277,15,95,'2024-12-16 17:29:00','2024-12-16 17:18:00'),(1278,14,95,'2024-12-16 17:30:00','2024-12-16 17:29:00'),(1279,13,95,'2024-12-16 17:36:00','2024-12-16 17:35:00'),(1280,8,95,'2024-12-16 17:50:00','2024-12-16 17:49:00'),(1281,7,95,'2024-12-16 17:55:00','2024-12-16 17:54:00'),(1282,6,95,'2024-12-16 18:00:00','2024-12-16 17:59:00'),(1283,5,95,'2024-12-16 18:04:00','2024-12-16 18:04:00'),(1284,4,95,'2024-12-16 18:13:00','2024-12-16 18:13:00'),(1285,16,96,'2024-12-16 18:15:00','2024-12-16 18:14:00'),(1286,14,96,'2024-12-16 18:31:00','2024-12-16 18:30:00'),(1287,13,96,'2024-12-16 18:37:00','2024-12-16 18:36:00'),(1288,9,96,'2024-12-16 18:47:00','2024-12-16 18:46:00'),(1289,8,96,'2024-12-16 18:53:00','2024-12-16 18:52:00'),(1290,7,96,'2024-12-16 18:58:00','2024-12-16 18:57:00'),(1291,6,96,'2024-12-16 19:04:00','2024-12-16 19:03:00'),(1292,5,96,'2024-12-16 19:08:00','2024-12-16 19:07:00'),(1293,4,96,'2024-12-16 19:13:00','2024-12-16 19:12:00'),(1294,3,96,'2024-12-16 19:25:00','2024-12-16 19:24:00'),(1295,2,96,'2024-12-16 19:32:00','2024-12-16 19:31:00'),(1296,1,96,'2024-12-16 19:43:00','2024-12-16 19:43:00'),(1297,1,97,'2024-12-17 06:12:00','2024-12-17 06:11:00'),(1298,2,97,'2024-12-17 06:18:00','2024-12-17 06:17:00'),(1299,3,97,'2024-12-17 06:26:00','2024-12-17 06:25:00'),(1300,5,97,'2024-12-17 06:41:00','2024-12-17 06:40:00'),(1301,6,97,'2024-12-17 06:46:00','2024-12-17 06:45:00'),(1302,7,97,'2024-12-17 06:51:00','2024-12-17 06:50:00'),(1303,8,97,'2024-12-17 06:56:00','2024-12-17 06:55:00'),(1304,9,97,'2024-12-17 07:04:00','2024-12-17 07:03:00'),(1305,10,97,'2024-12-17 07:09:00','2024-12-17 07:08:00'),(1306,11,97,'2024-12-17 07:15:00','2024-12-17 07:14:00'),(1307,12,97,'2024-12-17 07:18:00','2024-12-17 07:17:00'),(1308,13,97,'2024-12-17 07:23:00','2024-12-17 07:22:00'),(1309,14,97,'2024-12-17 07:30:00','2024-12-17 07:29:00'),(1310,15,97,'2024-12-17 07:38:00','2024-12-17 07:37:00'),(1311,16,97,'2024-12-17 07:50:00','2024-12-17 07:50:00'),(1312,1,98,'2024-12-17 07:24:00','2024-12-17 07:23:00'),(1313,2,98,'2024-12-17 07:30:00','2024-12-17 07:29:00'),(1314,3,98,'2024-12-17 07:37:00','2024-12-17 07:36:00'),(1315,5,98,'2024-12-17 07:55:00','2024-12-17 07:54:00'),(1316,6,98,'2024-12-17 08:00:00','2024-12-17 07:59:00'),(1317,7,98,'2024-12-17 08:05:00','2024-12-17 08:04:00'),(1318,8,98,'2024-12-17 08:10:00','2024-12-17 08:09:00'),(1319,9,98,'2024-12-17 08:19:00','2024-12-17 08:18:00'),(1320,10,98,'2024-12-17 08:24:00','2024-12-17 08:23:00'),(1321,11,98,'2024-12-17 08:33:00','2024-12-17 08:32:00'),(1322,12,98,'2024-12-17 08:36:00','2024-12-17 08:35:00'),(1323,13,98,'2024-12-17 08:39:00','2024-12-17 08:38:00'),(1324,14,98,'2024-12-17 08:45:00','2024-12-17 08:44:00'),(1325,15,98,'2024-12-17 08:54:00','2024-12-17 08:53:00'),(1326,16,98,'2024-12-17 09:06:00','2024-12-17 09:06:00'),(1327,1,99,'2024-12-17 08:01:00','2024-12-17 08:00:00'),(1328,2,99,'2024-12-17 08:08:00','2024-12-17 08:07:00'),(1329,3,99,'2024-12-17 08:15:00','2024-12-17 08:14:00'),(1330,5,99,'2024-12-17 08:36:00','2024-12-17 08:35:00'),(1331,6,99,'2024-12-17 08:40:00','2024-12-17 08:39:00'),(1332,7,99,'2024-12-17 08:45:00','2024-12-17 08:44:00'),(1333,8,99,'2024-12-17 08:49:00','2024-12-17 08:48:00'),(1334,9,99,'2024-12-17 08:55:00','2024-12-17 08:54:00'),(1335,10,99,'2024-12-17 08:59:00','2024-12-17 08:58:00'),(1336,11,99,'2024-12-17 09:05:00','2024-12-17 09:04:00'),(1337,12,99,'2024-12-17 09:08:00','2024-12-17 09:07:00'),(1338,13,99,'2024-12-17 09:12:00','2024-12-17 09:11:00'),(1339,14,99,'2024-12-17 09:17:00','2024-12-17 09:16:00'),(1340,15,99,'2024-12-17 09:25:00','2024-12-17 09:24:00'),(1341,16,99,'2024-12-17 09:37:00','2024-12-17 09:37:00'),(1342,16,100,'2024-12-17 16:31:00','2024-12-17 16:30:00'),(1343,15,100,'2024-12-17 16:41:00','2024-12-17 16:40:00'),(1344,14,100,'2024-12-17 16:50:00','2024-12-17 16:49:00'),(1345,13,100,'2024-12-17 16:56:00','2024-12-17 16:55:00'),(1346,12,100,'2024-12-17 17:00:00','2024-12-17 16:59:00'),(1347,11,100,'2024-12-17 17:03:00','2024-12-17 17:02:00'),(1348,10,100,'2024-12-17 17:08:00','2024-12-17 17:07:00'),(1349,9,100,'2024-12-17 17:12:00','2024-12-17 17:11:00'),(1350,8,100,'2024-12-17 17:17:00','2024-12-17 17:16:00'),(1351,7,100,'2024-12-17 17:22:00','2024-12-17 17:21:00'),(1352,6,100,'2024-12-17 17:26:00','2024-12-17 17:25:00'),(1353,5,100,'2024-12-17 17:30:00','2024-12-17 17:29:00'),(1354,3,100,'2024-12-17 17:46:00','2024-12-17 17:45:00'),(1355,2,100,'2024-12-17 17:53:00','2024-12-17 17:52:00'),(1356,1,100,'2024-12-17 18:04:00','2024-12-17 18:04:00'),(1357,16,101,'2024-12-17 17:09:00','2024-12-17 17:08:00'),(1358,15,101,'2024-12-17 17:29:00','2024-12-17 17:18:00'),(1359,14,101,'2024-12-17 17:30:00','2024-12-17 17:29:00'),(1360,13,101,'2024-12-17 17:36:00','2024-12-17 17:35:00'),(1361,8,101,'2024-12-17 17:50:00','2024-12-17 17:49:00'),(1362,7,101,'2024-12-17 17:55:00','2024-12-17 17:54:00'),(1363,6,101,'2024-12-17 18:00:00','2024-12-17 17:59:00'),(1364,5,101,'2024-12-17 18:04:00','2024-12-17 18:04:00'),(1365,4,101,'2024-12-17 18:13:00','2024-12-17 18:13:00'),(1366,16,102,'2024-12-17 18:15:00','2024-12-17 18:14:00'),(1367,14,102,'2024-12-17 18:31:00','2024-12-17 18:30:00'),(1368,13,102,'2024-12-17 18:37:00','2024-12-17 18:36:00'),(1369,9,102,'2024-12-17 18:47:00','2024-12-17 18:46:00'),(1370,8,102,'2024-12-17 18:53:00','2024-12-17 18:52:00'),(1371,7,102,'2024-12-17 18:58:00','2024-12-17 18:57:00'),(1372,6,102,'2024-12-17 19:04:00','2024-12-17 19:03:00'),(1373,5,102,'2024-12-17 19:08:00','2024-12-17 19:07:00'),(1374,4,102,'2024-12-17 19:13:00','2024-12-17 19:12:00'),(1375,3,102,'2024-12-17 19:25:00','2024-12-17 19:24:00'),(1376,2,102,'2024-12-17 19:32:00','2024-12-17 19:31:00'),(1377,1,102,'2024-12-17 19:43:00','2024-12-17 19:43:00'),(1378,1,103,'2024-12-18 06:12:00','2024-12-18 06:11:00'),(1379,2,103,'2024-12-18 06:18:00','2024-12-18 06:17:00'),(1380,3,103,'2024-12-18 06:26:00','2024-12-18 06:25:00'),(1381,5,103,'2024-12-18 06:41:00','2024-12-18 06:40:00'),(1382,6,103,'2024-12-18 06:46:00','2024-12-18 06:45:00'),(1383,7,103,'2024-12-18 06:51:00','2024-12-18 06:50:00'),(1384,8,103,'2024-12-18 06:56:00','2024-12-18 06:55:00'),(1385,9,103,'2024-12-18 07:04:00','2024-12-18 07:03:00'),(1386,10,103,'2024-12-18 07:09:00','2024-12-18 07:08:00'),(1387,11,103,'2024-12-18 07:15:00','2024-12-18 07:14:00'),(1388,12,103,'2024-12-18 07:18:00','2024-12-18 07:17:00'),(1389,13,103,'2024-12-18 07:23:00','2024-12-18 07:22:00'),(1390,14,103,'2024-12-18 07:30:00','2024-12-18 07:29:00'),(1391,15,103,'2024-12-18 07:38:00','2024-12-18 07:37:00'),(1392,16,103,'2024-12-18 07:50:00','2024-12-18 07:50:00'),(1393,1,104,'2024-12-18 07:24:00','2024-12-18 07:23:00'),(1394,2,104,'2024-12-18 07:30:00','2024-12-18 07:29:00'),(1395,3,104,'2024-12-18 07:37:00','2024-12-18 07:36:00'),(1396,5,104,'2024-12-18 07:55:00','2024-12-18 07:54:00'),(1397,6,104,'2024-12-18 08:00:00','2024-12-18 07:59:00'),(1398,7,104,'2024-12-18 08:05:00','2024-12-18 08:04:00'),(1399,8,104,'2024-12-18 08:10:00','2024-12-18 08:09:00'),(1400,9,104,'2024-12-18 08:19:00','2024-12-18 08:18:00'),(1401,10,104,'2024-12-18 08:24:00','2024-12-18 08:23:00'),(1402,11,104,'2024-12-18 08:33:00','2024-12-18 08:32:00'),(1403,12,104,'2024-12-18 08:36:00','2024-12-18 08:35:00'),(1404,13,104,'2024-12-18 08:39:00','2024-12-18 08:38:00'),(1405,14,104,'2024-12-18 08:45:00','2024-12-18 08:44:00'),(1406,15,104,'2024-12-18 08:54:00','2024-12-18 08:53:00'),(1407,16,104,'2024-12-18 09:06:00','2024-12-18 09:06:00'),(1408,1,105,'2024-12-18 08:01:00','2024-12-18 08:00:00'),(1409,2,105,'2024-12-18 08:08:00','2024-12-18 08:07:00'),(1410,3,105,'2024-12-18 08:15:00','2024-12-18 08:14:00'),(1411,5,105,'2024-12-18 08:36:00','2024-12-18 08:35:00'),(1412,6,105,'2024-12-18 08:40:00','2024-12-18 08:39:00'),(1413,7,105,'2024-12-18 08:45:00','2024-12-18 08:44:00'),(1414,8,105,'2024-12-18 08:49:00','2024-12-18 08:48:00'),(1415,9,105,'2024-12-18 08:55:00','2024-12-18 08:54:00'),(1416,10,105,'2024-12-18 08:59:00','2024-12-18 08:58:00'),(1417,11,105,'2024-12-18 09:05:00','2024-12-18 09:04:00'),(1418,12,105,'2024-12-18 09:08:00','2024-12-18 09:07:00'),(1419,13,105,'2024-12-18 09:12:00','2024-12-18 09:11:00'),(1420,14,105,'2024-12-18 09:17:00','2024-12-18 09:16:00'),(1421,15,105,'2024-12-18 09:25:00','2024-12-18 09:24:00'),(1422,16,105,'2024-12-18 09:37:00','2024-12-18 09:37:00'),(1423,16,106,'2024-12-18 16:31:00','2024-12-18 16:30:00'),(1424,15,106,'2024-12-18 16:41:00','2024-12-18 16:40:00'),(1425,14,106,'2024-12-18 16:50:00','2024-12-18 16:49:00'),(1426,13,106,'2024-12-18 16:56:00','2024-12-18 16:55:00'),(1427,12,106,'2024-12-18 17:00:00','2024-12-18 16:59:00'),(1428,11,106,'2024-12-18 17:03:00','2024-12-18 17:02:00'),(1429,10,106,'2024-12-18 17:08:00','2024-12-18 17:07:00'),(1430,9,106,'2024-12-18 17:12:00','2024-12-18 17:11:00'),(1431,8,106,'2024-12-18 17:17:00','2024-12-18 17:16:00'),(1432,7,106,'2024-12-18 17:22:00','2024-12-18 17:21:00'),(1433,6,106,'2024-12-18 17:26:00','2024-12-18 17:25:00'),(1434,5,106,'2024-12-18 17:30:00','2024-12-18 17:29:00'),(1435,3,106,'2024-12-18 17:46:00','2024-12-18 17:45:00'),(1436,2,106,'2024-12-18 17:53:00','2024-12-18 17:52:00'),(1437,1,106,'2024-12-18 18:04:00','2024-12-18 18:04:00'),(1438,16,107,'2024-12-18 17:09:00','2024-12-18 17:08:00'),(1439,15,107,'2024-12-18 17:29:00','2024-12-18 17:18:00'),(1440,14,107,'2024-12-18 17:30:00','2024-12-18 17:29:00'),(1441,13,107,'2024-12-18 17:36:00','2024-12-18 17:35:00'),(1442,8,107,'2024-12-18 17:50:00','2024-12-18 17:49:00'),(1443,7,107,'2024-12-18 17:55:00','2024-12-18 17:54:00'),(1444,6,107,'2024-12-18 18:00:00','2024-12-18 17:59:00'),(1445,5,107,'2024-12-18 18:04:00','2024-12-18 18:04:00'),(1446,4,107,'2024-12-18 18:13:00','2024-12-18 18:13:00'),(1447,16,108,'2024-12-18 18:15:00','2024-12-18 18:14:00'),(1448,14,108,'2024-12-18 18:31:00','2024-12-18 18:30:00'),(1449,13,108,'2024-12-18 18:37:00','2024-12-18 18:36:00'),(1450,9,108,'2024-12-18 18:47:00','2024-12-18 18:46:00'),(1451,8,108,'2024-12-18 18:53:00','2024-12-18 18:52:00'),(1452,7,108,'2024-12-18 18:58:00','2024-12-18 18:57:00'),(1453,6,108,'2024-12-18 19:04:00','2024-12-18 19:03:00'),(1454,5,108,'2024-12-18 19:08:00','2024-12-18 19:07:00'),(1455,4,108,'2024-12-18 19:13:00','2024-12-18 19:12:00'),(1456,3,108,'2024-12-18 19:25:00','2024-12-18 19:24:00'),(1457,2,108,'2024-12-18 19:32:00','2024-12-18 19:31:00'),(1458,1,108,'2024-12-18 19:43:00','2024-12-18 19:43:00'),(1459,1,109,'2024-12-19 06:12:00','2024-12-19 06:11:00'),(1460,2,109,'2024-12-19 06:18:00','2024-12-19 06:17:00'),(1461,3,109,'2024-12-19 06:26:00','2024-12-19 06:25:00'),(1462,5,109,'2024-12-19 06:41:00','2024-12-19 06:40:00'),(1463,6,109,'2024-12-19 06:46:00','2024-12-19 06:45:00'),(1464,7,109,'2024-12-19 06:51:00','2024-12-19 06:50:00'),(1465,8,109,'2024-12-19 06:56:00','2024-12-19 06:55:00'),(1466,9,109,'2024-12-19 07:04:00','2024-12-19 07:03:00'),(1467,10,109,'2024-12-19 07:09:00','2024-12-19 07:08:00'),(1468,11,109,'2024-12-19 07:15:00','2024-12-19 07:14:00'),(1469,12,109,'2024-12-19 07:18:00','2024-12-19 07:17:00'),(1470,13,109,'2024-12-19 07:23:00','2024-12-19 07:22:00'),(1471,14,109,'2024-12-19 07:30:00','2024-12-19 07:29:00'),(1472,15,109,'2024-12-19 07:38:00','2024-12-19 07:37:00'),(1473,16,109,'2024-12-19 07:50:00','2024-12-19 07:50:00'),(1474,1,110,'2024-12-19 07:24:00','2024-12-19 07:23:00'),(1475,2,110,'2024-12-19 07:30:00','2024-12-19 07:29:00'),(1476,3,110,'2024-12-19 07:37:00','2024-12-19 07:36:00'),(1477,5,110,'2024-12-19 07:55:00','2024-12-19 07:54:00'),(1478,6,110,'2024-12-19 08:00:00','2024-12-19 07:59:00'),(1479,7,110,'2024-12-19 08:05:00','2024-12-19 08:04:00'),(1480,8,110,'2024-12-19 08:10:00','2024-12-19 08:09:00'),(1481,9,110,'2024-12-19 08:19:00','2024-12-19 08:18:00'),(1482,10,110,'2024-12-19 08:24:00','2024-12-19 08:23:00'),(1483,11,110,'2024-12-19 08:33:00','2024-12-19 08:32:00'),(1484,12,110,'2024-12-19 08:36:00','2024-12-19 08:35:00'),(1485,13,110,'2024-12-19 08:39:00','2024-12-19 08:38:00'),(1486,14,110,'2024-12-19 08:45:00','2024-12-19 08:44:00'),(1487,15,110,'2024-12-19 08:54:00','2024-12-19 08:53:00'),(1488,16,110,'2024-12-19 09:06:00','2024-12-19 09:06:00'),(1489,1,111,'2024-12-19 08:01:00','2024-12-19 08:00:00'),(1490,2,111,'2024-12-19 08:08:00','2024-12-19 08:07:00'),(1491,3,111,'2024-12-19 08:15:00','2024-12-19 08:14:00'),(1492,5,111,'2024-12-19 08:36:00','2024-12-19 08:35:00'),(1493,6,111,'2024-12-19 08:40:00','2024-12-19 08:39:00'),(1494,7,111,'2024-12-19 08:45:00','2024-12-19 08:44:00'),(1495,8,111,'2024-12-19 08:49:00','2024-12-19 08:48:00'),(1496,9,111,'2024-12-19 08:55:00','2024-12-19 08:54:00'),(1497,10,111,'2024-12-19 08:59:00','2024-12-19 08:58:00'),(1498,11,111,'2024-12-19 09:05:00','2024-12-19 09:04:00'),(1499,12,111,'2024-12-19 09:08:00','2024-12-19 09:07:00'),(1500,13,111,'2024-12-19 09:12:00','2024-12-19 09:11:00'),(1501,14,111,'2024-12-19 09:17:00','2024-12-19 09:16:00'),(1502,15,111,'2024-12-19 09:25:00','2024-12-19 09:24:00'),(1503,16,111,'2024-12-19 09:37:00','2024-12-19 09:37:00'),(1504,16,112,'2024-12-19 16:31:00','2024-12-19 16:30:00'),(1505,15,112,'2024-12-19 16:41:00','2024-12-19 16:40:00'),(1506,14,112,'2024-12-19 16:50:00','2024-12-19 16:49:00'),(1507,13,112,'2024-12-19 16:56:00','2024-12-19 16:55:00'),(1508,12,112,'2024-12-19 17:00:00','2024-12-19 16:59:00'),(1509,11,112,'2024-12-19 17:03:00','2024-12-19 17:02:00'),(1510,10,112,'2024-12-19 17:08:00','2024-12-19 17:07:00'),(1511,9,112,'2024-12-19 17:12:00','2024-12-19 17:11:00'),(1512,8,112,'2024-12-19 17:17:00','2024-12-19 17:16:00'),(1513,7,112,'2024-12-19 17:22:00','2024-12-19 17:21:00'),(1514,6,112,'2024-12-19 17:26:00','2024-12-19 17:25:00'),(1515,5,112,'2024-12-19 17:30:00','2024-12-19 17:29:00'),(1516,3,112,'2024-12-19 17:46:00','2024-12-19 17:45:00'),(1517,2,112,'2024-12-19 17:53:00','2024-12-19 17:52:00'),(1518,1,112,'2024-12-19 18:04:00','2024-12-19 18:04:00'),(1519,16,113,'2024-12-19 17:09:00','2024-12-19 17:08:00'),(1520,15,113,'2024-12-19 17:29:00','2024-12-19 17:18:00'),(1521,14,113,'2024-12-19 17:30:00','2024-12-19 17:29:00'),(1522,13,113,'2024-12-19 17:36:00','2024-12-19 17:35:00'),(1523,8,113,'2024-12-19 17:50:00','2024-12-19 17:49:00'),(1524,7,113,'2024-12-19 17:55:00','2024-12-19 17:54:00'),(1525,6,113,'2024-12-19 18:00:00','2024-12-19 17:59:00'),(1526,5,113,'2024-12-19 18:04:00','2024-12-19 18:04:00'),(1527,4,113,'2024-12-19 18:13:00','2024-12-19 18:13:00'),(1528,16,114,'2024-12-19 18:15:00','2024-12-19 18:14:00'),(1529,14,114,'2024-12-19 18:31:00','2024-12-19 18:30:00'),(1530,13,114,'2024-12-19 18:37:00','2024-12-19 18:36:00'),(1531,9,114,'2024-12-19 18:47:00','2024-12-19 18:46:00'),(1532,8,114,'2024-12-19 18:53:00','2024-12-19 18:52:00'),(1533,7,114,'2024-12-19 18:58:00','2024-12-19 18:57:00'),(1534,6,114,'2024-12-19 19:04:00','2024-12-19 19:03:00'),(1535,5,114,'2024-12-19 19:08:00','2024-12-19 19:07:00'),(1536,4,114,'2024-12-19 19:13:00','2024-12-19 19:12:00'),(1537,3,114,'2024-12-19 19:25:00','2024-12-19 19:24:00'),(1538,2,114,'2024-12-19 19:32:00','2024-12-19 19:31:00'),(1539,1,114,'2024-12-19 19:43:00','2024-12-19 19:43:00'),(1540,1,115,'2024-12-20 06:12:00','2024-12-20 06:11:00'),(1541,2,115,'2024-12-20 06:18:00','2024-12-20 06:17:00'),(1542,3,115,'2024-12-20 06:26:00','2024-12-20 06:25:00'),(1543,5,115,'2024-12-20 06:41:00','2024-12-20 06:40:00'),(1544,6,115,'2024-12-20 06:46:00','2024-12-20 06:45:00'),(1545,7,115,'2024-12-20 06:51:00','2024-12-20 06:50:00'),(1546,8,115,'2024-12-20 06:56:00','2024-12-20 06:55:00'),(1547,9,115,'2024-12-20 07:04:00','2024-12-20 07:03:00'),(1548,10,115,'2024-12-20 07:09:00','2024-12-20 07:08:00'),(1549,11,115,'2024-12-20 07:15:00','2024-12-20 07:14:00'),(1550,12,115,'2024-12-20 07:18:00','2024-12-20 07:17:00'),(1551,13,115,'2024-12-20 07:23:00','2024-12-20 07:22:00'),(1552,14,115,'2024-12-20 07:30:00','2024-12-20 07:29:00'),(1553,15,115,'2024-12-20 07:38:00','2024-12-20 07:37:00'),(1554,16,115,'2024-12-20 07:50:00','2024-12-20 07:50:00'),(1555,1,116,'2024-12-20 07:24:00','2024-12-20 07:23:00'),(1556,2,116,'2024-12-20 07:30:00','2024-12-20 07:29:00'),(1557,3,116,'2024-12-20 07:37:00','2024-12-20 07:36:00'),(1558,5,116,'2024-12-20 07:55:00','2024-12-20 07:54:00'),(1559,6,116,'2024-12-20 08:00:00','2024-12-20 07:59:00'),(1560,7,116,'2024-12-20 08:05:00','2024-12-20 08:04:00'),(1561,8,116,'2024-12-20 08:10:00','2024-12-20 08:09:00'),(1562,9,116,'2024-12-20 08:19:00','2024-12-20 08:18:00'),(1563,10,116,'2024-12-20 08:24:00','2024-12-20 08:23:00'),(1564,11,116,'2024-12-20 08:33:00','2024-12-20 08:32:00'),(1565,12,116,'2024-12-20 08:36:00','2024-12-20 08:35:00'),(1566,13,116,'2024-12-20 08:39:00','2024-12-20 08:38:00'),(1567,14,116,'2024-12-20 08:45:00','2024-12-20 08:44:00'),(1568,15,116,'2024-12-20 08:54:00','2024-12-20 08:53:00'),(1569,16,116,'2024-12-20 09:06:00','2024-12-20 09:06:00'),(1570,1,117,'2024-12-20 08:01:00','2024-12-20 08:00:00'),(1571,2,117,'2024-12-20 08:08:00','2024-12-20 08:07:00'),(1572,3,117,'2024-12-20 08:15:00','2024-12-20 08:14:00'),(1573,5,117,'2024-12-20 08:36:00','2024-12-20 08:35:00'),(1574,6,117,'2024-12-20 08:40:00','2024-12-20 08:39:00'),(1575,7,117,'2024-12-20 08:45:00','2024-12-20 08:44:00'),(1576,8,117,'2024-12-20 08:49:00','2024-12-20 08:48:00'),(1577,9,117,'2024-12-20 08:55:00','2024-12-20 08:54:00'),(1578,10,117,'2024-12-20 08:59:00','2024-12-20 08:58:00'),(1579,11,117,'2024-12-20 09:05:00','2024-12-20 09:04:00'),(1580,12,117,'2024-12-20 09:08:00','2024-12-20 09:07:00'),(1581,13,117,'2024-12-20 09:12:00','2024-12-20 09:11:00'),(1582,14,117,'2024-12-20 09:17:00','2024-12-20 09:16:00'),(1583,15,117,'2024-12-20 09:25:00','2024-12-20 09:24:00'),(1584,16,117,'2024-12-20 09:37:00','2024-12-20 09:37:00'),(1585,16,118,'2024-12-20 16:31:00','2024-12-20 16:30:00'),(1586,15,118,'2024-12-20 16:41:00','2024-12-20 16:40:00'),(1587,14,118,'2024-12-20 16:50:00','2024-12-20 16:49:00'),(1588,13,118,'2024-12-20 16:56:00','2024-12-20 16:55:00'),(1589,12,118,'2024-12-20 17:00:00','2024-12-20 16:59:00'),(1590,11,118,'2024-12-20 17:03:00','2024-12-20 17:02:00'),(1591,10,118,'2024-12-20 17:08:00','2024-12-20 17:07:00'),(1592,9,118,'2024-12-20 17:12:00','2024-12-20 17:11:00'),(1593,8,118,'2024-12-20 17:17:00','2024-12-20 17:16:00'),(1594,7,118,'2024-12-20 17:22:00','2024-12-20 17:21:00'),(1595,6,118,'2024-12-20 17:26:00','2024-12-20 17:25:00'),(1596,5,118,'2024-12-20 17:30:00','2024-12-20 17:29:00'),(1597,3,118,'2024-12-20 17:46:00','2024-12-20 17:45:00'),(1598,2,118,'2024-12-20 17:53:00','2024-12-20 17:52:00'),(1599,1,118,'2024-12-20 18:04:00','2024-12-20 18:04:00'),(1600,16,119,'2024-12-20 17:09:00','2024-12-20 17:08:00'),(1601,15,119,'2024-12-20 17:29:00','2024-12-20 17:18:00'),(1602,14,119,'2024-12-20 17:30:00','2024-12-20 17:29:00'),(1603,13,119,'2024-12-20 17:36:00','2024-12-20 17:35:00'),(1604,8,119,'2024-12-20 17:50:00','2024-12-20 17:49:00'),(1605,7,119,'2024-12-20 17:55:00','2024-12-20 17:54:00'),(1606,6,119,'2024-12-20 18:00:00','2024-12-20 17:59:00'),(1607,5,119,'2024-12-20 18:04:00','2024-12-20 18:04:00'),(1608,4,119,'2024-12-20 18:13:00','2024-12-20 18:13:00'),(1609,16,120,'2024-12-20 18:15:00','2024-12-20 18:14:00'),(1610,14,120,'2024-12-20 18:31:00','2024-12-20 18:30:00'),(1611,13,120,'2024-12-20 18:37:00','2024-12-20 18:36:00'),(1612,9,120,'2024-12-20 18:47:00','2024-12-20 18:46:00'),(1613,8,120,'2024-12-20 18:53:00','2024-12-20 18:52:00'),(1614,7,120,'2024-12-20 18:58:00','2024-12-20 18:57:00'),(1615,6,120,'2024-12-20 19:04:00','2024-12-20 19:03:00'),(1616,5,120,'2024-12-20 19:08:00','2024-12-20 19:07:00'),(1617,4,120,'2024-12-20 19:13:00','2024-12-20 19:12:00'),(1618,3,120,'2024-12-20 19:25:00','2024-12-20 19:24:00'),(1619,2,120,'2024-12-20 19:32:00','2024-12-20 19:31:00'),(1620,1,120,'2024-12-20 19:43:00','2024-12-20 19:43:00'),(1621,1,121,'2024-12-21 06:12:00','2024-12-21 06:11:00'),(1622,2,121,'2024-12-21 06:18:00','2024-12-21 06:17:00'),(1623,3,121,'2024-12-21 06:26:00','2024-12-21 06:25:00'),(1624,5,121,'2024-12-21 06:41:00','2024-12-21 06:40:00'),(1625,6,121,'2024-12-21 06:46:00','2024-12-21 06:45:00'),(1626,7,121,'2024-12-21 06:51:00','2024-12-21 06:50:00'),(1627,8,121,'2024-12-21 06:56:00','2024-12-21 06:55:00'),(1628,9,121,'2024-12-21 07:04:00','2024-12-21 07:03:00'),(1629,10,121,'2024-12-21 07:09:00','2024-12-21 07:08:00'),(1630,11,121,'2024-12-21 07:15:00','2024-12-21 07:14:00'),(1631,12,121,'2024-12-21 07:18:00','2024-12-21 07:17:00'),(1632,13,121,'2024-12-21 07:23:00','2024-12-21 07:22:00'),(1633,14,121,'2024-12-21 07:30:00','2024-12-21 07:29:00'),(1634,15,121,'2024-12-21 07:38:00','2024-12-21 07:37:00'),(1635,16,121,'2024-12-21 07:50:00','2024-12-21 07:50:00'),(1636,1,122,'2024-12-21 07:24:00','2024-12-21 07:23:00'),(1637,2,122,'2024-12-21 07:30:00','2024-12-21 07:29:00'),(1638,3,122,'2024-12-21 07:37:00','2024-12-21 07:36:00'),(1639,5,122,'2024-12-21 07:55:00','2024-12-21 07:54:00'),(1640,6,122,'2024-12-21 08:00:00','2024-12-21 07:59:00'),(1641,7,122,'2024-12-21 08:05:00','2024-12-21 08:04:00'),(1642,8,122,'2024-12-21 08:10:00','2024-12-21 08:09:00'),(1643,9,122,'2024-12-21 08:19:00','2024-12-21 08:18:00'),(1644,10,122,'2024-12-21 08:24:00','2024-12-21 08:23:00'),(1645,11,122,'2024-12-21 08:33:00','2024-12-21 08:32:00'),(1646,12,122,'2024-12-21 08:36:00','2024-12-21 08:35:00'),(1647,13,122,'2024-12-21 08:39:00','2024-12-21 08:38:00'),(1648,14,122,'2024-12-21 08:45:00','2024-12-21 08:44:00'),(1649,15,122,'2024-12-21 08:54:00','2024-12-21 08:53:00'),(1650,16,122,'2024-12-21 09:06:00','2024-12-21 09:06:00'),(1651,1,123,'2024-12-21 08:01:00','2024-12-21 08:00:00'),(1652,2,123,'2024-12-21 08:08:00','2024-12-21 08:07:00'),(1653,3,123,'2024-12-21 08:15:00','2024-12-21 08:14:00'),(1654,5,123,'2024-12-21 08:36:00','2024-12-21 08:35:00'),(1655,6,123,'2024-12-21 08:40:00','2024-12-21 08:39:00'),(1656,7,123,'2024-12-21 08:45:00','2024-12-21 08:44:00'),(1657,8,123,'2024-12-21 08:49:00','2024-12-21 08:48:00'),(1658,9,123,'2024-12-21 08:55:00','2024-12-21 08:54:00'),(1659,10,123,'2024-12-21 08:59:00','2024-12-21 08:58:00'),(1660,11,123,'2024-12-21 09:05:00','2024-12-21 09:04:00'),(1661,12,123,'2024-12-21 09:08:00','2024-12-21 09:07:00'),(1662,13,123,'2024-12-21 09:12:00','2024-12-21 09:11:00'),(1663,14,123,'2024-12-21 09:17:00','2024-12-21 09:16:00'),(1664,15,123,'2024-12-21 09:25:00','2024-12-21 09:24:00'),(1665,16,123,'2024-12-21 09:37:00','2024-12-21 09:37:00'),(1666,16,124,'2024-12-21 16:31:00','2024-12-21 16:30:00'),(1667,15,124,'2024-12-21 16:41:00','2024-12-21 16:40:00'),(1668,14,124,'2024-12-21 16:50:00','2024-12-21 16:49:00'),(1669,13,124,'2024-12-21 16:56:00','2024-12-21 16:55:00'),(1670,12,124,'2024-12-21 17:00:00','2024-12-21 16:59:00'),(1671,11,124,'2024-12-21 17:03:00','2024-12-21 17:02:00'),(1672,10,124,'2024-12-21 17:08:00','2024-12-21 17:07:00'),(1673,9,124,'2024-12-21 17:12:00','2024-12-21 17:11:00'),(1674,8,124,'2024-12-21 17:17:00','2024-12-21 17:16:00'),(1675,7,124,'2024-12-21 17:22:00','2024-12-21 17:21:00'),(1676,6,124,'2024-12-21 17:26:00','2024-12-21 17:25:00'),(1677,5,124,'2024-12-21 17:30:00','2024-12-21 17:29:00'),(1678,3,124,'2024-12-21 17:46:00','2024-12-21 17:45:00'),(1679,2,124,'2024-12-21 17:53:00','2024-12-21 17:52:00'),(1680,1,124,'2024-12-21 18:04:00','2024-12-21 18:04:00'),(1681,16,125,'2024-12-21 17:09:00','2024-12-21 17:08:00'),(1682,15,125,'2024-12-21 17:29:00','2024-12-21 17:18:00'),(1683,14,125,'2024-12-21 17:30:00','2024-12-21 17:29:00'),(1684,13,125,'2024-12-21 17:36:00','2024-12-21 17:35:00'),(1685,8,125,'2024-12-21 17:50:00','2024-12-21 17:49:00'),(1686,7,125,'2024-12-21 17:55:00','2024-12-21 17:54:00'),(1687,6,125,'2024-12-21 18:00:00','2024-12-21 17:59:00'),(1688,5,125,'2024-12-21 18:04:00','2024-12-21 18:04:00'),(1689,4,125,'2024-12-21 18:13:00','2024-12-21 18:13:00'),(1690,16,126,'2024-12-21 18:15:00','2024-12-21 18:14:00'),(1691,14,126,'2024-12-21 18:31:00','2024-12-21 18:30:00'),(1692,13,126,'2024-12-21 18:37:00','2024-12-21 18:36:00'),(1693,9,126,'2024-12-21 18:47:00','2024-12-21 18:46:00'),(1694,8,126,'2024-12-21 18:53:00','2024-12-21 18:52:00'),(1695,7,126,'2024-12-21 18:58:00','2024-12-21 18:57:00'),(1696,6,126,'2024-12-21 19:04:00','2024-12-21 19:03:00'),(1697,5,126,'2024-12-21 19:08:00','2024-12-21 19:07:00'),(1698,4,126,'2024-12-21 19:13:00','2024-12-21 19:12:00'),(1699,3,126,'2024-12-21 19:25:00','2024-12-21 19:24:00'),(1700,2,126,'2024-12-21 19:32:00','2024-12-21 19:31:00'),(1701,1,126,'2024-12-21 19:43:00','2024-12-21 19:43:00'),(1702,1,127,'2024-12-22 06:12:00','2024-12-22 06:11:00'),(1703,2,127,'2024-12-22 06:18:00','2024-12-22 06:17:00'),(1704,3,127,'2024-12-22 06:26:00','2024-12-22 06:25:00'),(1705,5,127,'2024-12-22 06:41:00','2024-12-22 06:40:00'),(1706,6,127,'2024-12-22 06:46:00','2024-12-22 06:45:00'),(1707,7,127,'2024-12-22 06:51:00','2024-12-22 06:50:00'),(1708,8,127,'2024-12-22 06:56:00','2024-12-22 06:55:00'),(1709,9,127,'2024-12-22 07:04:00','2024-12-22 07:03:00'),(1710,10,127,'2024-12-22 07:09:00','2024-12-22 07:08:00'),(1711,11,127,'2024-12-22 07:15:00','2024-12-22 07:14:00'),(1712,12,127,'2024-12-22 07:18:00','2024-12-22 07:17:00'),(1713,13,127,'2024-12-22 07:23:00','2024-12-22 07:22:00'),(1714,14,127,'2024-12-22 07:30:00','2024-12-22 07:29:00'),(1715,15,127,'2024-12-22 07:38:00','2024-12-22 07:37:00'),(1716,16,127,'2024-12-22 07:50:00','2024-12-22 07:50:00'),(1717,1,128,'2024-12-22 07:24:00','2024-12-22 07:23:00'),(1718,2,128,'2024-12-22 07:30:00','2024-12-22 07:29:00'),(1719,3,128,'2024-12-22 07:37:00','2024-12-22 07:36:00'),(1720,5,128,'2024-12-22 07:55:00','2024-12-22 07:54:00'),(1721,6,128,'2024-12-22 08:00:00','2024-12-22 07:59:00'),(1722,7,128,'2024-12-22 08:05:00','2024-12-22 08:04:00'),(1723,8,128,'2024-12-22 08:10:00','2024-12-22 08:09:00'),(1724,9,128,'2024-12-22 08:19:00','2024-12-22 08:18:00'),(1725,10,128,'2024-12-22 08:24:00','2024-12-22 08:23:00'),(1726,11,128,'2024-12-22 08:33:00','2024-12-22 08:32:00'),(1727,12,128,'2024-12-22 08:36:00','2024-12-22 08:35:00'),(1728,13,128,'2024-12-22 08:39:00','2024-12-22 08:38:00'),(1729,14,128,'2024-12-22 08:45:00','2024-12-22 08:44:00'),(1730,15,128,'2024-12-22 08:54:00','2024-12-22 08:53:00'),(1731,16,128,'2024-12-22 09:06:00','2024-12-22 09:06:00'),(1732,1,129,'2024-12-22 08:01:00','2024-12-22 08:00:00'),(1733,2,129,'2024-12-22 08:08:00','2024-12-22 08:07:00'),(1734,3,129,'2024-12-22 08:15:00','2024-12-22 08:14:00'),(1735,5,129,'2024-12-22 08:36:00','2024-12-22 08:35:00'),(1736,6,129,'2024-12-22 08:40:00','2024-12-22 08:39:00'),(1737,7,129,'2024-12-22 08:45:00','2024-12-22 08:44:00'),(1738,8,129,'2024-12-22 08:49:00','2024-12-22 08:48:00'),(1739,9,129,'2024-12-22 08:55:00','2024-12-22 08:54:00'),(1740,10,129,'2024-12-22 08:59:00','2024-12-22 08:58:00'),(1741,11,129,'2024-12-22 09:05:00','2024-12-22 09:04:00'),(1742,12,129,'2024-12-22 09:08:00','2024-12-22 09:07:00'),(1743,13,129,'2024-12-22 09:12:00','2024-12-22 09:11:00'),(1744,14,129,'2024-12-22 09:17:00','2024-12-22 09:16:00'),(1745,15,129,'2024-12-22 09:25:00','2024-12-22 09:24:00'),(1746,16,129,'2024-12-22 09:37:00','2024-12-22 09:37:00'),(1747,16,130,'2024-12-22 16:31:00','2024-12-22 16:30:00'),(1748,15,130,'2024-12-22 16:41:00','2024-12-22 16:40:00'),(1749,14,130,'2024-12-22 16:50:00','2024-12-22 16:49:00'),(1750,13,130,'2024-12-22 16:56:00','2024-12-22 16:55:00'),(1751,12,130,'2024-12-22 17:00:00','2024-12-22 16:59:00'),(1752,11,130,'2024-12-22 17:03:00','2024-12-22 17:02:00'),(1753,10,130,'2024-12-22 17:08:00','2024-12-22 17:07:00'),(1754,9,130,'2024-12-22 17:12:00','2024-12-22 17:11:00'),(1755,8,130,'2024-12-22 17:17:00','2024-12-22 17:16:00'),(1756,7,130,'2024-12-22 17:22:00','2024-12-22 17:21:00'),(1757,6,130,'2024-12-22 17:26:00','2024-12-22 17:25:00'),(1758,5,130,'2024-12-22 17:30:00','2024-12-22 17:29:00'),(1759,3,130,'2024-12-22 17:46:00','2024-12-22 17:45:00'),(1760,2,130,'2024-12-22 17:53:00','2024-12-22 17:52:00'),(1761,1,130,'2024-12-22 18:04:00','2024-12-22 18:04:00'),(1762,16,131,'2024-12-22 17:09:00','2024-12-22 17:08:00'),(1763,15,131,'2024-12-22 17:29:00','2024-12-22 17:18:00'),(1764,14,131,'2024-12-22 17:30:00','2024-12-22 17:29:00'),(1765,13,131,'2024-12-22 17:36:00','2024-12-22 17:35:00'),(1766,8,131,'2024-12-22 17:50:00','2024-12-22 17:49:00'),(1767,7,131,'2024-12-22 17:55:00','2024-12-22 17:54:00'),(1768,6,131,'2024-12-22 18:00:00','2024-12-22 17:59:00'),(1769,5,131,'2024-12-22 18:04:00','2024-12-22 18:04:00'),(1770,4,131,'2024-12-22 18:13:00','2024-12-22 18:13:00'),(1771,16,132,'2024-12-22 18:15:00','2024-12-22 18:14:00'),(1772,14,132,'2024-12-22 18:31:00','2024-12-22 18:30:00'),(1773,13,132,'2024-12-22 18:37:00','2024-12-22 18:36:00'),(1774,9,132,'2024-12-22 18:47:00','2024-12-22 18:46:00'),(1775,8,132,'2024-12-22 18:53:00','2024-12-22 18:52:00'),(1776,7,132,'2024-12-22 18:58:00','2024-12-22 18:57:00'),(1777,6,132,'2024-12-22 19:04:00','2024-12-22 19:03:00'),(1778,5,132,'2024-12-22 19:08:00','2024-12-22 19:07:00'),(1779,4,132,'2024-12-22 19:13:00','2024-12-22 19:12:00'),(1780,3,132,'2024-12-22 19:25:00','2024-12-22 19:24:00'),(1781,2,132,'2024-12-22 19:32:00','2024-12-22 19:31:00'),(1782,1,132,'2024-12-22 19:43:00','2024-12-22 19:43:00'),(1783,1,133,'2024-12-23 06:12:00','2024-12-23 06:11:00'),(1784,2,133,'2024-12-23 06:18:00','2024-12-23 06:17:00'),(1785,3,133,'2024-12-23 06:26:00','2024-12-23 06:25:00'),(1786,5,133,'2024-12-23 06:41:00','2024-12-23 06:40:00'),(1787,6,133,'2024-12-23 06:46:00','2024-12-23 06:45:00'),(1788,7,133,'2024-12-23 06:51:00','2024-12-23 06:50:00'),(1789,8,133,'2024-12-23 06:56:00','2024-12-23 06:55:00'),(1790,9,133,'2024-12-23 07:04:00','2024-12-23 07:03:00'),(1791,10,133,'2024-12-23 07:09:00','2024-12-23 07:08:00'),(1792,11,133,'2024-12-23 07:15:00','2024-12-23 07:14:00'),(1793,12,133,'2024-12-23 07:18:00','2024-12-23 07:17:00'),(1794,13,133,'2024-12-23 07:23:00','2024-12-23 07:22:00'),(1795,14,133,'2024-12-23 07:30:00','2024-12-23 07:29:00'),(1796,15,133,'2024-12-23 07:38:00','2024-12-23 07:37:00'),(1797,16,133,'2024-12-23 07:50:00','2024-12-23 07:50:00'),(1798,1,134,'2024-12-23 07:24:00','2024-12-23 07:23:00'),(1799,2,134,'2024-12-23 07:30:00','2024-12-23 07:29:00'),(1800,3,134,'2024-12-23 07:37:00','2024-12-23 07:36:00'),(1801,5,134,'2024-12-23 07:55:00','2024-12-23 07:54:00'),(1802,6,134,'2024-12-23 08:00:00','2024-12-23 07:59:00'),(1803,7,134,'2024-12-23 08:05:00','2024-12-23 08:04:00'),(1804,8,134,'2024-12-23 08:10:00','2024-12-23 08:09:00'),(1805,9,134,'2024-12-23 08:19:00','2024-12-23 08:18:00'),(1806,10,134,'2024-12-23 08:24:00','2024-12-23 08:23:00'),(1807,11,134,'2024-12-23 08:33:00','2024-12-23 08:32:00'),(1808,12,134,'2024-12-23 08:36:00','2024-12-23 08:35:00'),(1809,13,134,'2024-12-23 08:39:00','2024-12-23 08:38:00'),(1810,14,134,'2024-12-23 08:45:00','2024-12-23 08:44:00'),(1811,15,134,'2024-12-23 08:54:00','2024-12-23 08:53:00'),(1812,16,134,'2024-12-23 09:06:00','2024-12-23 09:06:00'),(1813,1,135,'2024-12-23 08:01:00','2024-12-23 08:00:00'),(1814,2,135,'2024-12-23 08:08:00','2024-12-23 08:07:00'),(1815,3,135,'2024-12-23 08:15:00','2024-12-23 08:14:00'),(1816,5,135,'2024-12-23 08:36:00','2024-12-23 08:35:00'),(1817,6,135,'2024-12-23 08:40:00','2024-12-23 08:39:00'),(1818,7,135,'2024-12-23 08:45:00','2024-12-23 08:44:00'),(1819,8,135,'2024-12-23 08:49:00','2024-12-23 08:48:00'),(1820,9,135,'2024-12-23 08:55:00','2024-12-23 08:54:00'),(1821,10,135,'2024-12-23 08:59:00','2024-12-23 08:58:00'),(1822,11,135,'2024-12-23 09:05:00','2024-12-23 09:04:00'),(1823,12,135,'2024-12-23 09:08:00','2024-12-23 09:07:00'),(1824,13,135,'2024-12-23 09:12:00','2024-12-23 09:11:00'),(1825,14,135,'2024-12-23 09:17:00','2024-12-23 09:16:00'),(1826,15,135,'2024-12-23 09:25:00','2024-12-23 09:24:00'),(1827,16,135,'2024-12-23 09:37:00','2024-12-23 09:37:00'),(1828,16,136,'2024-12-23 16:31:00','2024-12-23 16:30:00'),(1829,15,136,'2024-12-23 16:41:00','2024-12-23 16:40:00'),(1830,14,136,'2024-12-23 16:50:00','2024-12-23 16:49:00'),(1831,13,136,'2024-12-23 16:56:00','2024-12-23 16:55:00'),(1832,12,136,'2024-12-23 17:00:00','2024-12-23 16:59:00'),(1833,11,136,'2024-12-23 17:03:00','2024-12-23 17:02:00'),(1834,10,136,'2024-12-23 17:08:00','2024-12-23 17:07:00'),(1835,9,136,'2024-12-23 17:12:00','2024-12-23 17:11:00'),(1836,8,136,'2024-12-23 17:17:00','2024-12-23 17:16:00'),(1837,7,136,'2024-12-23 17:22:00','2024-12-23 17:21:00'),(1838,6,136,'2024-12-23 17:26:00','2024-12-23 17:25:00'),(1839,5,136,'2024-12-23 17:30:00','2024-12-23 17:29:00'),(1840,3,136,'2024-12-23 17:46:00','2024-12-23 17:45:00'),(1841,2,136,'2024-12-23 17:53:00','2024-12-23 17:52:00'),(1842,1,136,'2024-12-23 18:04:00','2024-12-23 18:04:00'),(1843,16,137,'2024-12-23 17:09:00','2024-12-23 17:08:00'),(1844,15,137,'2024-12-23 17:29:00','2024-12-23 17:18:00'),(1845,14,137,'2024-12-23 17:30:00','2024-12-23 17:29:00'),(1846,13,137,'2024-12-23 17:36:00','2024-12-23 17:35:00'),(1847,8,137,'2024-12-23 17:50:00','2024-12-23 17:49:00'),(1848,7,137,'2024-12-23 17:55:00','2024-12-23 17:54:00'),(1849,6,137,'2024-12-23 18:00:00','2024-12-23 17:59:00'),(1850,5,137,'2024-12-23 18:04:00','2024-12-23 18:04:00'),(1851,4,137,'2024-12-23 18:13:00','2024-12-23 18:13:00'),(1852,16,138,'2024-12-23 18:15:00','2024-12-23 18:14:00'),(1853,14,138,'2024-12-23 18:31:00','2024-12-23 18:30:00'),(1854,13,138,'2024-12-23 18:37:00','2024-12-23 18:36:00'),(1855,9,138,'2024-12-23 18:47:00','2024-12-23 18:46:00'),(1856,8,138,'2024-12-23 18:53:00','2024-12-23 18:52:00'),(1857,7,138,'2024-12-23 18:58:00','2024-12-23 18:57:00'),(1858,6,138,'2024-12-23 19:04:00','2024-12-23 19:03:00'),(1859,5,138,'2024-12-23 19:08:00','2024-12-23 19:07:00'),(1860,4,138,'2024-12-23 19:13:00','2024-12-23 19:12:00'),(1861,3,138,'2024-12-23 19:25:00','2024-12-23 19:24:00'),(1862,2,138,'2024-12-23 19:32:00','2024-12-23 19:31:00'),(1863,1,138,'2024-12-23 19:43:00','2024-12-23 19:43:00'),(1864,1,139,'2024-12-24 06:12:00','2024-12-24 06:11:00'),(1865,2,139,'2024-12-24 06:18:00','2024-12-24 06:17:00'),(1866,3,139,'2024-12-24 06:26:00','2024-12-24 06:25:00'),(1867,5,139,'2024-12-24 06:41:00','2024-12-24 06:40:00'),(1868,6,139,'2024-12-24 06:46:00','2024-12-24 06:45:00'),(1869,7,139,'2024-12-24 06:51:00','2024-12-24 06:50:00'),(1870,8,139,'2024-12-24 06:56:00','2024-12-24 06:55:00'),(1871,9,139,'2024-12-24 07:04:00','2024-12-24 07:03:00'),(1872,10,139,'2024-12-24 07:09:00','2024-12-24 07:08:00'),(1873,11,139,'2024-12-24 07:15:00','2024-12-24 07:14:00'),(1874,12,139,'2024-12-24 07:18:00','2024-12-24 07:17:00'),(1875,13,139,'2024-12-24 07:23:00','2024-12-24 07:22:00'),(1876,14,139,'2024-12-24 07:30:00','2024-12-24 07:29:00'),(1877,15,139,'2024-12-24 07:38:00','2024-12-24 07:37:00'),(1878,16,139,'2024-12-24 07:50:00','2024-12-24 07:50:00'),(1879,1,140,'2024-12-24 07:24:00','2024-12-24 07:23:00'),(1880,2,140,'2024-12-24 07:30:00','2024-12-24 07:29:00'),(1881,3,140,'2024-12-24 07:37:00','2024-12-24 07:36:00'),(1882,5,140,'2024-12-24 07:55:00','2024-12-24 07:54:00'),(1883,6,140,'2024-12-24 08:00:00','2024-12-24 07:59:00'),(1884,7,140,'2024-12-24 08:05:00','2024-12-24 08:04:00'),(1885,8,140,'2024-12-24 08:10:00','2024-12-24 08:09:00'),(1886,9,140,'2024-12-24 08:19:00','2024-12-24 08:18:00'),(1887,10,140,'2024-12-24 08:24:00','2024-12-24 08:23:00'),(1888,11,140,'2024-12-24 08:33:00','2024-12-24 08:32:00'),(1889,12,140,'2024-12-24 08:36:00','2024-12-24 08:35:00'),(1890,13,140,'2024-12-24 08:39:00','2024-12-24 08:38:00'),(1891,14,140,'2024-12-24 08:45:00','2024-12-24 08:44:00'),(1892,15,140,'2024-12-24 08:54:00','2024-12-24 08:53:00'),(1893,16,140,'2024-12-24 09:06:00','2024-12-24 09:06:00'),(1894,1,141,'2024-12-24 08:01:00','2024-12-24 08:00:00'),(1895,2,141,'2024-12-24 08:08:00','2024-12-24 08:07:00'),(1896,3,141,'2024-12-24 08:15:00','2024-12-24 08:14:00'),(1897,5,141,'2024-12-24 08:36:00','2024-12-24 08:35:00'),(1898,6,141,'2024-12-24 08:40:00','2024-12-24 08:39:00'),(1899,7,141,'2024-12-24 08:45:00','2024-12-24 08:44:00'),(1900,8,141,'2024-12-24 08:49:00','2024-12-24 08:48:00'),(1901,9,141,'2024-12-24 08:55:00','2024-12-24 08:54:00'),(1902,10,141,'2024-12-24 08:59:00','2024-12-24 08:58:00'),(1903,11,141,'2024-12-24 09:05:00','2024-12-24 09:04:00'),(1904,12,141,'2024-12-24 09:08:00','2024-12-24 09:07:00'),(1905,13,141,'2024-12-24 09:12:00','2024-12-24 09:11:00'),(1906,14,141,'2024-12-24 09:17:00','2024-12-24 09:16:00'),(1907,15,141,'2024-12-24 09:25:00','2024-12-24 09:24:00'),(1908,16,141,'2024-12-24 09:37:00','2024-12-24 09:37:00'),(1909,16,142,'2024-12-24 16:31:00','2024-12-24 16:30:00'),(1910,15,142,'2024-12-24 16:41:00','2024-12-24 16:40:00'),(1911,14,142,'2024-12-24 16:50:00','2024-12-24 16:49:00'),(1912,13,142,'2024-12-24 16:56:00','2024-12-24 16:55:00'),(1913,12,142,'2024-12-24 17:00:00','2024-12-24 16:59:00'),(1914,11,142,'2024-12-24 17:03:00','2024-12-24 17:02:00'),(1915,10,142,'2024-12-24 17:08:00','2024-12-24 17:07:00'),(1916,9,142,'2024-12-24 17:12:00','2024-12-24 17:11:00'),(1917,8,142,'2024-12-24 17:17:00','2024-12-24 17:16:00'),(1918,7,142,'2024-12-24 17:22:00','2024-12-24 17:21:00'),(1919,6,142,'2024-12-24 17:26:00','2024-12-24 17:25:00'),(1920,5,142,'2024-12-24 17:30:00','2024-12-24 17:29:00'),(1921,3,142,'2024-12-24 17:46:00','2024-12-24 17:45:00'),(1922,2,142,'2024-12-24 17:53:00','2024-12-24 17:52:00'),(1923,1,142,'2024-12-24 18:04:00','2024-12-24 18:04:00'),(1924,16,143,'2024-12-24 17:09:00','2024-12-24 17:08:00'),(1925,15,143,'2024-12-24 17:29:00','2024-12-24 17:18:00'),(1926,14,143,'2024-12-24 17:30:00','2024-12-24 17:29:00'),(1927,13,143,'2024-12-24 17:36:00','2024-12-24 17:35:00'),(1928,8,143,'2024-12-24 17:50:00','2024-12-24 17:49:00'),(1929,7,143,'2024-12-24 17:55:00','2024-12-24 17:54:00'),(1930,6,143,'2024-12-24 18:00:00','2024-12-24 17:59:00'),(1931,5,143,'2024-12-24 18:04:00','2024-12-24 18:04:00'),(1932,4,143,'2024-12-24 18:13:00','2024-12-24 18:13:00'),(1933,16,144,'2024-12-24 18:15:00','2024-12-24 18:14:00'),(1934,14,144,'2024-12-24 18:31:00','2024-12-24 18:30:00'),(1935,13,144,'2024-12-24 18:37:00','2024-12-24 18:36:00'),(1936,9,144,'2024-12-24 18:47:00','2024-12-24 18:46:00'),(1937,8,144,'2024-12-24 18:53:00','2024-12-24 18:52:00'),(1938,7,144,'2024-12-24 18:58:00','2024-12-24 18:57:00'),(1939,6,144,'2024-12-24 19:04:00','2024-12-24 19:03:00'),(1940,5,144,'2024-12-24 19:08:00','2024-12-24 19:07:00'),(1941,4,144,'2024-12-24 19:13:00','2024-12-24 19:12:00'),(1942,3,144,'2024-12-24 19:25:00','2024-12-24 19:24:00'),(1943,2,144,'2024-12-24 19:32:00','2024-12-24 19:31:00'),(1944,1,144,'2024-12-24 19:43:00','2024-12-24 19:43:00'),(1945,1,145,'2024-12-25 06:12:00','2024-12-25 06:11:00'),(1946,2,145,'2024-12-25 06:18:00','2024-12-25 06:17:00'),(1947,3,145,'2024-12-25 06:26:00','2024-12-25 06:25:00'),(1948,5,145,'2024-12-25 06:41:00','2024-12-25 06:40:00'),(1949,6,145,'2024-12-25 06:46:00','2024-12-25 06:45:00'),(1950,7,145,'2024-12-25 06:51:00','2024-12-25 06:50:00'),(1951,8,145,'2024-12-25 06:56:00','2024-12-25 06:55:00'),(1952,9,145,'2024-12-25 07:04:00','2024-12-25 07:03:00'),(1953,10,145,'2024-12-25 07:09:00','2024-12-25 07:08:00'),(1954,11,145,'2024-12-25 07:15:00','2024-12-25 07:14:00'),(1955,12,145,'2024-12-25 07:18:00','2024-12-25 07:17:00'),(1956,13,145,'2024-12-25 07:23:00','2024-12-25 07:22:00'),(1957,14,145,'2024-12-25 07:30:00','2024-12-25 07:29:00'),(1958,15,145,'2024-12-25 07:38:00','2024-12-25 07:37:00'),(1959,16,145,'2024-12-25 07:50:00','2024-12-25 07:50:00'),(1960,1,146,'2024-12-25 07:24:00','2024-12-25 07:23:00'),(1961,2,146,'2024-12-25 07:30:00','2024-12-25 07:29:00'),(1962,3,146,'2024-12-25 07:37:00','2024-12-25 07:36:00'),(1963,5,146,'2024-12-25 07:55:00','2024-12-25 07:54:00'),(1964,6,146,'2024-12-25 08:00:00','2024-12-25 07:59:00'),(1965,7,146,'2024-12-25 08:05:00','2024-12-25 08:04:00'),(1966,8,146,'2024-12-25 08:10:00','2024-12-25 08:09:00'),(1967,9,146,'2024-12-25 08:19:00','2024-12-25 08:18:00'),(1968,10,146,'2024-12-25 08:24:00','2024-12-25 08:23:00'),(1969,11,146,'2024-12-25 08:33:00','2024-12-25 08:32:00'),(1970,12,146,'2024-12-25 08:36:00','2024-12-25 08:35:00'),(1971,13,146,'2024-12-25 08:39:00','2024-12-25 08:38:00'),(1972,14,146,'2024-12-25 08:45:00','2024-12-25 08:44:00'),(1973,15,146,'2024-12-25 08:54:00','2024-12-25 08:53:00'),(1974,16,146,'2024-12-25 09:06:00','2024-12-25 09:06:00'),(1975,1,147,'2024-12-25 08:01:00','2024-12-25 08:00:00'),(1976,2,147,'2024-12-25 08:08:00','2024-12-25 08:07:00'),(1977,3,147,'2024-12-25 08:15:00','2024-12-25 08:14:00'),(1978,5,147,'2024-12-25 08:36:00','2024-12-25 08:35:00'),(1979,6,147,'2024-12-25 08:40:00','2024-12-25 08:39:00'),(1980,7,147,'2024-12-25 08:45:00','2024-12-25 08:44:00'),(1981,8,147,'2024-12-25 08:49:00','2024-12-25 08:48:00'),(1982,9,147,'2024-12-25 08:55:00','2024-12-25 08:54:00'),(1983,10,147,'2024-12-25 08:59:00','2024-12-25 08:58:00'),(1984,11,147,'2024-12-25 09:05:00','2024-12-25 09:04:00'),(1985,12,147,'2024-12-25 09:08:00','2024-12-25 09:07:00'),(1986,13,147,'2024-12-25 09:12:00','2024-12-25 09:11:00'),(1987,14,147,'2024-12-25 09:17:00','2024-12-25 09:16:00'),(1988,15,147,'2024-12-25 09:25:00','2024-12-25 09:24:00'),(1989,16,147,'2024-12-25 09:37:00','2024-12-25 09:37:00'),(1990,16,148,'2024-12-25 16:31:00','2024-12-25 16:30:00'),(1991,15,148,'2024-12-25 16:41:00','2024-12-25 16:40:00'),(1992,14,148,'2024-12-25 16:50:00','2024-12-25 16:49:00'),(1993,13,148,'2024-12-25 16:56:00','2024-12-25 16:55:00'),(1994,12,148,'2024-12-25 17:00:00','2024-12-25 16:59:00'),(1995,11,148,'2024-12-25 17:03:00','2024-12-25 17:02:00'),(1996,10,148,'2024-12-25 17:08:00','2024-12-25 17:07:00'),(1997,9,148,'2024-12-25 17:12:00','2024-12-25 17:11:00'),(1998,8,148,'2024-12-25 17:17:00','2024-12-25 17:16:00'),(1999,7,148,'2024-12-25 17:22:00','2024-12-25 17:21:00'),(2000,6,148,'2024-12-25 17:26:00','2024-12-25 17:25:00'),(2001,5,148,'2024-12-25 17:30:00','2024-12-25 17:29:00'),(2002,3,148,'2024-12-25 17:46:00','2024-12-25 17:45:00'),(2003,2,148,'2024-12-25 17:53:00','2024-12-25 17:52:00'),(2004,1,148,'2024-12-25 18:04:00','2024-12-25 18:04:00'),(2005,16,149,'2024-12-25 17:09:00','2024-12-25 17:08:00'),(2006,15,149,'2024-12-25 17:29:00','2024-12-25 17:18:00'),(2007,14,149,'2024-12-25 17:30:00','2024-12-25 17:29:00'),(2008,13,149,'2024-12-25 17:36:00','2024-12-25 17:35:00'),(2009,8,149,'2024-12-25 17:50:00','2024-12-25 17:49:00'),(2010,7,149,'2024-12-25 17:55:00','2024-12-25 17:54:00'),(2011,6,149,'2024-12-25 18:00:00','2024-12-25 17:59:00'),(2012,5,149,'2024-12-25 18:04:00','2024-12-25 18:04:00'),(2013,4,149,'2024-12-25 18:13:00','2024-12-25 18:13:00'),(2014,16,150,'2024-12-25 18:15:00','2024-12-25 18:14:00'),(2015,14,150,'2024-12-25 18:31:00','2024-12-25 18:30:00'),(2016,13,150,'2024-12-25 18:37:00','2024-12-25 18:36:00'),(2017,9,150,'2024-12-25 18:47:00','2024-12-25 18:46:00'),(2018,8,150,'2024-12-25 18:53:00','2024-12-25 18:52:00'),(2019,7,150,'2024-12-25 18:58:00','2024-12-25 18:57:00'),(2020,6,150,'2024-12-25 19:04:00','2024-12-25 19:03:00'),(2021,5,150,'2024-12-25 19:08:00','2024-12-25 19:07:00'),(2022,4,150,'2024-12-25 19:13:00','2024-12-25 19:12:00'),(2023,3,150,'2024-12-25 19:25:00','2024-12-25 19:24:00'),(2024,2,150,'2024-12-25 19:32:00','2024-12-25 19:31:00'),(2025,1,150,'2024-12-25 19:43:00','2024-12-25 19:43:00'),(2026,1,151,'2024-12-26 06:12:00','2024-12-26 06:11:00'),(2027,2,151,'2024-12-26 06:18:00','2024-12-26 06:17:00'),(2028,3,151,'2024-12-26 06:26:00','2024-12-26 06:25:00'),(2029,5,151,'2024-12-26 06:41:00','2024-12-26 06:40:00'),(2030,6,151,'2024-12-26 06:46:00','2024-12-26 06:45:00'),(2031,7,151,'2024-12-26 06:51:00','2024-12-26 06:50:00'),(2032,8,151,'2024-12-26 06:56:00','2024-12-26 06:55:00'),(2033,9,151,'2024-12-26 07:04:00','2024-12-26 07:03:00'),(2034,10,151,'2024-12-26 07:09:00','2024-12-26 07:08:00'),(2035,11,151,'2024-12-26 07:15:00','2024-12-26 07:14:00'),(2036,12,151,'2024-12-26 07:18:00','2024-12-26 07:17:00'),(2037,13,151,'2024-12-26 07:23:00','2024-12-26 07:22:00'),(2038,14,151,'2024-12-26 07:30:00','2024-12-26 07:29:00'),(2039,15,151,'2024-12-26 07:38:00','2024-12-26 07:37:00'),(2040,16,151,'2024-12-26 07:50:00','2024-12-26 07:50:00'),(2041,1,152,'2024-12-26 07:24:00','2024-12-26 07:23:00'),(2042,2,152,'2024-12-26 07:30:00','2024-12-26 07:29:00'),(2043,3,152,'2024-12-26 07:37:00','2024-12-26 07:36:00'),(2044,5,152,'2024-12-26 07:55:00','2024-12-26 07:54:00'),(2045,6,152,'2024-12-26 08:00:00','2024-12-26 07:59:00'),(2046,7,152,'2024-12-26 08:05:00','2024-12-26 08:04:00'),(2047,8,152,'2024-12-26 08:10:00','2024-12-26 08:09:00'),(2048,9,152,'2024-12-26 08:19:00','2024-12-26 08:18:00'),(2049,10,152,'2024-12-26 08:24:00','2024-12-26 08:23:00'),(2050,11,152,'2024-12-26 08:33:00','2024-12-26 08:32:00'),(2051,12,152,'2024-12-26 08:36:00','2024-12-26 08:35:00'),(2052,13,152,'2024-12-26 08:39:00','2024-12-26 08:38:00'),(2053,14,152,'2024-12-26 08:45:00','2024-12-26 08:44:00'),(2054,15,152,'2024-12-26 08:54:00','2024-12-26 08:53:00'),(2055,16,152,'2024-12-26 09:06:00','2024-12-26 09:06:00'),(2056,1,153,'2024-12-26 08:01:00','2024-12-26 08:00:00'),(2057,2,153,'2024-12-26 08:08:00','2024-12-26 08:07:00'),(2058,3,153,'2024-12-26 08:15:00','2024-12-26 08:14:00'),(2059,5,153,'2024-12-26 08:36:00','2024-12-26 08:35:00'),(2060,6,153,'2024-12-26 08:40:00','2024-12-26 08:39:00'),(2061,7,153,'2024-12-26 08:45:00','2024-12-26 08:44:00'),(2062,8,153,'2024-12-26 08:49:00','2024-12-26 08:48:00'),(2063,9,153,'2024-12-26 08:55:00','2024-12-26 08:54:00'),(2064,10,153,'2024-12-26 08:59:00','2024-12-26 08:58:00'),(2065,11,153,'2024-12-26 09:05:00','2024-12-26 09:04:00'),(2066,12,153,'2024-12-26 09:08:00','2024-12-26 09:07:00'),(2067,13,153,'2024-12-26 09:12:00','2024-12-26 09:11:00'),(2068,14,153,'2024-12-26 09:17:00','2024-12-26 09:16:00'),(2069,15,153,'2024-12-26 09:25:00','2024-12-26 09:24:00'),(2070,16,153,'2024-12-26 09:37:00','2024-12-26 09:37:00'),(2071,16,154,'2024-12-26 16:31:00','2024-12-26 16:30:00'),(2072,15,154,'2024-12-26 16:41:00','2024-12-26 16:40:00'),(2073,14,154,'2024-12-26 16:50:00','2024-12-26 16:49:00'),(2074,13,154,'2024-12-26 16:56:00','2024-12-26 16:55:00'),(2075,12,154,'2024-12-26 17:00:00','2024-12-26 16:59:00'),(2076,11,154,'2024-12-26 17:03:00','2024-12-26 17:02:00'),(2077,10,154,'2024-12-26 17:08:00','2024-12-26 17:07:00'),(2078,9,154,'2024-12-26 17:12:00','2024-12-26 17:11:00'),(2079,8,154,'2024-12-26 17:17:00','2024-12-26 17:16:00'),(2080,7,154,'2024-12-26 17:22:00','2024-12-26 17:21:00'),(2081,6,154,'2024-12-26 17:26:00','2024-12-26 17:25:00'),(2082,5,154,'2024-12-26 17:30:00','2024-12-26 17:29:00'),(2083,3,154,'2024-12-26 17:46:00','2024-12-26 17:45:00'),(2084,2,154,'2024-12-26 17:53:00','2024-12-26 17:52:00'),(2085,1,154,'2024-12-26 18:04:00','2024-12-26 18:04:00'),(2086,16,155,'2024-12-26 17:09:00','2024-12-26 17:08:00'),(2087,15,155,'2024-12-26 17:29:00','2024-12-26 17:18:00'),(2088,14,155,'2024-12-26 17:30:00','2024-12-26 17:29:00'),(2089,13,155,'2024-12-26 17:36:00','2024-12-26 17:35:00'),(2090,8,155,'2024-12-26 17:50:00','2024-12-26 17:49:00'),(2091,7,155,'2024-12-26 17:55:00','2024-12-26 17:54:00'),(2092,6,155,'2024-12-26 18:00:00','2024-12-26 17:59:00'),(2093,5,155,'2024-12-26 18:04:00','2024-12-26 18:04:00'),(2094,4,155,'2024-12-26 18:13:00','2024-12-26 18:13:00'),(2095,16,156,'2024-12-26 18:15:00','2024-12-26 18:14:00'),(2096,14,156,'2024-12-26 18:31:00','2024-12-26 18:30:00'),(2097,13,156,'2024-12-26 18:37:00','2024-12-26 18:36:00'),(2098,9,156,'2024-12-26 18:47:00','2024-12-26 18:46:00'),(2099,8,156,'2024-12-26 18:53:00','2024-12-26 18:52:00'),(2100,7,156,'2024-12-26 18:58:00','2024-12-26 18:57:00'),(2101,6,156,'2024-12-26 19:04:00','2024-12-26 19:03:00'),(2102,5,156,'2024-12-26 19:08:00','2024-12-26 19:07:00'),(2103,4,156,'2024-12-26 19:13:00','2024-12-26 19:12:00'),(2104,3,156,'2024-12-26 19:25:00','2024-12-26 19:24:00'),(2105,2,156,'2024-12-26 19:32:00','2024-12-26 19:31:00'),(2106,1,156,'2024-12-26 19:43:00','2024-12-26 19:43:00'),(2107,1,157,'2024-12-27 06:12:00','2024-12-27 06:11:00'),(2108,2,157,'2024-12-27 06:18:00','2024-12-27 06:17:00'),(2109,3,157,'2024-12-27 06:26:00','2024-12-27 06:25:00'),(2110,5,157,'2024-12-27 06:41:00','2024-12-27 06:40:00'),(2111,6,157,'2024-12-27 06:46:00','2024-12-27 06:45:00'),(2112,7,157,'2024-12-27 06:51:00','2024-12-27 06:50:00'),(2113,8,157,'2024-12-27 06:56:00','2024-12-27 06:55:00'),(2114,9,157,'2024-12-27 07:04:00','2024-12-27 07:03:00'),(2115,10,157,'2024-12-27 07:09:00','2024-12-27 07:08:00'),(2116,11,157,'2024-12-27 07:15:00','2024-12-27 07:14:00'),(2117,12,157,'2024-12-27 07:18:00','2024-12-27 07:17:00'),(2118,13,157,'2024-12-27 07:23:00','2024-12-27 07:22:00'),(2119,14,157,'2024-12-27 07:30:00','2024-12-27 07:29:00'),(2120,15,157,'2024-12-27 07:38:00','2024-12-27 07:37:00'),(2121,16,157,'2024-12-27 07:50:00','2024-12-27 07:50:00'),(2122,1,158,'2024-12-27 07:24:00','2024-12-27 07:23:00'),(2123,2,158,'2024-12-27 07:30:00','2024-12-27 07:29:00'),(2124,3,158,'2024-12-27 07:37:00','2024-12-27 07:36:00'),(2125,5,158,'2024-12-27 07:55:00','2024-12-27 07:54:00'),(2126,6,158,'2024-12-27 08:00:00','2024-12-27 07:59:00'),(2127,7,158,'2024-12-27 08:05:00','2024-12-27 08:04:00'),(2128,8,158,'2024-12-27 08:10:00','2024-12-27 08:09:00'),(2129,9,158,'2024-12-27 08:19:00','2024-12-27 08:18:00'),(2130,10,158,'2024-12-27 08:24:00','2024-12-27 08:23:00'),(2131,11,158,'2024-12-27 08:33:00','2024-12-27 08:32:00'),(2132,12,158,'2024-12-27 08:36:00','2024-12-27 08:35:00'),(2133,13,158,'2024-12-27 08:39:00','2024-12-27 08:38:00'),(2134,14,158,'2024-12-27 08:45:00','2024-12-27 08:44:00'),(2135,15,158,'2024-12-27 08:54:00','2024-12-27 08:53:00'),(2136,16,158,'2024-12-27 09:06:00','2024-12-27 09:06:00'),(2137,1,159,'2024-12-27 08:01:00','2024-12-27 08:00:00'),(2138,2,159,'2024-12-27 08:08:00','2024-12-27 08:07:00'),(2139,3,159,'2024-12-27 08:15:00','2024-12-27 08:14:00'),(2140,5,159,'2024-12-27 08:36:00','2024-12-27 08:35:00'),(2141,6,159,'2024-12-27 08:40:00','2024-12-27 08:39:00'),(2142,7,159,'2024-12-27 08:45:00','2024-12-27 08:44:00'),(2143,8,159,'2024-12-27 08:49:00','2024-12-27 08:48:00'),(2144,9,159,'2024-12-27 08:55:00','2024-12-27 08:54:00'),(2145,10,159,'2024-12-27 08:59:00','2024-12-27 08:58:00'),(2146,11,159,'2024-12-27 09:05:00','2024-12-27 09:04:00'),(2147,12,159,'2024-12-27 09:08:00','2024-12-27 09:07:00'),(2148,13,159,'2024-12-27 09:12:00','2024-12-27 09:11:00'),(2149,14,159,'2024-12-27 09:17:00','2024-12-27 09:16:00'),(2150,15,159,'2024-12-27 09:25:00','2024-12-27 09:24:00'),(2151,16,159,'2024-12-27 09:37:00','2024-12-27 09:37:00'),(2152,16,160,'2024-12-27 16:31:00','2024-12-27 16:30:00'),(2153,15,160,'2024-12-27 16:41:00','2024-12-27 16:40:00'),(2154,14,160,'2024-12-27 16:50:00','2024-12-27 16:49:00'),(2155,13,160,'2024-12-27 16:56:00','2024-12-27 16:55:00'),(2156,12,160,'2024-12-27 17:00:00','2024-12-27 16:59:00'),(2157,11,160,'2024-12-27 17:03:00','2024-12-27 17:02:00'),(2158,10,160,'2024-12-27 17:08:00','2024-12-27 17:07:00'),(2159,9,160,'2024-12-27 17:12:00','2024-12-27 17:11:00'),(2160,8,160,'2024-12-27 17:17:00','2024-12-27 17:16:00'),(2161,7,160,'2024-12-27 17:22:00','2024-12-27 17:21:00'),(2162,6,160,'2024-12-27 17:26:00','2024-12-27 17:25:00'),(2163,5,160,'2024-12-27 17:30:00','2024-12-27 17:29:00'),(2164,3,160,'2024-12-27 17:46:00','2024-12-27 17:45:00'),(2165,2,160,'2024-12-27 17:53:00','2024-12-27 17:52:00'),(2166,1,160,'2024-12-27 18:04:00','2024-12-27 18:04:00'),(2167,16,161,'2024-12-27 17:09:00','2024-12-27 17:08:00'),(2168,15,161,'2024-12-27 17:29:00','2024-12-27 17:18:00'),(2169,14,161,'2024-12-27 17:30:00','2024-12-27 17:29:00'),(2170,13,161,'2024-12-27 17:36:00','2024-12-27 17:35:00'),(2171,8,161,'2024-12-27 17:50:00','2024-12-27 17:49:00'),(2172,7,161,'2024-12-27 17:55:00','2024-12-27 17:54:00'),(2173,6,161,'2024-12-27 18:00:00','2024-12-27 17:59:00'),(2174,5,161,'2024-12-27 18:04:00','2024-12-27 18:04:00'),(2175,4,161,'2024-12-27 18:13:00','2024-12-27 18:13:00'),(2176,16,162,'2024-12-27 18:15:00','2024-12-27 18:14:00'),(2177,14,162,'2024-12-27 18:31:00','2024-12-27 18:30:00'),(2178,13,162,'2024-12-27 18:37:00','2024-12-27 18:36:00'),(2179,9,162,'2024-12-27 18:47:00','2024-12-27 18:46:00'),(2180,8,162,'2024-12-27 18:53:00','2024-12-27 18:52:00'),(2181,7,162,'2024-12-27 18:58:00','2024-12-27 18:57:00'),(2182,6,162,'2024-12-27 19:04:00','2024-12-27 19:03:00'),(2183,5,162,'2024-12-27 19:08:00','2024-12-27 19:07:00'),(2184,4,162,'2024-12-27 19:13:00','2024-12-27 19:12:00'),(2185,3,162,'2024-12-27 19:25:00','2024-12-27 19:24:00'),(2186,2,162,'2024-12-27 19:32:00','2024-12-27 19:31:00'),(2187,1,162,'2024-12-27 19:43:00','2024-12-27 19:43:00'),(2188,1,163,'2024-12-28 06:12:00','2024-12-28 06:11:00'),(2189,2,163,'2024-12-28 06:18:00','2024-12-28 06:17:00'),(2190,3,163,'2024-12-28 06:26:00','2024-12-28 06:25:00'),(2191,5,163,'2024-12-28 06:41:00','2024-12-28 06:40:00'),(2192,6,163,'2024-12-28 06:46:00','2024-12-28 06:45:00'),(2193,7,163,'2024-12-28 06:51:00','2024-12-28 06:50:00'),(2194,8,163,'2024-12-28 06:56:00','2024-12-28 06:55:00'),(2195,9,163,'2024-12-28 07:04:00','2024-12-28 07:03:00'),(2196,10,163,'2024-12-28 07:09:00','2024-12-28 07:08:00'),(2197,11,163,'2024-12-28 07:15:00','2024-12-28 07:14:00'),(2198,12,163,'2024-12-28 07:18:00','2024-12-28 07:17:00'),(2199,13,163,'2024-12-28 07:23:00','2024-12-28 07:22:00'),(2200,14,163,'2024-12-28 07:30:00','2024-12-28 07:29:00'),(2201,15,163,'2024-12-28 07:38:00','2024-12-28 07:37:00'),(2202,16,163,'2024-12-28 07:50:00','2024-12-28 07:50:00'),(2203,1,164,'2024-12-28 07:24:00','2024-12-28 07:23:00'),(2204,2,164,'2024-12-28 07:30:00','2024-12-28 07:29:00'),(2205,3,164,'2024-12-28 07:37:00','2024-12-28 07:36:00'),(2206,5,164,'2024-12-28 07:55:00','2024-12-28 07:54:00'),(2207,6,164,'2024-12-28 08:00:00','2024-12-28 07:59:00'),(2208,7,164,'2024-12-28 08:05:00','2024-12-28 08:04:00'),(2209,8,164,'2024-12-28 08:10:00','2024-12-28 08:09:00'),(2210,9,164,'2024-12-28 08:19:00','2024-12-28 08:18:00'),(2211,10,164,'2024-12-28 08:24:00','2024-12-28 08:23:00'),(2212,11,164,'2024-12-28 08:33:00','2024-12-28 08:32:00'),(2213,12,164,'2024-12-28 08:36:00','2024-12-28 08:35:00'),(2214,13,164,'2024-12-28 08:39:00','2024-12-28 08:38:00'),(2215,14,164,'2024-12-28 08:45:00','2024-12-28 08:44:00'),(2216,15,164,'2024-12-28 08:54:00','2024-12-28 08:53:00'),(2217,16,164,'2024-12-28 09:06:00','2024-12-28 09:06:00'),(2218,1,165,'2024-12-28 08:01:00','2024-12-28 08:00:00'),(2219,2,165,'2024-12-28 08:08:00','2024-12-28 08:07:00'),(2220,3,165,'2024-12-28 08:15:00','2024-12-28 08:14:00'),(2221,5,165,'2024-12-28 08:36:00','2024-12-28 08:35:00'),(2222,6,165,'2024-12-28 08:40:00','2024-12-28 08:39:00'),(2223,7,165,'2024-12-28 08:45:00','2024-12-28 08:44:00'),(2224,8,165,'2024-12-28 08:49:00','2024-12-28 08:48:00'),(2225,9,165,'2024-12-28 08:55:00','2024-12-28 08:54:00'),(2226,10,165,'2024-12-28 08:59:00','2024-12-28 08:58:00'),(2227,11,165,'2024-12-28 09:05:00','2024-12-28 09:04:00'),(2228,12,165,'2024-12-28 09:08:00','2024-12-28 09:07:00'),(2229,13,165,'2024-12-28 09:12:00','2024-12-28 09:11:00'),(2230,14,165,'2024-12-28 09:17:00','2024-12-28 09:16:00'),(2231,15,165,'2024-12-28 09:25:00','2024-12-28 09:24:00'),(2232,16,165,'2024-12-28 09:37:00','2024-12-28 09:37:00'),(2233,16,166,'2024-12-28 16:31:00','2024-12-28 16:30:00'),(2234,15,166,'2024-12-28 16:41:00','2024-12-28 16:40:00'),(2235,14,166,'2024-12-28 16:50:00','2024-12-28 16:49:00'),(2236,13,166,'2024-12-28 16:56:00','2024-12-28 16:55:00'),(2237,12,166,'2024-12-28 17:00:00','2024-12-28 16:59:00'),(2238,11,166,'2024-12-28 17:03:00','2024-12-28 17:02:00'),(2239,10,166,'2024-12-28 17:08:00','2024-12-28 17:07:00'),(2240,9,166,'2024-12-28 17:12:00','2024-12-28 17:11:00'),(2241,8,166,'2024-12-28 17:17:00','2024-12-28 17:16:00'),(2242,7,166,'2024-12-28 17:22:00','2024-12-28 17:21:00'),(2243,6,166,'2024-12-28 17:26:00','2024-12-28 17:25:00'),(2244,5,166,'2024-12-28 17:30:00','2024-12-28 17:29:00'),(2245,3,166,'2024-12-28 17:46:00','2024-12-28 17:45:00'),(2246,2,166,'2024-12-28 17:53:00','2024-12-28 17:52:00'),(2247,1,166,'2024-12-28 18:04:00','2024-12-28 18:04:00'),(2248,16,167,'2024-12-28 17:09:00','2024-12-28 17:08:00'),(2249,15,167,'2024-12-28 17:29:00','2024-12-28 17:18:00'),(2250,14,167,'2024-12-28 17:30:00','2024-12-28 17:29:00'),(2251,13,167,'2024-12-28 17:36:00','2024-12-28 17:35:00'),(2252,8,167,'2024-12-28 17:50:00','2024-12-28 17:49:00'),(2253,7,167,'2024-12-28 17:55:00','2024-12-28 17:54:00'),(2254,6,167,'2024-12-28 18:00:00','2024-12-28 17:59:00'),(2255,5,167,'2024-12-28 18:04:00','2024-12-28 18:04:00'),(2256,4,167,'2024-12-28 18:13:00','2024-12-28 18:13:00'),(2257,16,168,'2024-12-28 18:15:00','2024-12-28 18:14:00'),(2258,14,168,'2024-12-28 18:31:00','2024-12-28 18:30:00'),(2259,13,168,'2024-12-28 18:37:00','2024-12-28 18:36:00'),(2260,9,168,'2024-12-28 18:47:00','2024-12-28 18:46:00'),(2261,8,168,'2024-12-28 18:53:00','2024-12-28 18:52:00'),(2262,7,168,'2024-12-28 18:58:00','2024-12-28 18:57:00'),(2263,6,168,'2024-12-28 19:04:00','2024-12-28 19:03:00'),(2264,5,168,'2024-12-28 19:08:00','2024-12-28 19:07:00'),(2265,4,168,'2024-12-28 19:13:00','2024-12-28 19:12:00'),(2266,3,168,'2024-12-28 19:25:00','2024-12-28 19:24:00'),(2267,2,168,'2024-12-28 19:32:00','2024-12-28 19:31:00'),(2268,1,168,'2024-12-28 19:43:00','2024-12-28 19:43:00'),(2269,1,169,'2024-12-29 06:12:00','2024-12-29 06:11:00'),(2270,2,169,'2024-12-29 06:18:00','2024-12-29 06:17:00'),(2271,3,169,'2024-12-29 06:26:00','2024-12-29 06:25:00'),(2272,5,169,'2024-12-29 06:41:00','2024-12-29 06:40:00'),(2273,6,169,'2024-12-29 06:46:00','2024-12-29 06:45:00'),(2274,7,169,'2024-12-29 06:51:00','2024-12-29 06:50:00'),(2275,8,169,'2024-12-29 06:56:00','2024-12-29 06:55:00'),(2276,9,169,'2024-12-29 07:04:00','2024-12-29 07:03:00'),(2277,10,169,'2024-12-29 07:09:00','2024-12-29 07:08:00'),(2278,11,169,'2024-12-29 07:15:00','2024-12-29 07:14:00'),(2279,12,169,'2024-12-29 07:18:00','2024-12-29 07:17:00'),(2280,13,169,'2024-12-29 07:23:00','2024-12-29 07:22:00'),(2281,14,169,'2024-12-29 07:30:00','2024-12-29 07:29:00'),(2282,15,169,'2024-12-29 07:38:00','2024-12-29 07:37:00'),(2283,16,169,'2024-12-29 07:50:00','2024-12-29 07:50:00'),(2284,1,170,'2024-12-29 07:24:00','2024-12-29 07:23:00'),(2285,2,170,'2024-12-29 07:30:00','2024-12-29 07:29:00'),(2286,3,170,'2024-12-29 07:37:00','2024-12-29 07:36:00'),(2287,5,170,'2024-12-29 07:55:00','2024-12-29 07:54:00'),(2288,6,170,'2024-12-29 08:00:00','2024-12-29 07:59:00'),(2289,7,170,'2024-12-29 08:05:00','2024-12-29 08:04:00'),(2290,8,170,'2024-12-29 08:10:00','2024-12-29 08:09:00'),(2291,9,170,'2024-12-29 08:19:00','2024-12-29 08:18:00'),(2292,10,170,'2024-12-29 08:24:00','2024-12-29 08:23:00'),(2293,11,170,'2024-12-29 08:33:00','2024-12-29 08:32:00'),(2294,12,170,'2024-12-29 08:36:00','2024-12-29 08:35:00'),(2295,13,170,'2024-12-29 08:39:00','2024-12-29 08:38:00'),(2296,14,170,'2024-12-29 08:45:00','2024-12-29 08:44:00'),(2297,15,170,'2024-12-29 08:54:00','2024-12-29 08:53:00'),(2298,16,170,'2024-12-29 09:06:00','2024-12-29 09:06:00'),(2299,1,171,'2024-12-29 08:01:00','2024-12-29 08:00:00'),(2300,2,171,'2024-12-29 08:08:00','2024-12-29 08:07:00'),(2301,3,171,'2024-12-29 08:15:00','2024-12-29 08:14:00'),(2302,5,171,'2024-12-29 08:36:00','2024-12-29 08:35:00'),(2303,6,171,'2024-12-29 08:40:00','2024-12-29 08:39:00'),(2304,7,171,'2024-12-29 08:45:00','2024-12-29 08:44:00'),(2305,8,171,'2024-12-29 08:49:00','2024-12-29 08:48:00'),(2306,9,171,'2024-12-29 08:55:00','2024-12-29 08:54:00'),(2307,10,171,'2024-12-29 08:59:00','2024-12-29 08:58:00'),(2308,11,171,'2024-12-29 09:05:00','2024-12-29 09:04:00'),(2309,12,171,'2024-12-29 09:08:00','2024-12-29 09:07:00'),(2310,13,171,'2024-12-29 09:12:00','2024-12-29 09:11:00'),(2311,14,171,'2024-12-29 09:17:00','2024-12-29 09:16:00'),(2312,15,171,'2024-12-29 09:25:00','2024-12-29 09:24:00'),(2313,16,171,'2024-12-29 09:37:00','2024-12-29 09:37:00'),(2314,16,172,'2024-12-29 16:31:00','2024-12-29 16:30:00'),(2315,15,172,'2024-12-29 16:41:00','2024-12-29 16:40:00'),(2316,14,172,'2024-12-29 16:50:00','2024-12-29 16:49:00'),(2317,13,172,'2024-12-29 16:56:00','2024-12-29 16:55:00'),(2318,12,172,'2024-12-29 17:00:00','2024-12-29 16:59:00'),(2319,11,172,'2024-12-29 17:03:00','2024-12-29 17:02:00'),(2320,10,172,'2024-12-29 17:08:00','2024-12-29 17:07:00'),(2321,9,172,'2024-12-29 17:12:00','2024-12-29 17:11:00'),(2322,8,172,'2024-12-29 17:17:00','2024-12-29 17:16:00'),(2323,7,172,'2024-12-29 17:22:00','2024-12-29 17:21:00'),(2324,6,172,'2024-12-29 17:26:00','2024-12-29 17:25:00'),(2325,5,172,'2024-12-29 17:30:00','2024-12-29 17:29:00'),(2326,3,172,'2024-12-29 17:46:00','2024-12-29 17:45:00'),(2327,2,172,'2024-12-29 17:53:00','2024-12-29 17:52:00'),(2328,1,172,'2024-12-29 18:04:00','2024-12-29 18:04:00'),(2329,16,173,'2024-12-29 17:09:00','2024-12-29 17:08:00'),(2330,15,173,'2024-12-29 17:29:00','2024-12-29 17:18:00'),(2331,14,173,'2024-12-29 17:30:00','2024-12-29 17:29:00'),(2332,13,173,'2024-12-29 17:36:00','2024-12-29 17:35:00'),(2333,8,173,'2024-12-29 17:50:00','2024-12-29 17:49:00'),(2334,7,173,'2024-12-29 17:55:00','2024-12-29 17:54:00'),(2335,6,173,'2024-12-29 18:00:00','2024-12-29 17:59:00'),(2336,5,173,'2024-12-29 18:04:00','2024-12-29 18:04:00'),(2337,4,173,'2024-12-29 18:13:00','2024-12-29 18:13:00'),(2338,16,174,'2024-12-29 18:15:00','2024-12-29 18:14:00'),(2339,14,174,'2024-12-29 18:31:00','2024-12-29 18:30:00'),(2340,13,174,'2024-12-29 18:37:00','2024-12-29 18:36:00'),(2341,9,174,'2024-12-29 18:47:00','2024-12-29 18:46:00'),(2342,8,174,'2024-12-29 18:53:00','2024-12-29 18:52:00'),(2343,7,174,'2024-12-29 18:58:00','2024-12-29 18:57:00'),(2344,6,174,'2024-12-29 19:04:00','2024-12-29 19:03:00'),(2345,5,174,'2024-12-29 19:08:00','2024-12-29 19:07:00'),(2346,4,174,'2024-12-29 19:13:00','2024-12-29 19:12:00'),(2347,3,174,'2024-12-29 19:25:00','2024-12-29 19:24:00'),(2348,2,174,'2024-12-29 19:32:00','2024-12-29 19:31:00'),(2349,1,174,'2024-12-29 19:43:00','2024-12-29 19:43:00'),(2350,1,175,'2024-12-30 06:12:00','2024-12-30 06:11:00'),(2351,2,175,'2024-12-30 06:18:00','2024-12-30 06:17:00'),(2352,3,175,'2024-12-30 06:26:00','2024-12-30 06:25:00'),(2353,5,175,'2024-12-30 06:41:00','2024-12-30 06:40:00'),(2354,6,175,'2024-12-30 06:46:00','2024-12-30 06:45:00'),(2355,7,175,'2024-12-30 06:51:00','2024-12-30 06:50:00'),(2356,8,175,'2024-12-30 06:56:00','2024-12-30 06:55:00'),(2357,9,175,'2024-12-30 07:04:00','2024-12-30 07:03:00'),(2358,10,175,'2024-12-30 07:09:00','2024-12-30 07:08:00'),(2359,11,175,'2024-12-30 07:15:00','2024-12-30 07:14:00'),(2360,12,175,'2024-12-30 07:18:00','2024-12-30 07:17:00'),(2361,13,175,'2024-12-30 07:23:00','2024-12-30 07:22:00'),(2362,14,175,'2024-12-30 07:30:00','2024-12-30 07:29:00'),(2363,15,175,'2024-12-30 07:38:00','2024-12-30 07:37:00'),(2364,16,175,'2024-12-30 07:50:00','2024-12-30 07:50:00'),(2365,1,176,'2024-12-30 07:24:00','2024-12-30 07:23:00'),(2366,2,176,'2024-12-30 07:30:00','2024-12-30 07:29:00'),(2367,3,176,'2024-12-30 07:37:00','2024-12-30 07:36:00'),(2368,5,176,'2024-12-30 07:55:00','2024-12-30 07:54:00'),(2369,6,176,'2024-12-30 08:00:00','2024-12-30 07:59:00'),(2370,7,176,'2024-12-30 08:05:00','2024-12-30 08:04:00'),(2371,8,176,'2024-12-30 08:10:00','2024-12-30 08:09:00'),(2372,9,176,'2024-12-30 08:19:00','2024-12-30 08:18:00'),(2373,10,176,'2024-12-30 08:24:00','2024-12-30 08:23:00'),(2374,11,176,'2024-12-30 08:33:00','2024-12-30 08:32:00'),(2375,12,176,'2024-12-30 08:36:00','2024-12-30 08:35:00'),(2376,13,176,'2024-12-30 08:39:00','2024-12-30 08:38:00'),(2377,14,176,'2024-12-30 08:45:00','2024-12-30 08:44:00'),(2378,15,176,'2024-12-30 08:54:00','2024-12-30 08:53:00'),(2379,16,176,'2024-12-30 09:06:00','2024-12-30 09:06:00'),(2380,1,177,'2024-12-30 08:01:00','2024-12-30 08:00:00'),(2381,2,177,'2024-12-30 08:08:00','2024-12-30 08:07:00'),(2382,3,177,'2024-12-30 08:15:00','2024-12-30 08:14:00'),(2383,5,177,'2024-12-30 08:36:00','2024-12-30 08:35:00'),(2384,6,177,'2024-12-30 08:40:00','2024-12-30 08:39:00'),(2385,7,177,'2024-12-30 08:45:00','2024-12-30 08:44:00'),(2386,8,177,'2024-12-30 08:49:00','2024-12-30 08:48:00'),(2387,9,177,'2024-12-30 08:55:00','2024-12-30 08:54:00'),(2388,10,177,'2024-12-30 08:59:00','2024-12-30 08:58:00'),(2389,11,177,'2024-12-30 09:05:00','2024-12-30 09:04:00'),(2390,12,177,'2024-12-30 09:08:00','2024-12-30 09:07:00'),(2391,13,177,'2024-12-30 09:12:00','2024-12-30 09:11:00'),(2392,14,177,'2024-12-30 09:17:00','2024-12-30 09:16:00'),(2393,15,177,'2024-12-30 09:25:00','2024-12-30 09:24:00'),(2394,16,177,'2024-12-30 09:37:00','2024-12-30 09:37:00'),(2395,16,178,'2024-12-30 16:31:00','2024-12-30 16:30:00'),(2396,15,178,'2024-12-30 16:41:00','2024-12-30 16:40:00'),(2397,14,178,'2024-12-30 16:50:00','2024-12-30 16:49:00'),(2398,13,178,'2024-12-30 16:56:00','2024-12-30 16:55:00'),(2399,12,178,'2024-12-30 17:00:00','2024-12-30 16:59:00'),(2400,11,178,'2024-12-30 17:03:00','2024-12-30 17:02:00'),(2401,10,178,'2024-12-30 17:08:00','2024-12-30 17:07:00'),(2402,9,178,'2024-12-30 17:12:00','2024-12-30 17:11:00'),(2403,8,178,'2024-12-30 17:17:00','2024-12-30 17:16:00'),(2404,7,178,'2024-12-30 17:22:00','2024-12-30 17:21:00'),(2405,6,178,'2024-12-30 17:26:00','2024-12-30 17:25:00'),(2406,5,178,'2024-12-30 17:30:00','2024-12-30 17:29:00'),(2407,3,178,'2024-12-30 17:46:00','2024-12-30 17:45:00'),(2408,2,178,'2024-12-30 17:53:00','2024-12-30 17:52:00'),(2409,1,178,'2024-12-30 18:04:00','2024-12-30 18:04:00'),(2410,16,179,'2024-12-30 17:09:00','2024-12-30 17:08:00'),(2411,15,179,'2024-12-30 17:29:00','2024-12-30 17:18:00'),(2412,14,179,'2024-12-30 17:30:00','2024-12-30 17:29:00'),(2413,13,179,'2024-12-30 17:36:00','2024-12-30 17:35:00'),(2414,8,179,'2024-12-30 17:50:00','2024-12-30 17:49:00'),(2415,7,179,'2024-12-30 17:55:00','2024-12-30 17:54:00'),(2416,6,179,'2024-12-30 18:00:00','2024-12-30 17:59:00'),(2417,5,179,'2024-12-30 18:04:00','2024-12-30 18:04:00'),(2418,4,179,'2024-12-30 18:13:00','2024-12-30 18:13:00'),(2419,16,180,'2024-12-30 18:15:00','2024-12-30 18:14:00'),(2420,14,180,'2024-12-30 18:31:00','2024-12-30 18:30:00'),(2421,13,180,'2024-12-30 18:37:00','2024-12-30 18:36:00'),(2422,9,180,'2024-12-30 18:47:00','2024-12-30 18:46:00'),(2423,8,180,'2024-12-30 18:53:00','2024-12-30 18:52:00'),(2424,7,180,'2024-12-30 18:58:00','2024-12-30 18:57:00'),(2425,6,180,'2024-12-30 19:04:00','2024-12-30 19:03:00'),(2426,5,180,'2024-12-30 19:08:00','2024-12-30 19:07:00'),(2427,4,180,'2024-12-30 19:13:00','2024-12-30 19:12:00'),(2428,3,180,'2024-12-30 19:25:00','2024-12-30 19:24:00'),(2429,2,180,'2024-12-30 19:32:00','2024-12-30 19:31:00'),(2430,1,180,'2024-12-30 19:43:00','2024-12-30 19:43:00'),(2431,1,181,'2024-12-31 06:12:00','2024-12-31 06:11:00'),(2432,2,181,'2024-12-31 06:18:00','2024-12-31 06:17:00'),(2433,3,181,'2024-12-31 06:26:00','2024-12-31 06:25:00'),(2434,5,181,'2024-12-31 06:41:00','2024-12-31 06:40:00'),(2435,6,181,'2024-12-31 06:46:00','2024-12-31 06:45:00'),(2436,7,181,'2024-12-31 06:51:00','2024-12-31 06:50:00'),(2437,8,181,'2024-12-31 06:56:00','2024-12-31 06:55:00'),(2438,9,181,'2024-12-31 07:04:00','2024-12-31 07:03:00'),(2439,10,181,'2024-12-31 07:09:00','2024-12-31 07:08:00'),(2440,11,181,'2024-12-31 07:15:00','2024-12-31 07:14:00'),(2441,12,181,'2024-12-31 07:18:00','2024-12-31 07:17:00'),(2442,13,181,'2024-12-31 07:23:00','2024-12-31 07:22:00'),(2443,14,181,'2024-12-31 07:30:00','2024-12-31 07:29:00'),(2444,15,181,'2024-12-31 07:38:00','2024-12-31 07:37:00'),(2445,16,181,'2024-12-31 07:50:00','2024-12-31 07:50:00'),(2446,1,182,'2024-12-31 07:24:00','2024-12-31 07:23:00'),(2447,2,182,'2024-12-31 07:30:00','2024-12-31 07:29:00'),(2448,3,182,'2024-12-31 07:37:00','2024-12-31 07:36:00'),(2449,5,182,'2024-12-31 07:55:00','2024-12-31 07:54:00'),(2450,6,182,'2024-12-31 08:00:00','2024-12-31 07:59:00'),(2451,7,182,'2024-12-31 08:05:00','2024-12-31 08:04:00'),(2452,8,182,'2024-12-31 08:10:00','2024-12-31 08:09:00'),(2453,9,182,'2024-12-31 08:19:00','2024-12-31 08:18:00'),(2454,10,182,'2024-12-31 08:24:00','2024-12-31 08:23:00'),(2455,11,182,'2024-12-31 08:33:00','2024-12-31 08:32:00'),(2456,12,182,'2024-12-31 08:36:00','2024-12-31 08:35:00'),(2457,13,182,'2024-12-31 08:39:00','2024-12-31 08:38:00'),(2458,14,182,'2024-12-31 08:45:00','2024-12-31 08:44:00'),(2459,15,182,'2024-12-31 08:54:00','2024-12-31 08:53:00'),(2460,16,182,'2024-12-31 09:06:00','2024-12-31 09:06:00'),(2461,1,183,'2024-12-31 08:01:00','2024-12-31 08:00:00'),(2462,2,183,'2024-12-31 08:08:00','2024-12-31 08:07:00'),(2463,3,183,'2024-12-31 08:15:00','2024-12-31 08:14:00'),(2464,5,183,'2024-12-31 08:36:00','2024-12-31 08:35:00'),(2465,6,183,'2024-12-31 08:40:00','2024-12-31 08:39:00'),(2466,7,183,'2024-12-31 08:45:00','2024-12-31 08:44:00'),(2467,8,183,'2024-12-31 08:49:00','2024-12-31 08:48:00'),(2468,9,183,'2024-12-31 08:55:00','2024-12-31 08:54:00'),(2469,10,183,'2024-12-31 08:59:00','2024-12-31 08:58:00'),(2470,11,183,'2024-12-31 09:05:00','2024-12-31 09:04:00'),(2471,12,183,'2024-12-31 09:08:00','2024-12-31 09:07:00'),(2472,13,183,'2024-12-31 09:12:00','2024-12-31 09:11:00'),(2473,14,183,'2024-12-31 09:17:00','2024-12-31 09:16:00'),(2474,15,183,'2024-12-31 09:25:00','2024-12-31 09:24:00'),(2475,16,183,'2024-12-31 09:37:00','2024-12-31 09:37:00'),(2476,16,184,'2024-12-31 16:31:00','2024-12-31 16:30:00'),(2477,15,184,'2024-12-31 16:41:00','2024-12-31 16:40:00'),(2478,14,184,'2024-12-31 16:50:00','2024-12-31 16:49:00'),(2479,13,184,'2024-12-31 16:56:00','2024-12-31 16:55:00'),(2480,12,184,'2024-12-31 17:00:00','2024-12-31 16:59:00'),(2481,11,184,'2024-12-31 17:03:00','2024-12-31 17:02:00'),(2482,10,184,'2024-12-31 17:08:00','2024-12-31 17:07:00'),(2483,9,184,'2024-12-31 17:12:00','2024-12-31 17:11:00'),(2484,8,184,'2024-12-31 17:17:00','2024-12-31 17:16:00'),(2485,7,184,'2024-12-31 17:22:00','2024-12-31 17:21:00'),(2486,6,184,'2024-12-31 17:26:00','2024-12-31 17:25:00'),(2487,5,184,'2024-12-31 17:30:00','2024-12-31 17:29:00'),(2488,3,184,'2024-12-31 17:46:00','2024-12-31 17:45:00'),(2489,2,184,'2024-12-31 17:53:00','2024-12-31 17:52:00'),(2490,1,184,'2024-12-31 18:04:00','2024-12-31 18:04:00'),(2491,16,185,'2024-12-31 17:09:00','2024-12-31 17:08:00'),(2492,15,185,'2024-12-31 17:29:00','2024-12-31 17:18:00'),(2493,14,185,'2024-12-31 17:30:00','2024-12-31 17:29:00'),(2494,13,185,'2024-12-31 17:36:00','2024-12-31 17:35:00'),(2495,8,185,'2024-12-31 17:50:00','2024-12-31 17:49:00'),(2496,7,185,'2024-12-31 17:55:00','2024-12-31 17:54:00'),(2497,6,185,'2024-12-31 18:00:00','2024-12-31 17:59:00'),(2498,5,185,'2024-12-31 18:04:00','2024-12-31 18:04:00'),(2499,4,185,'2024-12-31 18:13:00','2024-12-31 18:13:00'),(2500,16,186,'2024-12-31 18:15:00','2024-12-31 18:14:00'),(2501,14,186,'2024-12-31 18:31:00','2024-12-31 18:30:00'),(2502,13,186,'2024-12-31 18:37:00','2024-12-31 18:36:00'),(2503,9,186,'2024-12-31 18:47:00','2024-12-31 18:46:00'),(2504,8,186,'2024-12-31 18:53:00','2024-12-31 18:52:00'),(2505,7,186,'2024-12-31 18:58:00','2024-12-31 18:57:00'),(2506,6,186,'2024-12-31 19:04:00','2024-12-31 19:03:00'),(2507,5,186,'2024-12-31 19:08:00','2024-12-31 19:07:00'),(2508,4,186,'2024-12-31 19:13:00','2024-12-31 19:12:00'),(2509,3,186,'2024-12-31 19:25:00','2024-12-31 19:24:00'),(2510,2,186,'2024-12-31 19:32:00','2024-12-31 19:31:00'),(2511,1,186,'2024-12-31 19:43:00','2024-12-31 19:43:00');
/*!40000 ALTER TABLE `stop` ENABLE KEYS */;
UNLOCK TABLES;

--
-- Table structure for table `train`
--

DROP TABLE IF EXISTS `train`;
/*!40101 SET @saved_cs_client     = @@character_set_client */;
/*!50503 SET character_set_client = utf8mb4 */;
CREATE TABLE `train` (
  `trainId` int NOT NULL,
  PRIMARY KEY (`trainId`),
  CONSTRAINT `train_chk_1` CHECK (((1000 <= `trainId`) and (`trainId` <= 9999)))
) ENGINE=InnoDB DEFAULT CHARSET=utf8mb4 COLLATE=utf8mb4_0900_ai_ci;
/*!40101 SET character_set_client = @saved_cs_client */;

--
-- Dumping data for table `train`
--

LOCK TABLES `train` WRITE;
/*!40000 ALTER TABLE `train` DISABLE KEYS */;
INSERT INTO `train` VALUES (3725),(3818),(3828),(3830),(3861),(3873);
/*!40000 ALTER TABLE `train` ENABLE KEYS */;
UNLOCK TABLES;

--
-- Table structure for table `transitline`
--

DROP TABLE IF EXISTS `transitline`;
/*!40101 SET @saved_cs_client     = @@character_set_client */;
/*!50503 SET character_set_client = utf8mb4 */;
CREATE TABLE `transitline` (
  `lineId` int NOT NULL AUTO_INCREMENT,
  `lineName` varchar(50) DEFAULT NULL,
  `trainId` int NOT NULL,
  `origin` int NOT NULL,
  `destination` int NOT NULL,
  `departureDateTime` datetime DEFAULT NULL,
  `arrivalDateTime` datetime DEFAULT NULL,
  `fare` float DEFAULT NULL,
  PRIMARY KEY (`lineId`),
  KEY `trainId` (`trainId`),
  KEY `origin` (`origin`),
  KEY `destination` (`destination`),
  CONSTRAINT `transitline_ibfk_1` FOREIGN KEY (`trainId`) REFERENCES `train` (`trainId`) ON DELETE CASCADE ON UPDATE CASCADE,
  CONSTRAINT `transitline_ibfk_2` FOREIGN KEY (`origin`) REFERENCES `station` (`stationId`) ON DELETE CASCADE ON UPDATE CASCADE,
  CONSTRAINT `transitline_ibfk_3` FOREIGN KEY (`destination`) REFERENCES `station` (`stationId`) ON DELETE CASCADE ON UPDATE CASCADE
) ENGINE=InnoDB AUTO_INCREMENT=187 DEFAULT CHARSET=utf8mb4 COLLATE=utf8mb4_0900_ai_ci;
/*!40101 SET character_set_client = @saved_cs_client */;

--
-- Dumping data for table `transitline`
--

LOCK TABLES `transitline` WRITE;
/*!40000 ALTER TABLE `transitline` DISABLE KEYS */;
INSERT INTO `transitline` VALUES (1,'NJ Northeast Corridor 8AM',3818,1,16,'2024-12-01 06:11:00','2024-12-01 07:50:00',80),(2,'NJ Northeast Corridor 9AM',3828,1,16,'2024-12-01 07:23:00','2024-12-01 09:06:00',100),(3,'NJ Northeast Corridor 10AM',3830,1,16,'2024-12-01 08:00:00','2024-12-01 09:37:00',100),(4,'NJ Northeast Corridor 4PM',3861,16,1,'2024-12-01 16:30:00','2024-12-01 18:04:00',100),(5,'NJ Northeast Corridor 5PM',3725,16,4,'2024-12-01 17:08:00','2024-12-01 18:13:00',90),(6,'NJ Northeast Corridor 6PM',3873,16,1,'2024-12-01 18:14:00','2024-12-01 19:43:00',80),(7,'NJ Northeast Corridor 8AM',3818,1,16,'2024-12-02 06:11:00','2024-12-02 07:50:00',80),(8,'NJ Northeast Corridor 9AM',3828,1,16,'2024-12-02 07:23:00','2024-12-02 09:06:00',100),(9,'NJ Northeast Corridor 10AM',3830,1,16,'2024-12-02 08:00:00','2024-12-02 09:37:00',100),(10,'NJ Northeast Corridor 4PM',3861,16,1,'2024-12-02 16:30:00','2024-12-02 18:04:00',100),(11,'NJ Northeast Corridor 5PM',3725,16,4,'2024-12-02 17:08:00','2024-12-02 18:13:00',90),(12,'NJ Northeast Corridor 6PM',3873,16,1,'2024-12-02 18:14:00','2024-12-02 19:43:00',80),(13,'NJ Northeast Corridor 8AM',3818,1,16,'2024-12-03 06:11:00','2024-12-03 07:50:00',80),(14,'NJ Northeast Corridor 9AM',3828,1,16,'2024-12-03 07:23:00','2024-12-03 09:06:00',100),(15,'NJ Northeast Corridor 10AM',3830,1,16,'2024-12-03 08:00:00','2024-12-03 09:37:00',100),(16,'NJ Northeast Corridor 4PM',3861,16,1,'2024-12-03 16:30:00','2024-12-03 18:04:00',100),(17,'NJ Northeast Corridor 5PM',3725,16,4,'2024-12-03 17:08:00','2024-12-03 18:13:00',90),(18,'NJ Northeast Corridor 6PM',3873,16,1,'2024-12-03 18:14:00','2024-12-03 19:43:00',80),(19,'NJ Northeast Corridor 8AM',3818,1,16,'2024-12-04 06:11:00','2024-12-04 07:50:00',80),(20,'NJ Northeast Corridor 9AM',3828,1,16,'2024-12-04 07:23:00','2024-12-04 09:06:00',100),(21,'NJ Northeast Corridor 10AM',3830,1,16,'2024-12-04 08:00:00','2024-12-04 09:37:00',100),(22,'NJ Northeast Corridor 4PM',3861,16,1,'2024-12-04 16:30:00','2024-12-04 18:04:00',100),(23,'NJ Northeast Corridor 5PM',3725,16,4,'2024-12-04 17:08:00','2024-12-04 18:13:00',90),(24,'NJ Northeast Corridor 6PM',3873,16,1,'2024-12-04 18:14:00','2024-12-04 19:43:00',80),(25,'NJ Northeast Corridor 8AM',3818,1,16,'2024-12-05 06:11:00','2024-12-05 07:50:00',80),(26,'NJ Northeast Corridor 9AM',3828,1,16,'2024-12-05 07:23:00','2024-12-05 09:06:00',100),(27,'NJ Northeast Corridor 10AM',3830,1,16,'2024-12-05 08:00:00','2024-12-05 09:37:00',100),(28,'NJ Northeast Corridor 4PM',3861,16,1,'2024-12-05 16:30:00','2024-12-05 18:04:00',100),(29,'NJ Northeast Corridor 5PM',3725,16,4,'2024-12-05 17:08:00','2024-12-05 18:13:00',90),(30,'NJ Northeast Corridor 6PM',3873,16,1,'2024-12-05 18:14:00','2024-12-05 19:43:00',80),(31,'NJ Northeast Corridor 8AM',3818,1,16,'2024-12-06 06:11:00','2024-12-06 07:50:00',80),(32,'NJ Northeast Corridor 9AM',3828,1,16,'2024-12-06 07:23:00','2024-12-06 09:06:00',100),(33,'NJ Northeast Corridor 10AM',3830,1,16,'2024-12-06 08:00:00','2024-12-06 09:37:00',100),(34,'NJ Northeast Corridor 4PM',3861,16,1,'2024-12-06 16:30:00','2024-12-06 18:04:00',100),(35,'NJ Northeast Corridor 5PM',3725,16,4,'2024-12-06 17:08:00','2024-12-06 18:13:00',90),(36,'NJ Northeast Corridor 6PM',3873,16,1,'2024-12-06 18:14:00','2024-12-06 19:43:00',80),(37,'NJ Northeast Corridor 8AM',3818,1,16,'2024-12-07 06:11:00','2024-12-07 07:50:00',80),(38,'NJ Northeast Corridor 9AM',3828,1,16,'2024-12-07 07:23:00','2024-12-07 09:06:00',100),(39,'NJ Northeast Corridor 10AM',3830,1,16,'2024-12-07 08:00:00','2024-12-07 09:37:00',100),(40,'NJ Northeast Corridor 4PM',3861,16,1,'2024-12-07 16:30:00','2024-12-07 18:04:00',100),(41,'NJ Northeast Corridor 5PM',3725,16,4,'2024-12-07 17:08:00','2024-12-07 18:13:00',90),(42,'NJ Northeast Corridor 6PM',3873,16,1,'2024-12-07 18:14:00','2024-12-07 19:43:00',80),(43,'NJ Northeast Corridor 8AM',3818,1,16,'2024-12-08 06:11:00','2024-12-08 07:50:00',80),(44,'NJ Northeast Corridor 9AM',3828,1,16,'2024-12-08 07:23:00','2024-12-08 09:06:00',100),(45,'NJ Northeast Corridor 10AM',3830,1,16,'2024-12-08 08:00:00','2024-12-08 09:37:00',100),(46,'NJ Northeast Corridor 4PM',3861,16,1,'2024-12-08 16:30:00','2024-12-08 18:04:00',100),(47,'NJ Northeast Corridor 5PM',3725,16,4,'2024-12-08 17:08:00','2024-12-08 18:13:00',90),(48,'NJ Northeast Corridor 6PM',3873,16,1,'2024-12-08 18:14:00','2024-12-08 19:43:00',80),(49,'NJ Northeast Corridor 8AM',3818,1,16,'2024-12-09 06:11:00','2024-12-09 07:50:00',80),(50,'NJ Northeast Corridor 9AM',3828,1,16,'2024-12-09 07:23:00','2024-12-09 09:06:00',100),(51,'NJ Northeast Corridor 10AM',3830,1,16,'2024-12-09 08:00:00','2024-12-09 09:37:00',100),(52,'NJ Northeast Corridor 4PM',3861,16,1,'2024-12-09 16:30:00','2024-12-09 18:04:00',100),(53,'NJ Northeast Corridor 5PM',3725,16,4,'2024-12-09 17:08:00','2024-12-09 18:13:00',90),(54,'NJ Northeast Corridor 6PM',3873,16,1,'2024-12-09 18:14:00','2024-12-09 19:43:00',80),(55,'NJ Northeast Corridor 8AM',3818,1,16,'2024-12-10 06:11:00','2024-12-10 07:50:00',80),(56,'NJ Northeast Corridor 9AM',3828,1,16,'2024-12-10 07:23:00','2024-12-10 09:06:00',100),(57,'NJ Northeast Corridor 10AM',3830,1,16,'2024-12-10 08:00:00','2024-12-10 09:37:00',100),(58,'NJ Northeast Corridor 4PM',3861,16,1,'2024-12-10 16:30:00','2024-12-10 18:04:00',100),(59,'NJ Northeast Corridor 5PM',3725,16,4,'2024-12-10 17:08:00','2024-12-10 18:13:00',90),(60,'NJ Northeast Corridor 6PM',3873,16,1,'2024-12-10 18:14:00','2024-12-10 19:43:00',80),(61,'NJ Northeast Corridor 8AM',3818,1,16,'2024-12-11 06:11:00','2024-12-11 07:50:00',80),(62,'NJ Northeast Corridor 9AM',3828,1,16,'2024-12-11 07:23:00','2024-12-11 09:06:00',100),(63,'NJ Northeast Corridor 10AM',3830,1,16,'2024-12-11 08:00:00','2024-12-11 09:37:00',100),(64,'NJ Northeast Corridor 4PM',3861,16,1,'2024-12-11 16:30:00','2024-12-11 18:04:00',100),(65,'NJ Northeast Corridor 5PM',3725,16,4,'2024-12-11 17:08:00','2024-12-11 18:13:00',90),(66,'NJ Northeast Corridor 6PM',3873,16,1,'2024-12-11 18:14:00','2024-12-11 19:43:00',80),(67,'NJ Northeast Corridor 8AM',3818,1,16,'2024-12-12 06:11:00','2024-12-12 07:50:00',80),(68,'NJ Northeast Corridor 9AM',3828,1,16,'2024-12-12 07:23:00','2024-12-12 09:06:00',100),(69,'NJ Northeast Corridor 10AM',3830,1,16,'2024-12-12 08:00:00','2024-12-12 09:37:00',100),(70,'NJ Northeast Corridor 4PM',3861,16,1,'2024-12-12 16:30:00','2024-12-12 18:04:00',100),(71,'NJ Northeast Corridor 5PM',3725,16,4,'2024-12-12 17:08:00','2024-12-12 18:13:00',90),(72,'NJ Northeast Corridor 6PM',3873,16,1,'2024-12-12 18:14:00','2024-12-12 19:43:00',80),(73,'NJ Northeast Corridor 8AM',3818,1,16,'2024-12-13 06:11:00','2024-12-13 07:50:00',80),(74,'NJ Northeast Corridor 9AM',3828,1,16,'2024-12-13 07:23:00','2024-12-13 09:06:00',100),(75,'NJ Northeast Corridor 10AM',3830,1,16,'2024-12-13 08:00:00','2024-12-13 09:37:00',100),(76,'NJ Northeast Corridor 4PM',3861,16,1,'2024-12-13 16:30:00','2024-12-13 18:04:00',100),(77,'NJ Northeast Corridor 5PM',3725,16,4,'2024-12-13 17:08:00','2024-12-13 18:13:00',90),(78,'NJ Northeast Corridor 6PM',3873,16,1,'2024-12-13 18:14:00','2024-12-13 19:43:00',80),(79,'NJ Northeast Corridor 8AM',3818,1,16,'2024-12-14 06:11:00','2024-12-14 07:50:00',80),(80,'NJ Northeast Corridor 9AM',3828,1,16,'2024-12-14 07:23:00','2024-12-14 09:06:00',100),(81,'NJ Northeast Corridor 10AM',3830,1,16,'2024-12-14 08:00:00','2024-12-14 09:37:00',100),(82,'NJ Northeast Corridor 4PM',3861,16,1,'2024-12-14 16:30:00','2024-12-14 18:04:00',100),(83,'NJ Northeast Corridor 5PM',3725,16,4,'2024-12-14 17:08:00','2024-12-14 18:13:00',90),(84,'NJ Northeast Corridor 6PM',3873,16,1,'2024-12-14 18:14:00','2024-12-14 19:43:00',80),(85,'NJ Northeast Corridor 8AM',3818,1,16,'2024-12-15 06:11:00','2024-12-15 07:50:00',80),(86,'NJ Northeast Corridor 9AM',3828,1,16,'2024-12-15 07:23:00','2024-12-15 09:06:00',100),(87,'NJ Northeast Corridor 10AM',3830,1,16,'2024-12-15 08:00:00','2024-12-15 09:37:00',100),(88,'NJ Northeast Corridor 4PM',3861,16,1,'2024-12-15 16:30:00','2024-12-15 18:04:00',100),(89,'NJ Northeast Corridor 5PM',3725,16,4,'2024-12-15 17:08:00','2024-12-15 18:13:00',90),(90,'NJ Northeast Corridor 6PM',3873,16,1,'2024-12-15 18:14:00','2024-12-15 19:43:00',80),(91,'NJ Northeast Corridor 8AM',3818,1,16,'2024-12-16 06:11:00','2024-12-16 07:50:00',80),(92,'NJ Northeast Corridor 9AM',3828,1,16,'2024-12-16 07:23:00','2024-12-16 09:06:00',100),(93,'NJ Northeast Corridor 10AM',3830,1,16,'2024-12-16 08:00:00','2024-12-16 09:37:00',100),(94,'NJ Northeast Corridor 4PM',3861,16,1,'2024-12-16 16:30:00','2024-12-16 18:04:00',100),(95,'NJ Northeast Corridor 5PM',3725,16,4,'2024-12-16 17:08:00','2024-12-16 18:13:00',90),(96,'NJ Northeast Corridor 6PM',3873,16,1,'2024-12-16 18:14:00','2024-12-16 19:43:00',80),(97,'NJ Northeast Corridor 8AM',3818,1,16,'2024-12-17 06:11:00','2024-12-17 07:50:00',80),(98,'NJ Northeast Corridor 9AM',3828,1,16,'2024-12-17 07:23:00','2024-12-17 09:06:00',100),(99,'NJ Northeast Corridor 10AM',3830,1,16,'2024-12-17 08:00:00','2024-12-17 09:37:00',100),(100,'NJ Northeast Corridor 4PM',3861,16,1,'2024-12-17 16:30:00','2024-12-17 18:04:00',100),(101,'NJ Northeast Corridor 5PM',3725,16,4,'2024-12-17 17:08:00','2024-12-17 18:13:00',90),(102,'NJ Northeast Corridor 6PM',3873,16,1,'2024-12-17 18:14:00','2024-12-17 19:43:00',80),(103,'NJ Northeast Corridor 8AM',3818,1,16,'2024-12-18 06:11:00','2024-12-18 07:50:00',80),(104,'NJ Northeast Corridor 9AM',3828,1,16,'2024-12-18 07:23:00','2024-12-18 09:06:00',100),(105,'NJ Northeast Corridor 10AM',3830,1,16,'2024-12-18 08:00:00','2024-12-18 09:37:00',100),(106,'NJ Northeast Corridor 4PM',3861,16,1,'2024-12-18 16:30:00','2024-12-18 18:04:00',100),(107,'NJ Northeast Corridor 5PM',3725,16,4,'2024-12-18 17:08:00','2024-12-18 18:13:00',90),(108,'NJ Northeast Corridor 6PM',3873,16,1,'2024-12-18 18:14:00','2024-12-18 19:43:00',80),(109,'NJ Northeast Corridor 8AM',3818,1,16,'2024-12-19 06:11:00','2024-12-19 07:50:00',80),(110,'NJ Northeast Corridor 9AM',3828,1,16,'2024-12-19 07:23:00','2024-12-19 09:06:00',100),(111,'NJ Northeast Corridor 10AM',3830,1,16,'2024-12-19 08:00:00','2024-12-19 09:37:00',100),(112,'NJ Northeast Corridor 4PM',3861,16,1,'2024-12-19 16:30:00','2024-12-19 18:04:00',100),(113,'NJ Northeast Corridor 5PM',3725,16,4,'2024-12-19 17:08:00','2024-12-19 18:13:00',90),(114,'NJ Northeast Corridor 6PM',3873,16,1,'2024-12-19 18:14:00','2024-12-19 19:43:00',80),(115,'NJ Northeast Corridor 8AM',3818,1,16,'2024-12-20 06:11:00','2024-12-20 07:50:00',80),(116,'NJ Northeast Corridor 9AM',3828,1,16,'2024-12-20 07:23:00','2024-12-20 09:06:00',100),(117,'NJ Northeast Corridor 10AM',3830,1,16,'2024-12-20 08:00:00','2024-12-20 09:37:00',100),(118,'NJ Northeast Corridor 4PM',3861,16,1,'2024-12-20 16:30:00','2024-12-20 18:04:00',100),(119,'NJ Northeast Corridor 5PM',3725,16,4,'2024-12-20 17:08:00','2024-12-20 18:13:00',90),(120,'NJ Northeast Corridor 6PM',3873,16,1,'2024-12-20 18:14:00','2024-12-20 19:43:00',80),(121,'NJ Northeast Corridor 8AM',3818,1,16,'2024-12-21 06:11:00','2024-12-21 07:50:00',80),(122,'NJ Northeast Corridor 9AM',3828,1,16,'2024-12-21 07:23:00','2024-12-21 09:06:00',100),(123,'NJ Northeast Corridor 10AM',3830,1,16,'2024-12-21 08:00:00','2024-12-21 09:37:00',100),(124,'NJ Northeast Corridor 4PM',3861,16,1,'2024-12-21 16:30:00','2024-12-21 18:04:00',100),(125,'NJ Northeast Corridor 5PM',3725,16,4,'2024-12-21 17:08:00','2024-12-21 18:13:00',90),(126,'NJ Northeast Corridor 6PM',3873,16,1,'2024-12-21 18:14:00','2024-12-21 19:43:00',80),(127,'NJ Northeast Corridor 8AM',3818,1,16,'2024-12-22 06:11:00','2024-12-22 07:50:00',80),(128,'NJ Northeast Corridor 9AM',3828,1,16,'2024-12-22 07:23:00','2024-12-22 09:06:00',100),(129,'NJ Northeast Corridor 10AM',3830,1,16,'2024-12-22 08:00:00','2024-12-22 09:37:00',100),(130,'NJ Northeast Corridor 4PM',3861,16,1,'2024-12-22 16:30:00','2024-12-22 18:04:00',100),(131,'NJ Northeast Corridor 5PM',3725,16,4,'2024-12-22 17:08:00','2024-12-22 18:13:00',90),(132,'NJ Northeast Corridor 6PM',3873,16,1,'2024-12-22 18:14:00','2024-12-22 19:43:00',80),(133,'NJ Northeast Corridor 8AM',3818,1,16,'2024-12-23 06:11:00','2024-12-23 07:50:00',80),(134,'NJ Northeast Corridor 9AM',3828,1,16,'2024-12-23 07:23:00','2024-12-23 09:06:00',100),(135,'NJ Northeast Corridor 10AM',3830,1,16,'2024-12-23 08:00:00','2024-12-23 09:37:00',100),(136,'NJ Northeast Corridor 4PM',3861,16,1,'2024-12-23 16:30:00','2024-12-23 18:04:00',100),(137,'NJ Northeast Corridor 5PM',3725,16,4,'2024-12-23 17:08:00','2024-12-23 18:13:00',90),(138,'NJ Northeast Corridor 6PM',3873,16,1,'2024-12-23 18:14:00','2024-12-23 19:43:00',80),(139,'NJ Northeast Corridor 8AM',3818,1,16,'2024-12-24 06:11:00','2024-12-24 07:50:00',80),(140,'NJ Northeast Corridor 9AM',3828,1,16,'2024-12-24 07:23:00','2024-12-24 09:06:00',100),(141,'NJ Northeast Corridor 10AM',3830,1,16,'2024-12-24 08:00:00','2024-12-24 09:37:00',100),(142,'NJ Northeast Corridor 4PM',3861,16,1,'2024-12-24 16:30:00','2024-12-24 18:04:00',100),(143,'NJ Northeast Corridor 5PM',3725,16,4,'2024-12-24 17:08:00','2024-12-24 18:13:00',90),(144,'NJ Northeast Corridor 6PM',3873,16,1,'2024-12-24 18:14:00','2024-12-24 19:43:00',80),(145,'NJ Northeast Corridor 8AM',3818,1,16,'2024-12-25 06:11:00','2024-12-25 07:50:00',80),(146,'NJ Northeast Corridor 9AM',3828,1,16,'2024-12-25 07:23:00','2024-12-25 09:06:00',100),(147,'NJ Northeast Corridor 10AM',3830,1,16,'2024-12-25 08:00:00','2024-12-25 09:37:00',100),(148,'NJ Northeast Corridor 4PM',3861,16,1,'2024-12-25 16:30:00','2024-12-25 18:04:00',100),(149,'NJ Northeast Corridor 5PM',3725,16,4,'2024-12-25 17:08:00','2024-12-25 18:13:00',90),(150,'NJ Northeast Corridor 6PM',3873,16,1,'2024-12-25 18:14:00','2024-12-25 19:43:00',80),(151,'NJ Northeast Corridor 8AM',3818,1,16,'2024-12-26 06:11:00','2024-12-26 07:50:00',80),(152,'NJ Northeast Corridor 9AM',3828,1,16,'2024-12-26 07:23:00','2024-12-26 09:06:00',100),(153,'NJ Northeast Corridor 10AM',3830,1,16,'2024-12-26 08:00:00','2024-12-26 09:37:00',100),(154,'NJ Northeast Corridor 4PM',3861,16,1,'2024-12-26 16:30:00','2024-12-26 18:04:00',100),(155,'NJ Northeast Corridor 5PM',3725,16,4,'2024-12-26 17:08:00','2024-12-26 18:13:00',90),(156,'NJ Northeast Corridor 6PM',3873,16,1,'2024-12-26 18:14:00','2024-12-26 19:43:00',80),(157,'NJ Northeast Corridor 8AM',3818,1,16,'2024-12-27 06:11:00','2024-12-27 07:50:00',80),(158,'NJ Northeast Corridor 9AM',3828,1,16,'2024-12-27 07:23:00','2024-12-27 09:06:00',100),(159,'NJ Northeast Corridor 10AM',3830,1,16,'2024-12-27 08:00:00','2024-12-27 09:37:00',100),(160,'NJ Northeast Corridor 4PM',3861,16,1,'2024-12-27 16:30:00','2024-12-27 18:04:00',100),(161,'NJ Northeast Corridor 5PM',3725,16,4,'2024-12-27 17:08:00','2024-12-27 18:13:00',90),(162,'NJ Northeast Corridor 6PM',3873,16,1,'2024-12-27 18:14:00','2024-12-27 19:43:00',80),(163,'NJ Northeast Corridor 8AM',3818,1,16,'2024-12-28 06:11:00','2024-12-28 07:50:00',80),(164,'NJ Northeast Corridor 9AM',3828,1,16,'2024-12-28 07:23:00','2024-12-28 09:06:00',100),(165,'NJ Northeast Corridor 10AM',3830,1,16,'2024-12-28 08:00:00','2024-12-28 09:37:00',100),(166,'NJ Northeast Corridor 4PM',3861,16,1,'2024-12-28 16:30:00','2024-12-28 18:04:00',100),(167,'NJ Northeast Corridor 5PM',3725,16,4,'2024-12-28 17:08:00','2024-12-28 18:13:00',90),(168,'NJ Northeast Corridor 6PM',3873,16,1,'2024-12-28 18:14:00','2024-12-28 19:43:00',80),(169,'NJ Northeast Corridor 8AM',3818,1,16,'2024-12-29 06:11:00','2024-12-29 07:50:00',80),(170,'NJ Northeast Corridor 9AM',3828,1,16,'2024-12-29 07:23:00','2024-12-29 09:06:00',100),(171,'NJ Northeast Corridor 10AM',3830,1,16,'2024-12-29 08:00:00','2024-12-29 09:37:00',100),(172,'NJ Northeast Corridor 4PM',3861,16,1,'2024-12-29 16:30:00','2024-12-29 18:04:00',100),(173,'NJ Northeast Corridor 5PM',3725,16,4,'2024-12-29 17:08:00','2024-12-29 18:13:00',90),(174,'NJ Northeast Corridor 6PM',3873,16,1,'2024-12-29 18:14:00','2024-12-29 19:43:00',80),(175,'NJ Northeast Corridor 8AM',3818,1,16,'2024-12-30 06:11:00','2024-12-30 07:50:00',80),(176,'NJ Northeast Corridor 9AM',3828,1,16,'2024-12-30 07:23:00','2024-12-30 09:06:00',100),(177,'NJ Northeast Corridor 10AM',3830,1,16,'2024-12-30 08:00:00','2024-12-30 09:37:00',100),(178,'NJ Northeast Corridor 4PM',3861,16,1,'2024-12-30 16:30:00','2024-12-30 18:04:00',100),(179,'NJ Northeast Corridor 5PM',3725,16,4,'2024-12-30 17:08:00','2024-12-30 18:13:00',90),(180,'NJ Northeast Corridor 6PM',3873,16,1,'2024-12-30 18:14:00','2024-12-30 19:43:00',80),(181,'NJ Northeast Corridor 8AM',3818,1,16,'2024-12-31 06:11:00','2024-12-31 07:50:00',80),(182,'NJ Northeast Corridor 9AM',3828,1,16,'2024-12-31 07:23:00','2024-12-31 09:06:00',100),(183,'NJ Northeast Corridor 10AM',3830,1,16,'2024-12-31 08:00:00','2024-12-31 09:37:00',100),(184,'NJ Northeast Corridor 4PM',3861,16,1,'2024-12-31 16:30:00','2024-12-31 18:04:00',100),(185,'NJ Northeast Corridor 5PM',3725,16,4,'2024-12-31 17:08:00','2024-12-31 18:13:00',90),(186,'NJ Northeast Corridor 6PM',3873,16,1,'2024-12-31 18:14:00','2024-12-31 19:43:00',80);
/*!40000 ALTER TABLE `transitline` ENABLE KEYS */;
UNLOCK TABLES;
/*!40103 SET TIME_ZONE=@OLD_TIME_ZONE */;

/*!40101 SET SQL_MODE=@OLD_SQL_MODE */;
/*!40014 SET FOREIGN_KEY_CHECKS=@OLD_FOREIGN_KEY_CHECKS */;
/*!40014 SET UNIQUE_CHECKS=@OLD_UNIQUE_CHECKS */;
/*!40101 SET CHARACTER_SET_CLIENT=@OLD_CHARACTER_SET_CLIENT */;
/*!40101 SET CHARACTER_SET_RESULTS=@OLD_CHARACTER_SET_RESULTS */;
/*!40101 SET COLLATION_CONNECTION=@OLD_COLLATION_CONNECTION */;
/*!40111 SET SQL_NOTES=@OLD_SQL_NOTES */;

-- Dump completed on 2024-12-09  4:29:10
