USE trains;

SET FOREIGN_KEY_CHECKS=0; 
TRUNCATE TABLE Answers;
TRUNCATE TABLE Questions;
TRUNCATE TABLE Customer;
TRUNCATE TABLE Manages;
TRUNCATE TABLE Employee;
TRUNCATE TABLE Stop;
TRUNCATE TABLE TransitLine;
TRUNCATE TABLE Train;
TRUNCATE TABLE Station;
SET FOREIGN_KEY_CHECKS=1;

INSERT INTO Customer (customerId, firstName, lastName, username, password, email) 
VALUES
    (1, 'Alice', 'Green', 'aliceg', 'securepass1', 'alice@example.com'),
    (2, 'Bob', 'White', 'bobw', 'securepass2', 'bob@example.com'),
    (3, 'Charlie', 'Black', 'charlieb', 'securepass3', 'charlie@example.com'),
    (4, 'Daisy', 'Brown', 'daisyb', 'securepass4', 'daisy@example.com'),
    (5, 'Evan', 'Gray', 'evang', 'securepass5', 'evan@example.com');

INSERT INTO Employee (ssn, firstName, lastName, username, password, role) 
VALUES
    ('111-11-1111', 'employee', 'one', 'emp1', 'emp1', 'Representative'),
    ('123-45-6789', 'John', 'Doe', 'jdoe', 'password123', 'Manager'),
    ('222-22-2222', 'manager', 'one', 'mgr1', 'mgr1', 'Manager'),
    ('321-65-9874', 'Michael', 'Johnson', 'mjohnson', 'passwordabc', 'Manager'),
    ('456-78-9012', 'Emily', 'Brown', 'ebrown', 'password789', 'Representative'),
    ('654-32-1098', 'Sarah', 'Taylor', 'staylor', 'passwordxyz', 'Representative'),
    ('987-65-4321', 'Jane', 'Smith', 'jsmith', 'password456', 'Representative');

INSERT INTO Manages (manager_ssn, representative_ssn) 
VALUES
    ('123-45-6789', '111-11-1111'),
    ('123-45-6789', '987-65-4321'),
    ('222-22-2222', '456-78-9012'),
    ('321-65-9874', '654-32-1098');

INSERT INTO Questions (questionId, customerId, questionText, questionDate) 
VALUES
    (1, 1, 'What are the available discounts?', '2024-12-08 02:19:27'),
    (2, 2, 'Are pets allowed on trains?', '2024-12-08 02:19:27'),
    (3, 3, 'Can I reschedule my reservation?', '2024-12-08 02:19:27'),
    (4, 4, 'What are the COVID-19 precautions?', '2024-12-08 02:19:27'),
    (5, 5, 'How can I book a round trip?', '2024-12-08 02:19:27');

INSERT INTO Answers (answerId, questionId, employeeSSN, answerText, answerDate) 
VALUES
    (1, 1, '987-65-4321', 'Yes, students get 10% off.', '2024-12-08 02:20:25'),
    (2, 2, '456-78-9012', 'Yes, small pets are allowed with a carrier.', '2024-12-08 02:20:25'),
    (3, 3, '987-65-4321', 'You can reschedule up to 24 hours in advance.', '2024-12-08 02:20:25'),
    (4, 4, '654-32-1098', 'We sanitize regularly and enforce mask-wearing.', '2024-12-08 02:20:25'),
    (5, 5, '987-65-4321', 'Select the round-trip option during booking.', '2024-12-08 02:20:25');

-- source: https://www.njtransit.com/pdf/rail/r0070.pdf
INSERT INTO Station (name, city, state)
VALUES 
    ("Trenton Transit Center", "Trenton", "NJ"),
    ("Hamilton", "Hamilton", "NJ"),
    ("Princeton Junction", "Princeton", "NJ"),
    ("Jersey Avenue", "New Brunswick", "NJ"),
    ("New Brunswick", "New Brunswick", "NJ"),
    ("Edison", "Edison", "NJ"),
    ("Metuchen", "Metuchen", "NJ"),
    ("Metropark", "Iselin", "NJ"),
    ("Rahway", "Rahway", "NJ"),
    ("Linden", "Linden", "NJ"),
    ("Elizabeth", "Elizabeth", "NJ"),
    ("North Elizabeth", "Elizabeth", "NJ"),
    ("Newark Int'l Airport", "Newark", "NJ"),
    ("Newark Penn Station", "Newark", "NJ"),
    ("Secaucus Junction", "Secaucus", "NJ"),
    ("New York Penn Station", "New York", "NY");

INSERT INTO Train (trainId)
VALUES
    (3818),
    (3828),
    (3830),
    (3861),
    (3725),
    (3873);

INSERT INTO TransitLine (lineName, trainId, origin, destination, departureDateTime, arrivalDateTime, fare)
VALUES         
    -- 2024-12-01
    ("NJ Northeast Corridor 8AM", 3818, 1, 16, "2024-12-01 06:11", "2024-12-01 07:50", 80.00),
    ("NJ Northeast Corridor 9AM", 3828, 1, 16, "2024-12-01 07:23", "2024-12-01 09:06", 100.00),
    ("NJ Northeast Corridor 10AM", 3830, 1, 16, "2024-12-01 08:00", "2024-12-01 09:37", 100.00),
    ("NJ Northeast Corridor 4PM", 3861, 16, 1, "2024-12-01 16:30", "2024-12-01 18:04", 100.00),
    ("NJ Northeast Corridor 5PM", 3725, 16, 4, "2024-12-01 17:08", "2024-12-01 18:13", 90.00),
    ("NJ Northeast Corridor 6PM", 3873, 16, 1, "2024-12-01 18:14", "2024-12-01 19:43", 80.00),
            
    -- 2024-12-02
    ("NJ Northeast Corridor 8AM", 3818, 1, 16, "2024-12-02 06:11", "2024-12-02 07:50", 80.00),
    ("NJ Northeast Corridor 9AM", 3828, 1, 16, "2024-12-02 07:23", "2024-12-02 09:06", 100.00),
    ("NJ Northeast Corridor 10AM", 3830, 1, 16, "2024-12-02 08:00", "2024-12-02 09:37", 100.00),
    ("NJ Northeast Corridor 4PM", 3861, 16, 1, "2024-12-02 16:30", "2024-12-02 18:04", 100.00),
    ("NJ Northeast Corridor 5PM", 3725, 16, 4, "2024-12-02 17:08", "2024-12-02 18:13", 90.00),
    ("NJ Northeast Corridor 6PM", 3873, 16, 1, "2024-12-02 18:14", "2024-12-02 19:43", 80.00),
            
    -- 2024-12-03
    ("NJ Northeast Corridor 8AM", 3818, 1, 16, "2024-12-03 06:11", "2024-12-03 07:50", 80.00),
    ("NJ Northeast Corridor 9AM", 3828, 1, 16, "2024-12-03 07:23", "2024-12-03 09:06", 100.00),
    ("NJ Northeast Corridor 10AM", 3830, 1, 16, "2024-12-03 08:00", "2024-12-03 09:37", 100.00),
    ("NJ Northeast Corridor 4PM", 3861, 16, 1, "2024-12-03 16:30", "2024-12-03 18:04", 100.00),
    ("NJ Northeast Corridor 5PM", 3725, 16, 4, "2024-12-03 17:08", "2024-12-03 18:13", 90.00),
    ("NJ Northeast Corridor 6PM", 3873, 16, 1, "2024-12-03 18:14", "2024-12-03 19:43", 80.00),
            
    -- 2024-12-04
    ("NJ Northeast Corridor 8AM", 3818, 1, 16, "2024-12-04 06:11", "2024-12-04 07:50", 80.00),
    ("NJ Northeast Corridor 9AM", 3828, 1, 16, "2024-12-04 07:23", "2024-12-04 09:06", 100.00),
    ("NJ Northeast Corridor 10AM", 3830, 1, 16, "2024-12-04 08:00", "2024-12-04 09:37", 100.00),
    ("NJ Northeast Corridor 4PM", 3861, 16, 1, "2024-12-04 16:30", "2024-12-04 18:04", 100.00),
    ("NJ Northeast Corridor 5PM", 3725, 16, 4, "2024-12-04 17:08", "2024-12-04 18:13", 90.00),
    ("NJ Northeast Corridor 6PM", 3873, 16, 1, "2024-12-04 18:14", "2024-12-04 19:43", 80.00),
            
    -- 2024-12-05
    ("NJ Northeast Corridor 8AM", 3818, 1, 16, "2024-12-05 06:11", "2024-12-05 07:50", 80.00),
    ("NJ Northeast Corridor 9AM", 3828, 1, 16, "2024-12-05 07:23", "2024-12-05 09:06", 100.00),
    ("NJ Northeast Corridor 10AM", 3830, 1, 16, "2024-12-05 08:00", "2024-12-05 09:37", 100.00),
    ("NJ Northeast Corridor 4PM", 3861, 16, 1, "2024-12-05 16:30", "2024-12-05 18:04", 100.00),
    ("NJ Northeast Corridor 5PM", 3725, 16, 4, "2024-12-05 17:08", "2024-12-05 18:13", 90.00),
    ("NJ Northeast Corridor 6PM", 3873, 16, 1, "2024-12-05 18:14", "2024-12-05 19:43", 80.00),
            
    -- 2024-12-06
    ("NJ Northeast Corridor 8AM", 3818, 1, 16, "2024-12-06 06:11", "2024-12-06 07:50", 80.00),
    ("NJ Northeast Corridor 9AM", 3828, 1, 16, "2024-12-06 07:23", "2024-12-06 09:06", 100.00),
    ("NJ Northeast Corridor 10AM", 3830, 1, 16, "2024-12-06 08:00", "2024-12-06 09:37", 100.00),
    ("NJ Northeast Corridor 4PM", 3861, 16, 1, "2024-12-06 16:30", "2024-12-06 18:04", 100.00),
    ("NJ Northeast Corridor 5PM", 3725, 16, 4, "2024-12-06 17:08", "2024-12-06 18:13", 90.00),
    ("NJ Northeast Corridor 6PM", 3873, 16, 1, "2024-12-06 18:14", "2024-12-06 19:43", 80.00),
            
    -- 2024-12-07
    ("NJ Northeast Corridor 8AM", 3818, 1, 16, "2024-12-07 06:11", "2024-12-07 07:50", 80.00),
    ("NJ Northeast Corridor 9AM", 3828, 1, 16, "2024-12-07 07:23", "2024-12-07 09:06", 100.00),
    ("NJ Northeast Corridor 10AM", 3830, 1, 16, "2024-12-07 08:00", "2024-12-07 09:37", 100.00),
    ("NJ Northeast Corridor 4PM", 3861, 16, 1, "2024-12-07 16:30", "2024-12-07 18:04", 100.00),
    ("NJ Northeast Corridor 5PM", 3725, 16, 4, "2024-12-07 17:08", "2024-12-07 18:13", 90.00),
    ("NJ Northeast Corridor 6PM", 3873, 16, 1, "2024-12-07 18:14", "2024-12-07 19:43", 80.00),
            
    -- 2024-12-08
    ("NJ Northeast Corridor 8AM", 3818, 1, 16, "2024-12-08 06:11", "2024-12-08 07:50", 80.00),
    ("NJ Northeast Corridor 9AM", 3828, 1, 16, "2024-12-08 07:23", "2024-12-08 09:06", 100.00),
    ("NJ Northeast Corridor 10AM", 3830, 1, 16, "2024-12-08 08:00", "2024-12-08 09:37", 100.00),
    ("NJ Northeast Corridor 4PM", 3861, 16, 1, "2024-12-08 16:30", "2024-12-08 18:04", 100.00),
    ("NJ Northeast Corridor 5PM", 3725, 16, 4, "2024-12-08 17:08", "2024-12-08 18:13", 90.00),
    ("NJ Northeast Corridor 6PM", 3873, 16, 1, "2024-12-08 18:14", "2024-12-08 19:43", 80.00),
            
    -- 2024-12-09
    ("NJ Northeast Corridor 8AM", 3818, 1, 16, "2024-12-09 06:11", "2024-12-09 07:50", 80.00),
    ("NJ Northeast Corridor 9AM", 3828, 1, 16, "2024-12-09 07:23", "2024-12-09 09:06", 100.00),
    ("NJ Northeast Corridor 10AM", 3830, 1, 16, "2024-12-09 08:00", "2024-12-09 09:37", 100.00),
    ("NJ Northeast Corridor 4PM", 3861, 16, 1, "2024-12-09 16:30", "2024-12-09 18:04", 100.00),
    ("NJ Northeast Corridor 5PM", 3725, 16, 4, "2024-12-09 17:08", "2024-12-09 18:13", 90.00),
    ("NJ Northeast Corridor 6PM", 3873, 16, 1, "2024-12-09 18:14", "2024-12-09 19:43", 80.00),
            
    -- 2024-12-10
    ("NJ Northeast Corridor 8AM", 3818, 1, 16, "2024-12-10 06:11", "2024-12-10 07:50", 80.00),
    ("NJ Northeast Corridor 9AM", 3828, 1, 16, "2024-12-10 07:23", "2024-12-10 09:06", 100.00),
    ("NJ Northeast Corridor 10AM", 3830, 1, 16, "2024-12-10 08:00", "2024-12-10 09:37", 100.00),
    ("NJ Northeast Corridor 4PM", 3861, 16, 1, "2024-12-10 16:30", "2024-12-10 18:04", 100.00),
    ("NJ Northeast Corridor 5PM", 3725, 16, 4, "2024-12-10 17:08", "2024-12-10 18:13", 90.00),
    ("NJ Northeast Corridor 6PM", 3873, 16, 1, "2024-12-10 18:14", "2024-12-10 19:43", 80.00),
            
    -- 2024-12-11
    ("NJ Northeast Corridor 8AM", 3818, 1, 16, "2024-12-11 06:11", "2024-12-11 07:50", 80.00),
    ("NJ Northeast Corridor 9AM", 3828, 1, 16, "2024-12-11 07:23", "2024-12-11 09:06", 100.00),
    ("NJ Northeast Corridor 10AM", 3830, 1, 16, "2024-12-11 08:00", "2024-12-11 09:37", 100.00),
    ("NJ Northeast Corridor 4PM", 3861, 16, 1, "2024-12-11 16:30", "2024-12-11 18:04", 100.00),
    ("NJ Northeast Corridor 5PM", 3725, 16, 4, "2024-12-11 17:08", "2024-12-11 18:13", 90.00),
    ("NJ Northeast Corridor 6PM", 3873, 16, 1, "2024-12-11 18:14", "2024-12-11 19:43", 80.00),
            
    -- 2024-12-12
    ("NJ Northeast Corridor 8AM", 3818, 1, 16, "2024-12-12 06:11", "2024-12-12 07:50", 80.00),
    ("NJ Northeast Corridor 9AM", 3828, 1, 16, "2024-12-12 07:23", "2024-12-12 09:06", 100.00),
    ("NJ Northeast Corridor 10AM", 3830, 1, 16, "2024-12-12 08:00", "2024-12-12 09:37", 100.00),
    ("NJ Northeast Corridor 4PM", 3861, 16, 1, "2024-12-12 16:30", "2024-12-12 18:04", 100.00),
    ("NJ Northeast Corridor 5PM", 3725, 16, 4, "2024-12-12 17:08", "2024-12-12 18:13", 90.00),
    ("NJ Northeast Corridor 6PM", 3873, 16, 1, "2024-12-12 18:14", "2024-12-12 19:43", 80.00),
            
    -- 2024-12-13
    ("NJ Northeast Corridor 8AM", 3818, 1, 16, "2024-12-13 06:11", "2024-12-13 07:50", 80.00),
    ("NJ Northeast Corridor 9AM", 3828, 1, 16, "2024-12-13 07:23", "2024-12-13 09:06", 100.00),
    ("NJ Northeast Corridor 10AM", 3830, 1, 16, "2024-12-13 08:00", "2024-12-13 09:37", 100.00),
    ("NJ Northeast Corridor 4PM", 3861, 16, 1, "2024-12-13 16:30", "2024-12-13 18:04", 100.00),
    ("NJ Northeast Corridor 5PM", 3725, 16, 4, "2024-12-13 17:08", "2024-12-13 18:13", 90.00),
    ("NJ Northeast Corridor 6PM", 3873, 16, 1, "2024-12-13 18:14", "2024-12-13 19:43", 80.00),
            
    -- 2024-12-14
    ("NJ Northeast Corridor 8AM", 3818, 1, 16, "2024-12-14 06:11", "2024-12-14 07:50", 80.00),
    ("NJ Northeast Corridor 9AM", 3828, 1, 16, "2024-12-14 07:23", "2024-12-14 09:06", 100.00),
    ("NJ Northeast Corridor 10AM", 3830, 1, 16, "2024-12-14 08:00", "2024-12-14 09:37", 100.00),
    ("NJ Northeast Corridor 4PM", 3861, 16, 1, "2024-12-14 16:30", "2024-12-14 18:04", 100.00),
    ("NJ Northeast Corridor 5PM", 3725, 16, 4, "2024-12-14 17:08", "2024-12-14 18:13", 90.00),
    ("NJ Northeast Corridor 6PM", 3873, 16, 1, "2024-12-14 18:14", "2024-12-14 19:43", 80.00),
            
    -- 2024-12-15
    ("NJ Northeast Corridor 8AM", 3818, 1, 16, "2024-12-15 06:11", "2024-12-15 07:50", 80.00),
    ("NJ Northeast Corridor 9AM", 3828, 1, 16, "2024-12-15 07:23", "2024-12-15 09:06", 100.00),
    ("NJ Northeast Corridor 10AM", 3830, 1, 16, "2024-12-15 08:00", "2024-12-15 09:37", 100.00),
    ("NJ Northeast Corridor 4PM", 3861, 16, 1, "2024-12-15 16:30", "2024-12-15 18:04", 100.00),
    ("NJ Northeast Corridor 5PM", 3725, 16, 4, "2024-12-15 17:08", "2024-12-15 18:13", 90.00),
    ("NJ Northeast Corridor 6PM", 3873, 16, 1, "2024-12-15 18:14", "2024-12-15 19:43", 80.00),
            
    -- 2024-12-16
    ("NJ Northeast Corridor 8AM", 3818, 1, 16, "2024-12-16 06:11", "2024-12-16 07:50", 80.00),
    ("NJ Northeast Corridor 9AM", 3828, 1, 16, "2024-12-16 07:23", "2024-12-16 09:06", 100.00),
    ("NJ Northeast Corridor 10AM", 3830, 1, 16, "2024-12-16 08:00", "2024-12-16 09:37", 100.00),
    ("NJ Northeast Corridor 4PM", 3861, 16, 1, "2024-12-16 16:30", "2024-12-16 18:04", 100.00),
    ("NJ Northeast Corridor 5PM", 3725, 16, 4, "2024-12-16 17:08", "2024-12-16 18:13", 90.00),
    ("NJ Northeast Corridor 6PM", 3873, 16, 1, "2024-12-16 18:14", "2024-12-16 19:43", 80.00),
            
    -- 2024-12-17
    ("NJ Northeast Corridor 8AM", 3818, 1, 16, "2024-12-17 06:11", "2024-12-17 07:50", 80.00),
    ("NJ Northeast Corridor 9AM", 3828, 1, 16, "2024-12-17 07:23", "2024-12-17 09:06", 100.00),
    ("NJ Northeast Corridor 10AM", 3830, 1, 16, "2024-12-17 08:00", "2024-12-17 09:37", 100.00),
    ("NJ Northeast Corridor 4PM", 3861, 16, 1, "2024-12-17 16:30", "2024-12-17 18:04", 100.00),
    ("NJ Northeast Corridor 5PM", 3725, 16, 4, "2024-12-17 17:08", "2024-12-17 18:13", 90.00),
    ("NJ Northeast Corridor 6PM", 3873, 16, 1, "2024-12-17 18:14", "2024-12-17 19:43", 80.00),
            
    -- 2024-12-18
    ("NJ Northeast Corridor 8AM", 3818, 1, 16, "2024-12-18 06:11", "2024-12-18 07:50", 80.00),
    ("NJ Northeast Corridor 9AM", 3828, 1, 16, "2024-12-18 07:23", "2024-12-18 09:06", 100.00),
    ("NJ Northeast Corridor 10AM", 3830, 1, 16, "2024-12-18 08:00", "2024-12-18 09:37", 100.00),
    ("NJ Northeast Corridor 4PM", 3861, 16, 1, "2024-12-18 16:30", "2024-12-18 18:04", 100.00),
    ("NJ Northeast Corridor 5PM", 3725, 16, 4, "2024-12-18 17:08", "2024-12-18 18:13", 90.00),
    ("NJ Northeast Corridor 6PM", 3873, 16, 1, "2024-12-18 18:14", "2024-12-18 19:43", 80.00),
            
    -- 2024-12-19
    ("NJ Northeast Corridor 8AM", 3818, 1, 16, "2024-12-19 06:11", "2024-12-19 07:50", 80.00),
    ("NJ Northeast Corridor 9AM", 3828, 1, 16, "2024-12-19 07:23", "2024-12-19 09:06", 100.00),
    ("NJ Northeast Corridor 10AM", 3830, 1, 16, "2024-12-19 08:00", "2024-12-19 09:37", 100.00),
    ("NJ Northeast Corridor 4PM", 3861, 16, 1, "2024-12-19 16:30", "2024-12-19 18:04", 100.00),
    ("NJ Northeast Corridor 5PM", 3725, 16, 4, "2024-12-19 17:08", "2024-12-19 18:13", 90.00),
    ("NJ Northeast Corridor 6PM", 3873, 16, 1, "2024-12-19 18:14", "2024-12-19 19:43", 80.00),
            
    -- 2024-12-20
    ("NJ Northeast Corridor 8AM", 3818, 1, 16, "2024-12-20 06:11", "2024-12-20 07:50", 80.00),
    ("NJ Northeast Corridor 9AM", 3828, 1, 16, "2024-12-20 07:23", "2024-12-20 09:06", 100.00),
    ("NJ Northeast Corridor 10AM", 3830, 1, 16, "2024-12-20 08:00", "2024-12-20 09:37", 100.00),
    ("NJ Northeast Corridor 4PM", 3861, 16, 1, "2024-12-20 16:30", "2024-12-20 18:04", 100.00),
    ("NJ Northeast Corridor 5PM", 3725, 16, 4, "2024-12-20 17:08", "2024-12-20 18:13", 90.00),
    ("NJ Northeast Corridor 6PM", 3873, 16, 1, "2024-12-20 18:14", "2024-12-20 19:43", 80.00),
            
    -- 2024-12-21
    ("NJ Northeast Corridor 8AM", 3818, 1, 16, "2024-12-21 06:11", "2024-12-21 07:50", 80.00),
    ("NJ Northeast Corridor 9AM", 3828, 1, 16, "2024-12-21 07:23", "2024-12-21 09:06", 100.00),
    ("NJ Northeast Corridor 10AM", 3830, 1, 16, "2024-12-21 08:00", "2024-12-21 09:37", 100.00),
    ("NJ Northeast Corridor 4PM", 3861, 16, 1, "2024-12-21 16:30", "2024-12-21 18:04", 100.00),
    ("NJ Northeast Corridor 5PM", 3725, 16, 4, "2024-12-21 17:08", "2024-12-21 18:13", 90.00),
    ("NJ Northeast Corridor 6PM", 3873, 16, 1, "2024-12-21 18:14", "2024-12-21 19:43", 80.00),
            
    -- 2024-12-22
    ("NJ Northeast Corridor 8AM", 3818, 1, 16, "2024-12-22 06:11", "2024-12-22 07:50", 80.00),
    ("NJ Northeast Corridor 9AM", 3828, 1, 16, "2024-12-22 07:23", "2024-12-22 09:06", 100.00),
    ("NJ Northeast Corridor 10AM", 3830, 1, 16, "2024-12-22 08:00", "2024-12-22 09:37", 100.00),
    ("NJ Northeast Corridor 4PM", 3861, 16, 1, "2024-12-22 16:30", "2024-12-22 18:04", 100.00),
    ("NJ Northeast Corridor 5PM", 3725, 16, 4, "2024-12-22 17:08", "2024-12-22 18:13", 90.00),
    ("NJ Northeast Corridor 6PM", 3873, 16, 1, "2024-12-22 18:14", "2024-12-22 19:43", 80.00),
            
    -- 2024-12-23
    ("NJ Northeast Corridor 8AM", 3818, 1, 16, "2024-12-23 06:11", "2024-12-23 07:50", 80.00),
    ("NJ Northeast Corridor 9AM", 3828, 1, 16, "2024-12-23 07:23", "2024-12-23 09:06", 100.00),
    ("NJ Northeast Corridor 10AM", 3830, 1, 16, "2024-12-23 08:00", "2024-12-23 09:37", 100.00),
    ("NJ Northeast Corridor 4PM", 3861, 16, 1, "2024-12-23 16:30", "2024-12-23 18:04", 100.00),
    ("NJ Northeast Corridor 5PM", 3725, 16, 4, "2024-12-23 17:08", "2024-12-23 18:13", 90.00),
    ("NJ Northeast Corridor 6PM", 3873, 16, 1, "2024-12-23 18:14", "2024-12-23 19:43", 80.00),
            
    -- 2024-12-24
    ("NJ Northeast Corridor 8AM", 3818, 1, 16, "2024-12-24 06:11", "2024-12-24 07:50", 80.00),
    ("NJ Northeast Corridor 9AM", 3828, 1, 16, "2024-12-24 07:23", "2024-12-24 09:06", 100.00),
    ("NJ Northeast Corridor 10AM", 3830, 1, 16, "2024-12-24 08:00", "2024-12-24 09:37", 100.00),
    ("NJ Northeast Corridor 4PM", 3861, 16, 1, "2024-12-24 16:30", "2024-12-24 18:04", 100.00),
    ("NJ Northeast Corridor 5PM", 3725, 16, 4, "2024-12-24 17:08", "2024-12-24 18:13", 90.00),
    ("NJ Northeast Corridor 6PM", 3873, 16, 1, "2024-12-24 18:14", "2024-12-24 19:43", 80.00),
            
    -- 2024-12-25
    ("NJ Northeast Corridor 8AM", 3818, 1, 16, "2024-12-25 06:11", "2024-12-25 07:50", 80.00),
    ("NJ Northeast Corridor 9AM", 3828, 1, 16, "2024-12-25 07:23", "2024-12-25 09:06", 100.00),
    ("NJ Northeast Corridor 10AM", 3830, 1, 16, "2024-12-25 08:00", "2024-12-25 09:37", 100.00),
    ("NJ Northeast Corridor 4PM", 3861, 16, 1, "2024-12-25 16:30", "2024-12-25 18:04", 100.00),
    ("NJ Northeast Corridor 5PM", 3725, 16, 4, "2024-12-25 17:08", "2024-12-25 18:13", 90.00),
    ("NJ Northeast Corridor 6PM", 3873, 16, 1, "2024-12-25 18:14", "2024-12-25 19:43", 80.00),
            
    -- 2024-12-26
    ("NJ Northeast Corridor 8AM", 3818, 1, 16, "2024-12-26 06:11", "2024-12-26 07:50", 80.00),
    ("NJ Northeast Corridor 9AM", 3828, 1, 16, "2024-12-26 07:23", "2024-12-26 09:06", 100.00),
    ("NJ Northeast Corridor 10AM", 3830, 1, 16, "2024-12-26 08:00", "2024-12-26 09:37", 100.00),
    ("NJ Northeast Corridor 4PM", 3861, 16, 1, "2024-12-26 16:30", "2024-12-26 18:04", 100.00),
    ("NJ Northeast Corridor 5PM", 3725, 16, 4, "2024-12-26 17:08", "2024-12-26 18:13", 90.00),
    ("NJ Northeast Corridor 6PM", 3873, 16, 1, "2024-12-26 18:14", "2024-12-26 19:43", 80.00),
            
    -- 2024-12-27
    ("NJ Northeast Corridor 8AM", 3818, 1, 16, "2024-12-27 06:11", "2024-12-27 07:50", 80.00),
    ("NJ Northeast Corridor 9AM", 3828, 1, 16, "2024-12-27 07:23", "2024-12-27 09:06", 100.00),
    ("NJ Northeast Corridor 10AM", 3830, 1, 16, "2024-12-27 08:00", "2024-12-27 09:37", 100.00),
    ("NJ Northeast Corridor 4PM", 3861, 16, 1, "2024-12-27 16:30", "2024-12-27 18:04", 100.00),
    ("NJ Northeast Corridor 5PM", 3725, 16, 4, "2024-12-27 17:08", "2024-12-27 18:13", 90.00),
    ("NJ Northeast Corridor 6PM", 3873, 16, 1, "2024-12-27 18:14", "2024-12-27 19:43", 80.00),
            
    -- 2024-12-28
    ("NJ Northeast Corridor 8AM", 3818, 1, 16, "2024-12-28 06:11", "2024-12-28 07:50", 80.00),
    ("NJ Northeast Corridor 9AM", 3828, 1, 16, "2024-12-28 07:23", "2024-12-28 09:06", 100.00),
    ("NJ Northeast Corridor 10AM", 3830, 1, 16, "2024-12-28 08:00", "2024-12-28 09:37", 100.00),
    ("NJ Northeast Corridor 4PM", 3861, 16, 1, "2024-12-28 16:30", "2024-12-28 18:04", 100.00),
    ("NJ Northeast Corridor 5PM", 3725, 16, 4, "2024-12-28 17:08", "2024-12-28 18:13", 90.00),
    ("NJ Northeast Corridor 6PM", 3873, 16, 1, "2024-12-28 18:14", "2024-12-28 19:43", 80.00),
            
    -- 2024-12-29
    ("NJ Northeast Corridor 8AM", 3818, 1, 16, "2024-12-29 06:11", "2024-12-29 07:50", 80.00),
    ("NJ Northeast Corridor 9AM", 3828, 1, 16, "2024-12-29 07:23", "2024-12-29 09:06", 100.00),
    ("NJ Northeast Corridor 10AM", 3830, 1, 16, "2024-12-29 08:00", "2024-12-29 09:37", 100.00),
    ("NJ Northeast Corridor 4PM", 3861, 16, 1, "2024-12-29 16:30", "2024-12-29 18:04", 100.00),
    ("NJ Northeast Corridor 5PM", 3725, 16, 4, "2024-12-29 17:08", "2024-12-29 18:13", 90.00),
    ("NJ Northeast Corridor 6PM", 3873, 16, 1, "2024-12-29 18:14", "2024-12-29 19:43", 80.00),
            
    -- 2024-12-30
    ("NJ Northeast Corridor 8AM", 3818, 1, 16, "2024-12-30 06:11", "2024-12-30 07:50", 80.00),
    ("NJ Northeast Corridor 9AM", 3828, 1, 16, "2024-12-30 07:23", "2024-12-30 09:06", 100.00),
    ("NJ Northeast Corridor 10AM", 3830, 1, 16, "2024-12-30 08:00", "2024-12-30 09:37", 100.00),
    ("NJ Northeast Corridor 4PM", 3861, 16, 1, "2024-12-30 16:30", "2024-12-30 18:04", 100.00),
    ("NJ Northeast Corridor 5PM", 3725, 16, 4, "2024-12-30 17:08", "2024-12-30 18:13", 90.00),
    ("NJ Northeast Corridor 6PM", 3873, 16, 1, "2024-12-30 18:14", "2024-12-30 19:43", 80.00),
            
    -- 2024-12-31
    ("NJ Northeast Corridor 8AM", 3818, 1, 16, "2024-12-31 06:11", "2024-12-31 07:50", 80.00),
    ("NJ Northeast Corridor 9AM", 3828, 1, 16, "2024-12-31 07:23", "2024-12-31 09:06", 100.00),
    ("NJ Northeast Corridor 10AM", 3830, 1, 16, "2024-12-31 08:00", "2024-12-31 09:37", 100.00),
    ("NJ Northeast Corridor 4PM", 3861, 16, 1, "2024-12-31 16:30", "2024-12-31 18:04", 100.00),
    ("NJ Northeast Corridor 5PM", 3725, 16, 4, "2024-12-31 17:08", "2024-12-31 18:13", 90.00),
    ("NJ Northeast Corridor 6PM", 3873, 16, 1, "2024-12-31 18:14", "2024-12-31 19:43", 80.00);

INSERT INTO Stop (stopStation, stopLine, departureDateTime, arrivalDateTime)
VALUES         
-- 2024-12-01
    -- 3818 to NY (7:50 AM)
    (1, 1, "2024-12-01 06:12", "2024-12-01 06:11"),
    (2, 1, "2024-12-01 06:18", "2024-12-01 06:17"),
    (3, 1, "2024-12-01 06:26", "2024-12-01 06:25"),
    (5, 1, "2024-12-01 06:41", "2024-12-01 06:40"),
    (6, 1, "2024-12-01 06:46", "2024-12-01 06:45"),
    (7, 1, "2024-12-01 06:51", "2024-12-01 06:50"),
    (8, 1, "2024-12-01 06:56", "2024-12-01 06:55"),
    (9, 1, "2024-12-01 07:04", "2024-12-01 07:03"),
    (10, 1, "2024-12-01 07:09", "2024-12-01 07:08"),
    (11, 1, "2024-12-01 07:15", "2024-12-01 07:14"),
    (12, 1, "2024-12-01 07:18", "2024-12-01 07:17"),
    (13, 1, "2024-12-01 07:23", "2024-12-01 07:22"),
    (14, 1, "2024-12-01 07:30", "2024-12-01 07:29"),
    (15, 1, "2024-12-01 07:38", "2024-12-01 07:37"),
    (16, 1, "2024-12-01 07:50", "2024-12-01 07:50"),
    
    -- 3828 to NY (9:06 AM)
    (1, 2, "2024-12-01 07:24", "2024-12-01 07:23"),
    (2, 2, "2024-12-01 07:30", "2024-12-01 07:29"),
    (3, 2, "2024-12-01 07:37", "2024-12-01 07:36"),
    (5, 2, "2024-12-01 07:55", "2024-12-01 07:54"),
    (6, 2, "2024-12-01 08:00", "2024-12-01 07:59"),
    (7, 2, "2024-12-01 08:05", "2024-12-01 08:04"),
    (8, 2, "2024-12-01 08:10", "2024-12-01 08:09"),
    (9, 2, "2024-12-01 08:19", "2024-12-01 08:18"),
    (10, 2, "2024-12-01 08:24", "2024-12-01 08:23"),
    (11, 2, "2024-12-01 08:33", "2024-12-01 08:32"),
    (12, 2, "2024-12-01 08:36", "2024-12-01 08:35"),
    (13, 2, "2024-12-01 08:39", "2024-12-01 08:38"),
    (14, 2, "2024-12-01 08:45", "2024-12-01 08:44"),
    (15, 2, "2024-12-01 08:54", "2024-12-01 08:53"),
    (16, 2, "2024-12-01 09:06", "2024-12-01 09:06"),
    
    -- 3830 to NY (9:37 AM)
    (1, 3, "2024-12-01 08:01", "2024-12-01 08:00"),
    (2, 3, "2024-12-01 08:08", "2024-12-01 08:07"),
    (3, 3, "2024-12-01 08:15", "2024-12-01 08:14"),
    (5, 3, "2024-12-01 08:36", "2024-12-01 08:35"),
    (6, 3, "2024-12-01 08:40", "2024-12-01 08:39"),
    (7, 3, "2024-12-01 08:45", "2024-12-01 08:44"),
    (8, 3, "2024-12-01 08:49", "2024-12-01 08:48"),
    (9, 3, "2024-12-01 08:55", "2024-12-01 08:54"),
    (10, 3, "2024-12-01 08:59", "2024-12-01 08:58"),
    (11, 3, "2024-12-01 09:05", "2024-12-01 09:04"),
    (12, 3, "2024-12-01 09:08", "2024-12-01 09:07"),
    (13, 3, "2024-12-01 09:12", "2024-12-01 09:11"),
    (14, 3, "2024-12-01 09:17", "2024-12-01 09:16"),
    (15, 3, "2024-12-01 09:25", "2024-12-01 09:24"),
    (16, 3, "2024-12-01 09:37", "2024-12-01 09:37"),
    
    -- 3861 from NY (4:30 PM)
    (16, 4, "2024-12-01 16:31", "2024-12-01 16:30"),
    (15, 4, "2024-12-01 16:41", "2024-12-01 16:40"),
    (14, 4, "2024-12-01 16:50", "2024-12-01 16:49"),
    (13, 4, "2024-12-01 16:56", "2024-12-01 16:55"),
    (12, 4, "2024-12-01 17:00", "2024-12-01 16:59"),
    (11, 4, "2024-12-01 17:03", "2024-12-01 17:02"),
    (10, 4, "2024-12-01 17:08", "2024-12-01 17:07"),
    (9, 4, "2024-12-01 17:12", "2024-12-01 17:11"),
    (8, 4, "2024-12-01 17:17", "2024-12-01 17:16"),
    (7, 4, "2024-12-01 17:22", "2024-12-01 17:21"),
    (6, 4, "2024-12-01 17:26", "2024-12-01 17:25"),
    (5, 4, "2024-12-01 17:30", "2024-12-01 17:29"),
    (3, 4, "2024-12-01 17:46", "2024-12-01 17:45"),
    (2, 4, "2024-12-01 17:53", "2024-12-01 17:52"),
    (1, 4, "2024-12-01 18:04", "2024-12-01 18:04"),
    
    -- 3725 from NY (5:08 PM)
    (16, 5, "2024-12-01 17:09", "2024-12-01 17:08"),
    (15, 5, "2024-12-01 17:29", "2024-12-01 17:18"),
    (14, 5, "2024-12-01 17:30", "2024-12-01 17:29"),
    (13, 5, "2024-12-01 17:36", "2024-12-01 17:35"),
    (8, 5, "2024-12-01 17:50", "2024-12-01 17:49"),
    (7, 5, "2024-12-01 17:55", "2024-12-01 17:54"),
    (6, 5, "2024-12-01 18:00", "2024-12-01 17:59"),
    (5, 5, "2024-12-01 18:04", "2024-12-01 18:04"),
    (4, 5, "2024-12-01 18:13", "2024-12-01 18:13"),
    
    -- 3873 from NY (6:14 PM)
    (16, 6, "2024-12-01 18:15", "2024-12-01 18:14"),
    (14, 6, "2024-12-01 18:31", "2024-12-01 18:30"),
    (13, 6, "2024-12-01 18:37", "2024-12-01 18:36"),
    (9, 6, "2024-12-01 18:47", "2024-12-01 18:46"),
    (8, 6, "2024-12-01 18:53", "2024-12-01 18:52"),
    (7, 6, "2024-12-01 18:58", "2024-12-01 18:57"),
    (6, 6, "2024-12-01 19:04", "2024-12-01 19:03"),
    (5, 6, "2024-12-01 19:08", "2024-12-01 19:07"),
    (4, 6, "2024-12-01 19:13", "2024-12-01 19:12"),
    (3, 6, "2024-12-01 19:25", "2024-12-01 19:24"),
    (2, 6, "2024-12-01 19:32", "2024-12-01 19:31"),
    (1, 6, "2024-12-01 19:43", "2024-12-01 19:43"),
             
-- 2024-12-02
    -- 3818 to NY (7:50 AM)
    (1, 7, "2024-12-02 06:12", "2024-12-02 06:11"),
    (2, 7, "2024-12-02 06:18", "2024-12-02 06:17"),
    (3, 7, "2024-12-02 06:26", "2024-12-02 06:25"),
    (5, 7, "2024-12-02 06:41", "2024-12-02 06:40"),
    (6, 7, "2024-12-02 06:46", "2024-12-02 06:45"),
    (7, 7, "2024-12-02 06:51", "2024-12-02 06:50"),
    (8, 7, "2024-12-02 06:56", "2024-12-02 06:55"),
    (9, 7, "2024-12-02 07:04", "2024-12-02 07:03"),
    (10, 7, "2024-12-02 07:09", "2024-12-02 07:08"),
    (11, 7, "2024-12-02 07:15", "2024-12-02 07:14"),
    (12, 7, "2024-12-02 07:18", "2024-12-02 07:17"),
    (13, 7, "2024-12-02 07:23", "2024-12-02 07:22"),
    (14, 7, "2024-12-02 07:30", "2024-12-02 07:29"),
    (15, 7, "2024-12-02 07:38", "2024-12-02 07:37"),
    (16, 7, "2024-12-02 07:50", "2024-12-02 07:50"),
    
    -- 3828 to NY (9:06 AM)
    (1, 8, "2024-12-02 07:24", "2024-12-02 07:23"),
    (2, 8, "2024-12-02 07:30", "2024-12-02 07:29"),
    (3, 8, "2024-12-02 07:37", "2024-12-02 07:36"),
    (5, 8, "2024-12-02 07:55", "2024-12-02 07:54"),
    (6, 8, "2024-12-02 08:00", "2024-12-02 07:59"),
    (7, 8, "2024-12-02 08:05", "2024-12-02 08:04"),
    (8, 8, "2024-12-02 08:10", "2024-12-02 08:09"),
    (9, 8, "2024-12-02 08:19", "2024-12-02 08:18"),
    (10, 8, "2024-12-02 08:24", "2024-12-02 08:23"),
    (11, 8, "2024-12-02 08:33", "2024-12-02 08:32"),
    (12, 8, "2024-12-02 08:36", "2024-12-02 08:35"),
    (13, 8, "2024-12-02 08:39", "2024-12-02 08:38"),
    (14, 8, "2024-12-02 08:45", "2024-12-02 08:44"),
    (15, 8, "2024-12-02 08:54", "2024-12-02 08:53"),
    (16, 8, "2024-12-02 09:06", "2024-12-02 09:06"),
    
    -- 3830 to NY (9:37 AM)
    (1, 9, "2024-12-02 08:01", "2024-12-02 08:00"),
    (2, 9, "2024-12-02 08:08", "2024-12-02 08:07"),
    (3, 9, "2024-12-02 08:15", "2024-12-02 08:14"),
    (5, 9, "2024-12-02 08:36", "2024-12-02 08:35"),
    (6, 9, "2024-12-02 08:40", "2024-12-02 08:39"),
    (7, 9, "2024-12-02 08:45", "2024-12-02 08:44"),
    (8, 9, "2024-12-02 08:49", "2024-12-02 08:48"),
    (9, 9, "2024-12-02 08:55", "2024-12-02 08:54"),
    (10, 9, "2024-12-02 08:59", "2024-12-02 08:58"),
    (11, 9, "2024-12-02 09:05", "2024-12-02 09:04"),
    (12, 9, "2024-12-02 09:08", "2024-12-02 09:07"),
    (13, 9, "2024-12-02 09:12", "2024-12-02 09:11"),
    (14, 9, "2024-12-02 09:17", "2024-12-02 09:16"),
    (15, 9, "2024-12-02 09:25", "2024-12-02 09:24"),
    (16, 9, "2024-12-02 09:37", "2024-12-02 09:37"),
    
    -- 3861 from NY (4:30 PM)
    (16, 10, "2024-12-02 16:31", "2024-12-02 16:30"),
    (15, 10, "2024-12-02 16:41", "2024-12-02 16:40"),
    (14, 10, "2024-12-02 16:50", "2024-12-02 16:49"),
    (13, 10, "2024-12-02 16:56", "2024-12-02 16:55"),
    (12, 10, "2024-12-02 17:00", "2024-12-02 16:59"),
    (11, 10, "2024-12-02 17:03", "2024-12-02 17:02"),
    (10, 10, "2024-12-02 17:08", "2024-12-02 17:07"),
    (9, 10, "2024-12-02 17:12", "2024-12-02 17:11"),
    (8, 10, "2024-12-02 17:17", "2024-12-02 17:16"),
    (7, 10, "2024-12-02 17:22", "2024-12-02 17:21"),
    (6, 10, "2024-12-02 17:26", "2024-12-02 17:25"),
    (5, 10, "2024-12-02 17:30", "2024-12-02 17:29"),
    (3, 10, "2024-12-02 17:46", "2024-12-02 17:45"),
    (2, 10, "2024-12-02 17:53", "2024-12-02 17:52"),
    (1, 10, "2024-12-02 18:04", "2024-12-02 18:04"),
    
    -- 3725 from NY (5:08 PM)
    (16, 11, "2024-12-02 17:09", "2024-12-02 17:08"),
    (15, 11, "2024-12-02 17:29", "2024-12-02 17:18"),
    (14, 11, "2024-12-02 17:30", "2024-12-02 17:29"),
    (13, 11, "2024-12-02 17:36", "2024-12-02 17:35"),
    (8, 11, "2024-12-02 17:50", "2024-12-02 17:49"),
    (7, 11, "2024-12-02 17:55", "2024-12-02 17:54"),
    (6, 11, "2024-12-02 18:00", "2024-12-02 17:59"),
    (5, 11, "2024-12-02 18:04", "2024-12-02 18:04"),
    (4, 11, "2024-12-02 18:13", "2024-12-02 18:13"),
    
    -- 3873 from NY (6:14 PM)
    (16, 12, "2024-12-02 18:15", "2024-12-02 18:14"),
    (14, 12, "2024-12-02 18:31", "2024-12-02 18:30"),
    (13, 12, "2024-12-02 18:37", "2024-12-02 18:36"),
    (9, 12, "2024-12-02 18:47", "2024-12-02 18:46"),
    (8, 12, "2024-12-02 18:53", "2024-12-02 18:52"),
    (7, 12, "2024-12-02 18:58", "2024-12-02 18:57"),
    (6, 12, "2024-12-02 19:04", "2024-12-02 19:03"),
    (5, 12, "2024-12-02 19:08", "2024-12-02 19:07"),
    (4, 12, "2024-12-02 19:13", "2024-12-02 19:12"),
    (3, 12, "2024-12-02 19:25", "2024-12-02 19:24"),
    (2, 12, "2024-12-02 19:32", "2024-12-02 19:31"),
    (1, 12, "2024-12-02 19:43", "2024-12-02 19:43"),
             
-- 2024-12-03
    -- 3818 to NY (7:50 AM)
    (1, 13, "2024-12-03 06:12", "2024-12-03 06:11"),
    (2, 13, "2024-12-03 06:18", "2024-12-03 06:17"),
    (3, 13, "2024-12-03 06:26", "2024-12-03 06:25"),
    (5, 13, "2024-12-03 06:41", "2024-12-03 06:40"),
    (6, 13, "2024-12-03 06:46", "2024-12-03 06:45"),
    (7, 13, "2024-12-03 06:51", "2024-12-03 06:50"),
    (8, 13, "2024-12-03 06:56", "2024-12-03 06:55"),
    (9, 13, "2024-12-03 07:04", "2024-12-03 07:03"),
    (10, 13, "2024-12-03 07:09", "2024-12-03 07:08"),
    (11, 13, "2024-12-03 07:15", "2024-12-03 07:14"),
    (12, 13, "2024-12-03 07:18", "2024-12-03 07:17"),
    (13, 13, "2024-12-03 07:23", "2024-12-03 07:22"),
    (14, 13, "2024-12-03 07:30", "2024-12-03 07:29"),
    (15, 13, "2024-12-03 07:38", "2024-12-03 07:37"),
    (16, 13, "2024-12-03 07:50", "2024-12-03 07:50"),
    
    -- 3828 to NY (9:06 AM)
    (1, 14, "2024-12-03 07:24", "2024-12-03 07:23"),
    (2, 14, "2024-12-03 07:30", "2024-12-03 07:29"),
    (3, 14, "2024-12-03 07:37", "2024-12-03 07:36"),
    (5, 14, "2024-12-03 07:55", "2024-12-03 07:54"),
    (6, 14, "2024-12-03 08:00", "2024-12-03 07:59"),
    (7, 14, "2024-12-03 08:05", "2024-12-03 08:04"),
    (8, 14, "2024-12-03 08:10", "2024-12-03 08:09"),
    (9, 14, "2024-12-03 08:19", "2024-12-03 08:18"),
    (10, 14, "2024-12-03 08:24", "2024-12-03 08:23"),
    (11, 14, "2024-12-03 08:33", "2024-12-03 08:32"),
    (12, 14, "2024-12-03 08:36", "2024-12-03 08:35"),
    (13, 14, "2024-12-03 08:39", "2024-12-03 08:38"),
    (14, 14, "2024-12-03 08:45", "2024-12-03 08:44"),
    (15, 14, "2024-12-03 08:54", "2024-12-03 08:53"),
    (16, 14, "2024-12-03 09:06", "2024-12-03 09:06"),
    
    -- 3830 to NY (9:37 AM)
    (1, 15, "2024-12-03 08:01", "2024-12-03 08:00"),
    (2, 15, "2024-12-03 08:08", "2024-12-03 08:07"),
    (3, 15, "2024-12-03 08:15", "2024-12-03 08:14"),
    (5, 15, "2024-12-03 08:36", "2024-12-03 08:35"),
    (6, 15, "2024-12-03 08:40", "2024-12-03 08:39"),
    (7, 15, "2024-12-03 08:45", "2024-12-03 08:44"),
    (8, 15, "2024-12-03 08:49", "2024-12-03 08:48"),
    (9, 15, "2024-12-03 08:55", "2024-12-03 08:54"),
    (10, 15, "2024-12-03 08:59", "2024-12-03 08:58"),
    (11, 15, "2024-12-03 09:05", "2024-12-03 09:04"),
    (12, 15, "2024-12-03 09:08", "2024-12-03 09:07"),
    (13, 15, "2024-12-03 09:12", "2024-12-03 09:11"),
    (14, 15, "2024-12-03 09:17", "2024-12-03 09:16"),
    (15, 15, "2024-12-03 09:25", "2024-12-03 09:24"),
    (16, 15, "2024-12-03 09:37", "2024-12-03 09:37"),
    
    -- 3861 from NY (4:30 PM)
    (16, 16, "2024-12-03 16:31", "2024-12-03 16:30"),
    (15, 16, "2024-12-03 16:41", "2024-12-03 16:40"),
    (14, 16, "2024-12-03 16:50", "2024-12-03 16:49"),
    (13, 16, "2024-12-03 16:56", "2024-12-03 16:55"),
    (12, 16, "2024-12-03 17:00", "2024-12-03 16:59"),
    (11, 16, "2024-12-03 17:03", "2024-12-03 17:02"),
    (10, 16, "2024-12-03 17:08", "2024-12-03 17:07"),
    (9, 16, "2024-12-03 17:12", "2024-12-03 17:11"),
    (8, 16, "2024-12-03 17:17", "2024-12-03 17:16"),
    (7, 16, "2024-12-03 17:22", "2024-12-03 17:21"),
    (6, 16, "2024-12-03 17:26", "2024-12-03 17:25"),
    (5, 16, "2024-12-03 17:30", "2024-12-03 17:29"),
    (3, 16, "2024-12-03 17:46", "2024-12-03 17:45"),
    (2, 16, "2024-12-03 17:53", "2024-12-03 17:52"),
    (1, 16, "2024-12-03 18:04", "2024-12-03 18:04"),
    
    -- 3725 from NY (5:08 PM)
    (16, 17, "2024-12-03 17:09", "2024-12-03 17:08"),
    (15, 17, "2024-12-03 17:29", "2024-12-03 17:18"),
    (14, 17, "2024-12-03 17:30", "2024-12-03 17:29"),
    (13, 17, "2024-12-03 17:36", "2024-12-03 17:35"),
    (8, 17, "2024-12-03 17:50", "2024-12-03 17:49"),
    (7, 17, "2024-12-03 17:55", "2024-12-03 17:54"),
    (6, 17, "2024-12-03 18:00", "2024-12-03 17:59"),
    (5, 17, "2024-12-03 18:04", "2024-12-03 18:04"),
    (4, 17, "2024-12-03 18:13", "2024-12-03 18:13"),
    
    -- 3873 from NY (6:14 PM)
    (16, 18, "2024-12-03 18:15", "2024-12-03 18:14"),
    (14, 18, "2024-12-03 18:31", "2024-12-03 18:30"),
    (13, 18, "2024-12-03 18:37", "2024-12-03 18:36"),
    (9, 18, "2024-12-03 18:47", "2024-12-03 18:46"),
    (8, 18, "2024-12-03 18:53", "2024-12-03 18:52"),
    (7, 18, "2024-12-03 18:58", "2024-12-03 18:57"),
    (6, 18, "2024-12-03 19:04", "2024-12-03 19:03"),
    (5, 18, "2024-12-03 19:08", "2024-12-03 19:07"),
    (4, 18, "2024-12-03 19:13", "2024-12-03 19:12"),
    (3, 18, "2024-12-03 19:25", "2024-12-03 19:24"),
    (2, 18, "2024-12-03 19:32", "2024-12-03 19:31"),
    (1, 18, "2024-12-03 19:43", "2024-12-03 19:43"),
             
-- 2024-12-04
    -- 3818 to NY (7:50 AM)
    (1, 19, "2024-12-04 06:12", "2024-12-04 06:11"),
    (2, 19, "2024-12-04 06:18", "2024-12-04 06:17"),
    (3, 19, "2024-12-04 06:26", "2024-12-04 06:25"),
    (5, 19, "2024-12-04 06:41", "2024-12-04 06:40"),
    (6, 19, "2024-12-04 06:46", "2024-12-04 06:45"),
    (7, 19, "2024-12-04 06:51", "2024-12-04 06:50"),
    (8, 19, "2024-12-04 06:56", "2024-12-04 06:55"),
    (9, 19, "2024-12-04 07:04", "2024-12-04 07:03"),
    (10, 19, "2024-12-04 07:09", "2024-12-04 07:08"),
    (11, 19, "2024-12-04 07:15", "2024-12-04 07:14"),
    (12, 19, "2024-12-04 07:18", "2024-12-04 07:17"),
    (13, 19, "2024-12-04 07:23", "2024-12-04 07:22"),
    (14, 19, "2024-12-04 07:30", "2024-12-04 07:29"),
    (15, 19, "2024-12-04 07:38", "2024-12-04 07:37"),
    (16, 19, "2024-12-04 07:50", "2024-12-04 07:50"),
    
    -- 3828 to NY (9:06 AM)
    (1, 20, "2024-12-04 07:24", "2024-12-04 07:23"),
    (2, 20, "2024-12-04 07:30", "2024-12-04 07:29"),
    (3, 20, "2024-12-04 07:37", "2024-12-04 07:36"),
    (5, 20, "2024-12-04 07:55", "2024-12-04 07:54"),
    (6, 20, "2024-12-04 08:00", "2024-12-04 07:59"),
    (7, 20, "2024-12-04 08:05", "2024-12-04 08:04"),
    (8, 20, "2024-12-04 08:10", "2024-12-04 08:09"),
    (9, 20, "2024-12-04 08:19", "2024-12-04 08:18"),
    (10, 20, "2024-12-04 08:24", "2024-12-04 08:23"),
    (11, 20, "2024-12-04 08:33", "2024-12-04 08:32"),
    (12, 20, "2024-12-04 08:36", "2024-12-04 08:35"),
    (13, 20, "2024-12-04 08:39", "2024-12-04 08:38"),
    (14, 20, "2024-12-04 08:45", "2024-12-04 08:44"),
    (15, 20, "2024-12-04 08:54", "2024-12-04 08:53"),
    (16, 20, "2024-12-04 09:06", "2024-12-04 09:06"),
    
    -- 3830 to NY (9:37 AM)
    (1, 21, "2024-12-04 08:01", "2024-12-04 08:00"),
    (2, 21, "2024-12-04 08:08", "2024-12-04 08:07"),
    (3, 21, "2024-12-04 08:15", "2024-12-04 08:14"),
    (5, 21, "2024-12-04 08:36", "2024-12-04 08:35"),
    (6, 21, "2024-12-04 08:40", "2024-12-04 08:39"),
    (7, 21, "2024-12-04 08:45", "2024-12-04 08:44"),
    (8, 21, "2024-12-04 08:49", "2024-12-04 08:48"),
    (9, 21, "2024-12-04 08:55", "2024-12-04 08:54"),
    (10, 21, "2024-12-04 08:59", "2024-12-04 08:58"),
    (11, 21, "2024-12-04 09:05", "2024-12-04 09:04"),
    (12, 21, "2024-12-04 09:08", "2024-12-04 09:07"),
    (13, 21, "2024-12-04 09:12", "2024-12-04 09:11"),
    (14, 21, "2024-12-04 09:17", "2024-12-04 09:16"),
    (15, 21, "2024-12-04 09:25", "2024-12-04 09:24"),
    (16, 21, "2024-12-04 09:37", "2024-12-04 09:37"),
    
    -- 3861 from NY (4:30 PM)
    (16, 22, "2024-12-04 16:31", "2024-12-04 16:30"),
    (15, 22, "2024-12-04 16:41", "2024-12-04 16:40"),
    (14, 22, "2024-12-04 16:50", "2024-12-04 16:49"),
    (13, 22, "2024-12-04 16:56", "2024-12-04 16:55"),
    (12, 22, "2024-12-04 17:00", "2024-12-04 16:59"),
    (11, 22, "2024-12-04 17:03", "2024-12-04 17:02"),
    (10, 22, "2024-12-04 17:08", "2024-12-04 17:07"),
    (9, 22, "2024-12-04 17:12", "2024-12-04 17:11"),
    (8, 22, "2024-12-04 17:17", "2024-12-04 17:16"),
    (7, 22, "2024-12-04 17:22", "2024-12-04 17:21"),
    (6, 22, "2024-12-04 17:26", "2024-12-04 17:25"),
    (5, 22, "2024-12-04 17:30", "2024-12-04 17:29"),
    (3, 22, "2024-12-04 17:46", "2024-12-04 17:45"),
    (2, 22, "2024-12-04 17:53", "2024-12-04 17:52"),
    (1, 22, "2024-12-04 18:04", "2024-12-04 18:04"),
    
    -- 3725 from NY (5:08 PM)
    (16, 23, "2024-12-04 17:09", "2024-12-04 17:08"),
    (15, 23, "2024-12-04 17:29", "2024-12-04 17:18"),
    (14, 23, "2024-12-04 17:30", "2024-12-04 17:29"),
    (13, 23, "2024-12-04 17:36", "2024-12-04 17:35"),
    (8, 23, "2024-12-04 17:50", "2024-12-04 17:49"),
    (7, 23, "2024-12-04 17:55", "2024-12-04 17:54"),
    (6, 23, "2024-12-04 18:00", "2024-12-04 17:59"),
    (5, 23, "2024-12-04 18:04", "2024-12-04 18:04"),
    (4, 23, "2024-12-04 18:13", "2024-12-04 18:13"),
    
    -- 3873 from NY (6:14 PM)
    (16, 24, "2024-12-04 18:15", "2024-12-04 18:14"),
    (14, 24, "2024-12-04 18:31", "2024-12-04 18:30"),
    (13, 24, "2024-12-04 18:37", "2024-12-04 18:36"),
    (9, 24, "2024-12-04 18:47", "2024-12-04 18:46"),
    (8, 24, "2024-12-04 18:53", "2024-12-04 18:52"),
    (7, 24, "2024-12-04 18:58", "2024-12-04 18:57"),
    (6, 24, "2024-12-04 19:04", "2024-12-04 19:03"),
    (5, 24, "2024-12-04 19:08", "2024-12-04 19:07"),
    (4, 24, "2024-12-04 19:13", "2024-12-04 19:12"),
    (3, 24, "2024-12-04 19:25", "2024-12-04 19:24"),
    (2, 24, "2024-12-04 19:32", "2024-12-04 19:31"),
    (1, 24, "2024-12-04 19:43", "2024-12-04 19:43"),
             
-- 2024-12-05
    -- 3818 to NY (7:50 AM)
    (1, 25, "2024-12-05 06:12", "2024-12-05 06:11"),
    (2, 25, "2024-12-05 06:18", "2024-12-05 06:17"),
    (3, 25, "2024-12-05 06:26", "2024-12-05 06:25"),
    (5, 25, "2024-12-05 06:41", "2024-12-05 06:40"),
    (6, 25, "2024-12-05 06:46", "2024-12-05 06:45"),
    (7, 25, "2024-12-05 06:51", "2024-12-05 06:50"),
    (8, 25, "2024-12-05 06:56", "2024-12-05 06:55"),
    (9, 25, "2024-12-05 07:04", "2024-12-05 07:03"),
    (10, 25, "2024-12-05 07:09", "2024-12-05 07:08"),
    (11, 25, "2024-12-05 07:15", "2024-12-05 07:14"),
    (12, 25, "2024-12-05 07:18", "2024-12-05 07:17"),
    (13, 25, "2024-12-05 07:23", "2024-12-05 07:22"),
    (14, 25, "2024-12-05 07:30", "2024-12-05 07:29"),
    (15, 25, "2024-12-05 07:38", "2024-12-05 07:37"),
    (16, 25, "2024-12-05 07:50", "2024-12-05 07:50"),
    
    -- 3828 to NY (9:06 AM)
    (1, 26, "2024-12-05 07:24", "2024-12-05 07:23"),
    (2, 26, "2024-12-05 07:30", "2024-12-05 07:29"),
    (3, 26, "2024-12-05 07:37", "2024-12-05 07:36"),
    (5, 26, "2024-12-05 07:55", "2024-12-05 07:54"),
    (6, 26, "2024-12-05 08:00", "2024-12-05 07:59"),
    (7, 26, "2024-12-05 08:05", "2024-12-05 08:04"),
    (8, 26, "2024-12-05 08:10", "2024-12-05 08:09"),
    (9, 26, "2024-12-05 08:19", "2024-12-05 08:18"),
    (10, 26, "2024-12-05 08:24", "2024-12-05 08:23"),
    (11, 26, "2024-12-05 08:33", "2024-12-05 08:32"),
    (12, 26, "2024-12-05 08:36", "2024-12-05 08:35"),
    (13, 26, "2024-12-05 08:39", "2024-12-05 08:38"),
    (14, 26, "2024-12-05 08:45", "2024-12-05 08:44"),
    (15, 26, "2024-12-05 08:54", "2024-12-05 08:53"),
    (16, 26, "2024-12-05 09:06", "2024-12-05 09:06"),
    
    -- 3830 to NY (9:37 AM)
    (1, 27, "2024-12-05 08:01", "2024-12-05 08:00"),
    (2, 27, "2024-12-05 08:08", "2024-12-05 08:07"),
    (3, 27, "2024-12-05 08:15", "2024-12-05 08:14"),
    (5, 27, "2024-12-05 08:36", "2024-12-05 08:35"),
    (6, 27, "2024-12-05 08:40", "2024-12-05 08:39"),
    (7, 27, "2024-12-05 08:45", "2024-12-05 08:44"),
    (8, 27, "2024-12-05 08:49", "2024-12-05 08:48"),
    (9, 27, "2024-12-05 08:55", "2024-12-05 08:54"),
    (10, 27, "2024-12-05 08:59", "2024-12-05 08:58"),
    (11, 27, "2024-12-05 09:05", "2024-12-05 09:04"),
    (12, 27, "2024-12-05 09:08", "2024-12-05 09:07"),
    (13, 27, "2024-12-05 09:12", "2024-12-05 09:11"),
    (14, 27, "2024-12-05 09:17", "2024-12-05 09:16"),
    (15, 27, "2024-12-05 09:25", "2024-12-05 09:24"),
    (16, 27, "2024-12-05 09:37", "2024-12-05 09:37"),
    
    -- 3861 from NY (4:30 PM)
    (16, 28, "2024-12-05 16:31", "2024-12-05 16:30"),
    (15, 28, "2024-12-05 16:41", "2024-12-05 16:40"),
    (14, 28, "2024-12-05 16:50", "2024-12-05 16:49"),
    (13, 28, "2024-12-05 16:56", "2024-12-05 16:55"),
    (12, 28, "2024-12-05 17:00", "2024-12-05 16:59"),
    (11, 28, "2024-12-05 17:03", "2024-12-05 17:02"),
    (10, 28, "2024-12-05 17:08", "2024-12-05 17:07"),
    (9, 28, "2024-12-05 17:12", "2024-12-05 17:11"),
    (8, 28, "2024-12-05 17:17", "2024-12-05 17:16"),
    (7, 28, "2024-12-05 17:22", "2024-12-05 17:21"),
    (6, 28, "2024-12-05 17:26", "2024-12-05 17:25"),
    (5, 28, "2024-12-05 17:30", "2024-12-05 17:29"),
    (3, 28, "2024-12-05 17:46", "2024-12-05 17:45"),
    (2, 28, "2024-12-05 17:53", "2024-12-05 17:52"),
    (1, 28, "2024-12-05 18:04", "2024-12-05 18:04"),
    
    -- 3725 from NY (5:08 PM)
    (16, 29, "2024-12-05 17:09", "2024-12-05 17:08"),
    (15, 29, "2024-12-05 17:29", "2024-12-05 17:18"),
    (14, 29, "2024-12-05 17:30", "2024-12-05 17:29"),
    (13, 29, "2024-12-05 17:36", "2024-12-05 17:35"),
    (8, 29, "2024-12-05 17:50", "2024-12-05 17:49"),
    (7, 29, "2024-12-05 17:55", "2024-12-05 17:54"),
    (6, 29, "2024-12-05 18:00", "2024-12-05 17:59"),
    (5, 29, "2024-12-05 18:04", "2024-12-05 18:04"),
    (4, 29, "2024-12-05 18:13", "2024-12-05 18:13"),
    
    -- 3873 from NY (6:14 PM)
    (16, 30, "2024-12-05 18:15", "2024-12-05 18:14"),
    (14, 30, "2024-12-05 18:31", "2024-12-05 18:30"),
    (13, 30, "2024-12-05 18:37", "2024-12-05 18:36"),
    (9, 30, "2024-12-05 18:47", "2024-12-05 18:46"),
    (8, 30, "2024-12-05 18:53", "2024-12-05 18:52"),
    (7, 30, "2024-12-05 18:58", "2024-12-05 18:57"),
    (6, 30, "2024-12-05 19:04", "2024-12-05 19:03"),
    (5, 30, "2024-12-05 19:08", "2024-12-05 19:07"),
    (4, 30, "2024-12-05 19:13", "2024-12-05 19:12"),
    (3, 30, "2024-12-05 19:25", "2024-12-05 19:24"),
    (2, 30, "2024-12-05 19:32", "2024-12-05 19:31"),
    (1, 30, "2024-12-05 19:43", "2024-12-05 19:43"),
             
-- 2024-12-06
    -- 3818 to NY (7:50 AM)
    (1, 31, "2024-12-06 06:12", "2024-12-06 06:11"),
    (2, 31, "2024-12-06 06:18", "2024-12-06 06:17"),
    (3, 31, "2024-12-06 06:26", "2024-12-06 06:25"),
    (5, 31, "2024-12-06 06:41", "2024-12-06 06:40"),
    (6, 31, "2024-12-06 06:46", "2024-12-06 06:45"),
    (7, 31, "2024-12-06 06:51", "2024-12-06 06:50"),
    (8, 31, "2024-12-06 06:56", "2024-12-06 06:55"),
    (9, 31, "2024-12-06 07:04", "2024-12-06 07:03"),
    (10, 31, "2024-12-06 07:09", "2024-12-06 07:08"),
    (11, 31, "2024-12-06 07:15", "2024-12-06 07:14"),
    (12, 31, "2024-12-06 07:18", "2024-12-06 07:17"),
    (13, 31, "2024-12-06 07:23", "2024-12-06 07:22"),
    (14, 31, "2024-12-06 07:30", "2024-12-06 07:29"),
    (15, 31, "2024-12-06 07:38", "2024-12-06 07:37"),
    (16, 31, "2024-12-06 07:50", "2024-12-06 07:50"),
    
    -- 3828 to NY (9:06 AM)
    (1, 32, "2024-12-06 07:24", "2024-12-06 07:23"),
    (2, 32, "2024-12-06 07:30", "2024-12-06 07:29"),
    (3, 32, "2024-12-06 07:37", "2024-12-06 07:36"),
    (5, 32, "2024-12-06 07:55", "2024-12-06 07:54"),
    (6, 32, "2024-12-06 08:00", "2024-12-06 07:59"),
    (7, 32, "2024-12-06 08:05", "2024-12-06 08:04"),
    (8, 32, "2024-12-06 08:10", "2024-12-06 08:09"),
    (9, 32, "2024-12-06 08:19", "2024-12-06 08:18"),
    (10, 32, "2024-12-06 08:24", "2024-12-06 08:23"),
    (11, 32, "2024-12-06 08:33", "2024-12-06 08:32"),
    (12, 32, "2024-12-06 08:36", "2024-12-06 08:35"),
    (13, 32, "2024-12-06 08:39", "2024-12-06 08:38"),
    (14, 32, "2024-12-06 08:45", "2024-12-06 08:44"),
    (15, 32, "2024-12-06 08:54", "2024-12-06 08:53"),
    (16, 32, "2024-12-06 09:06", "2024-12-06 09:06"),
    
    -- 3830 to NY (9:37 AM)
    (1, 33, "2024-12-06 08:01", "2024-12-06 08:00"),
    (2, 33, "2024-12-06 08:08", "2024-12-06 08:07"),
    (3, 33, "2024-12-06 08:15", "2024-12-06 08:14"),
    (5, 33, "2024-12-06 08:36", "2024-12-06 08:35"),
    (6, 33, "2024-12-06 08:40", "2024-12-06 08:39"),
    (7, 33, "2024-12-06 08:45", "2024-12-06 08:44"),
    (8, 33, "2024-12-06 08:49", "2024-12-06 08:48"),
    (9, 33, "2024-12-06 08:55", "2024-12-06 08:54"),
    (10, 33, "2024-12-06 08:59", "2024-12-06 08:58"),
    (11, 33, "2024-12-06 09:05", "2024-12-06 09:04"),
    (12, 33, "2024-12-06 09:08", "2024-12-06 09:07"),
    (13, 33, "2024-12-06 09:12", "2024-12-06 09:11"),
    (14, 33, "2024-12-06 09:17", "2024-12-06 09:16"),
    (15, 33, "2024-12-06 09:25", "2024-12-06 09:24"),
    (16, 33, "2024-12-06 09:37", "2024-12-06 09:37"),
    
    -- 3861 from NY (4:30 PM)
    (16, 34, "2024-12-06 16:31", "2024-12-06 16:30"),
    (15, 34, "2024-12-06 16:41", "2024-12-06 16:40"),
    (14, 34, "2024-12-06 16:50", "2024-12-06 16:49"),
    (13, 34, "2024-12-06 16:56", "2024-12-06 16:55"),
    (12, 34, "2024-12-06 17:00", "2024-12-06 16:59"),
    (11, 34, "2024-12-06 17:03", "2024-12-06 17:02"),
    (10, 34, "2024-12-06 17:08", "2024-12-06 17:07"),
    (9, 34, "2024-12-06 17:12", "2024-12-06 17:11"),
    (8, 34, "2024-12-06 17:17", "2024-12-06 17:16"),
    (7, 34, "2024-12-06 17:22", "2024-12-06 17:21"),
    (6, 34, "2024-12-06 17:26", "2024-12-06 17:25"),
    (5, 34, "2024-12-06 17:30", "2024-12-06 17:29"),
    (3, 34, "2024-12-06 17:46", "2024-12-06 17:45"),
    (2, 34, "2024-12-06 17:53", "2024-12-06 17:52"),
    (1, 34, "2024-12-06 18:04", "2024-12-06 18:04"),
    
    -- 3725 from NY (5:08 PM)
    (16, 35, "2024-12-06 17:09", "2024-12-06 17:08"),
    (15, 35, "2024-12-06 17:29", "2024-12-06 17:18"),
    (14, 35, "2024-12-06 17:30", "2024-12-06 17:29"),
    (13, 35, "2024-12-06 17:36", "2024-12-06 17:35"),
    (8, 35, "2024-12-06 17:50", "2024-12-06 17:49"),
    (7, 35, "2024-12-06 17:55", "2024-12-06 17:54"),
    (6, 35, "2024-12-06 18:00", "2024-12-06 17:59"),
    (5, 35, "2024-12-06 18:04", "2024-12-06 18:04"),
    (4, 35, "2024-12-06 18:13", "2024-12-06 18:13"),
    
    -- 3873 from NY (6:14 PM)
    (16, 36, "2024-12-06 18:15", "2024-12-06 18:14"),
    (14, 36, "2024-12-06 18:31", "2024-12-06 18:30"),
    (13, 36, "2024-12-06 18:37", "2024-12-06 18:36"),
    (9, 36, "2024-12-06 18:47", "2024-12-06 18:46"),
    (8, 36, "2024-12-06 18:53", "2024-12-06 18:52"),
    (7, 36, "2024-12-06 18:58", "2024-12-06 18:57"),
    (6, 36, "2024-12-06 19:04", "2024-12-06 19:03"),
    (5, 36, "2024-12-06 19:08", "2024-12-06 19:07"),
    (4, 36, "2024-12-06 19:13", "2024-12-06 19:12"),
    (3, 36, "2024-12-06 19:25", "2024-12-06 19:24"),
    (2, 36, "2024-12-06 19:32", "2024-12-06 19:31"),
    (1, 36, "2024-12-06 19:43", "2024-12-06 19:43"),
             
-- 2024-12-07
    -- 3818 to NY (7:50 AM)
    (1, 37, "2024-12-07 06:12", "2024-12-07 06:11"),
    (2, 37, "2024-12-07 06:18", "2024-12-07 06:17"),
    (3, 37, "2024-12-07 06:26", "2024-12-07 06:25"),
    (5, 37, "2024-12-07 06:41", "2024-12-07 06:40"),
    (6, 37, "2024-12-07 06:46", "2024-12-07 06:45"),
    (7, 37, "2024-12-07 06:51", "2024-12-07 06:50"),
    (8, 37, "2024-12-07 06:56", "2024-12-07 06:55"),
    (9, 37, "2024-12-07 07:04", "2024-12-07 07:03"),
    (10, 37, "2024-12-07 07:09", "2024-12-07 07:08"),
    (11, 37, "2024-12-07 07:15", "2024-12-07 07:14"),
    (12, 37, "2024-12-07 07:18", "2024-12-07 07:17"),
    (13, 37, "2024-12-07 07:23", "2024-12-07 07:22"),
    (14, 37, "2024-12-07 07:30", "2024-12-07 07:29"),
    (15, 37, "2024-12-07 07:38", "2024-12-07 07:37"),
    (16, 37, "2024-12-07 07:50", "2024-12-07 07:50"),
    
    -- 3828 to NY (9:06 AM)
    (1, 38, "2024-12-07 07:24", "2024-12-07 07:23"),
    (2, 38, "2024-12-07 07:30", "2024-12-07 07:29"),
    (3, 38, "2024-12-07 07:37", "2024-12-07 07:36"),
    (5, 38, "2024-12-07 07:55", "2024-12-07 07:54"),
    (6, 38, "2024-12-07 08:00", "2024-12-07 07:59"),
    (7, 38, "2024-12-07 08:05", "2024-12-07 08:04"),
    (8, 38, "2024-12-07 08:10", "2024-12-07 08:09"),
    (9, 38, "2024-12-07 08:19", "2024-12-07 08:18"),
    (10, 38, "2024-12-07 08:24", "2024-12-07 08:23"),
    (11, 38, "2024-12-07 08:33", "2024-12-07 08:32"),
    (12, 38, "2024-12-07 08:36", "2024-12-07 08:35"),
    (13, 38, "2024-12-07 08:39", "2024-12-07 08:38"),
    (14, 38, "2024-12-07 08:45", "2024-12-07 08:44"),
    (15, 38, "2024-12-07 08:54", "2024-12-07 08:53"),
    (16, 38, "2024-12-07 09:06", "2024-12-07 09:06"),
    
    -- 3830 to NY (9:37 AM)
    (1, 39, "2024-12-07 08:01", "2024-12-07 08:00"),
    (2, 39, "2024-12-07 08:08", "2024-12-07 08:07"),
    (3, 39, "2024-12-07 08:15", "2024-12-07 08:14"),
    (5, 39, "2024-12-07 08:36", "2024-12-07 08:35"),
    (6, 39, "2024-12-07 08:40", "2024-12-07 08:39"),
    (7, 39, "2024-12-07 08:45", "2024-12-07 08:44"),
    (8, 39, "2024-12-07 08:49", "2024-12-07 08:48"),
    (9, 39, "2024-12-07 08:55", "2024-12-07 08:54"),
    (10, 39, "2024-12-07 08:59", "2024-12-07 08:58"),
    (11, 39, "2024-12-07 09:05", "2024-12-07 09:04"),
    (12, 39, "2024-12-07 09:08", "2024-12-07 09:07"),
    (13, 39, "2024-12-07 09:12", "2024-12-07 09:11"),
    (14, 39, "2024-12-07 09:17", "2024-12-07 09:16"),
    (15, 39, "2024-12-07 09:25", "2024-12-07 09:24"),
    (16, 39, "2024-12-07 09:37", "2024-12-07 09:37"),
    
    -- 3861 from NY (4:30 PM)
    (16, 40, "2024-12-07 16:31", "2024-12-07 16:30"),
    (15, 40, "2024-12-07 16:41", "2024-12-07 16:40"),
    (14, 40, "2024-12-07 16:50", "2024-12-07 16:49"),
    (13, 40, "2024-12-07 16:56", "2024-12-07 16:55"),
    (12, 40, "2024-12-07 17:00", "2024-12-07 16:59"),
    (11, 40, "2024-12-07 17:03", "2024-12-07 17:02"),
    (10, 40, "2024-12-07 17:08", "2024-12-07 17:07"),
    (9, 40, "2024-12-07 17:12", "2024-12-07 17:11"),
    (8, 40, "2024-12-07 17:17", "2024-12-07 17:16"),
    (7, 40, "2024-12-07 17:22", "2024-12-07 17:21"),
    (6, 40, "2024-12-07 17:26", "2024-12-07 17:25"),
    (5, 40, "2024-12-07 17:30", "2024-12-07 17:29"),
    (3, 40, "2024-12-07 17:46", "2024-12-07 17:45"),
    (2, 40, "2024-12-07 17:53", "2024-12-07 17:52"),
    (1, 40, "2024-12-07 18:04", "2024-12-07 18:04"),
    
    -- 3725 from NY (5:08 PM)
    (16, 41, "2024-12-07 17:09", "2024-12-07 17:08"),
    (15, 41, "2024-12-07 17:29", "2024-12-07 17:18"),
    (14, 41, "2024-12-07 17:30", "2024-12-07 17:29"),
    (13, 41, "2024-12-07 17:36", "2024-12-07 17:35"),
    (8, 41, "2024-12-07 17:50", "2024-12-07 17:49"),
    (7, 41, "2024-12-07 17:55", "2024-12-07 17:54"),
    (6, 41, "2024-12-07 18:00", "2024-12-07 17:59"),
    (5, 41, "2024-12-07 18:04", "2024-12-07 18:04"),
    (4, 41, "2024-12-07 18:13", "2024-12-07 18:13"),
    
    -- 3873 from NY (6:14 PM)
    (16, 42, "2024-12-07 18:15", "2024-12-07 18:14"),
    (14, 42, "2024-12-07 18:31", "2024-12-07 18:30"),
    (13, 42, "2024-12-07 18:37", "2024-12-07 18:36"),
    (9, 42, "2024-12-07 18:47", "2024-12-07 18:46"),
    (8, 42, "2024-12-07 18:53", "2024-12-07 18:52"),
    (7, 42, "2024-12-07 18:58", "2024-12-07 18:57"),
    (6, 42, "2024-12-07 19:04", "2024-12-07 19:03"),
    (5, 42, "2024-12-07 19:08", "2024-12-07 19:07"),
    (4, 42, "2024-12-07 19:13", "2024-12-07 19:12"),
    (3, 42, "2024-12-07 19:25", "2024-12-07 19:24"),
    (2, 42, "2024-12-07 19:32", "2024-12-07 19:31"),
    (1, 42, "2024-12-07 19:43", "2024-12-07 19:43"),
             
-- 2024-12-08
    -- 3818 to NY (7:50 AM)
    (1, 43, "2024-12-08 06:12", "2024-12-08 06:11"),
    (2, 43, "2024-12-08 06:18", "2024-12-08 06:17"),
    (3, 43, "2024-12-08 06:26", "2024-12-08 06:25"),
    (5, 43, "2024-12-08 06:41", "2024-12-08 06:40"),
    (6, 43, "2024-12-08 06:46", "2024-12-08 06:45"),
    (7, 43, "2024-12-08 06:51", "2024-12-08 06:50"),
    (8, 43, "2024-12-08 06:56", "2024-12-08 06:55"),
    (9, 43, "2024-12-08 07:04", "2024-12-08 07:03"),
    (10, 43, "2024-12-08 07:09", "2024-12-08 07:08"),
    (11, 43, "2024-12-08 07:15", "2024-12-08 07:14"),
    (12, 43, "2024-12-08 07:18", "2024-12-08 07:17"),
    (13, 43, "2024-12-08 07:23", "2024-12-08 07:22"),
    (14, 43, "2024-12-08 07:30", "2024-12-08 07:29"),
    (15, 43, "2024-12-08 07:38", "2024-12-08 07:37"),
    (16, 43, "2024-12-08 07:50", "2024-12-08 07:50"),
    
    -- 3828 to NY (9:06 AM)
    (1, 44, "2024-12-08 07:24", "2024-12-08 07:23"),
    (2, 44, "2024-12-08 07:30", "2024-12-08 07:29"),
    (3, 44, "2024-12-08 07:37", "2024-12-08 07:36"),
    (5, 44, "2024-12-08 07:55", "2024-12-08 07:54"),
    (6, 44, "2024-12-08 08:00", "2024-12-08 07:59"),
    (7, 44, "2024-12-08 08:05", "2024-12-08 08:04"),
    (8, 44, "2024-12-08 08:10", "2024-12-08 08:09"),
    (9, 44, "2024-12-08 08:19", "2024-12-08 08:18"),
    (10, 44, "2024-12-08 08:24", "2024-12-08 08:23"),
    (11, 44, "2024-12-08 08:33", "2024-12-08 08:32"),
    (12, 44, "2024-12-08 08:36", "2024-12-08 08:35"),
    (13, 44, "2024-12-08 08:39", "2024-12-08 08:38"),
    (14, 44, "2024-12-08 08:45", "2024-12-08 08:44"),
    (15, 44, "2024-12-08 08:54", "2024-12-08 08:53"),
    (16, 44, "2024-12-08 09:06", "2024-12-08 09:06"),
    
    -- 3830 to NY (9:37 AM)
    (1, 45, "2024-12-08 08:01", "2024-12-08 08:00"),
    (2, 45, "2024-12-08 08:08", "2024-12-08 08:07"),
    (3, 45, "2024-12-08 08:15", "2024-12-08 08:14"),
    (5, 45, "2024-12-08 08:36", "2024-12-08 08:35"),
    (6, 45, "2024-12-08 08:40", "2024-12-08 08:39"),
    (7, 45, "2024-12-08 08:45", "2024-12-08 08:44"),
    (8, 45, "2024-12-08 08:49", "2024-12-08 08:48"),
    (9, 45, "2024-12-08 08:55", "2024-12-08 08:54"),
    (10, 45, "2024-12-08 08:59", "2024-12-08 08:58"),
    (11, 45, "2024-12-08 09:05", "2024-12-08 09:04"),
    (12, 45, "2024-12-08 09:08", "2024-12-08 09:07"),
    (13, 45, "2024-12-08 09:12", "2024-12-08 09:11"),
    (14, 45, "2024-12-08 09:17", "2024-12-08 09:16"),
    (15, 45, "2024-12-08 09:25", "2024-12-08 09:24"),
    (16, 45, "2024-12-08 09:37", "2024-12-08 09:37"),
    
    -- 3861 from NY (4:30 PM)
    (16, 46, "2024-12-08 16:31", "2024-12-08 16:30"),
    (15, 46, "2024-12-08 16:41", "2024-12-08 16:40"),
    (14, 46, "2024-12-08 16:50", "2024-12-08 16:49"),
    (13, 46, "2024-12-08 16:56", "2024-12-08 16:55"),
    (12, 46, "2024-12-08 17:00", "2024-12-08 16:59"),
    (11, 46, "2024-12-08 17:03", "2024-12-08 17:02"),
    (10, 46, "2024-12-08 17:08", "2024-12-08 17:07"),
    (9, 46, "2024-12-08 17:12", "2024-12-08 17:11"),
    (8, 46, "2024-12-08 17:17", "2024-12-08 17:16"),
    (7, 46, "2024-12-08 17:22", "2024-12-08 17:21"),
    (6, 46, "2024-12-08 17:26", "2024-12-08 17:25"),
    (5, 46, "2024-12-08 17:30", "2024-12-08 17:29"),
    (3, 46, "2024-12-08 17:46", "2024-12-08 17:45"),
    (2, 46, "2024-12-08 17:53", "2024-12-08 17:52"),
    (1, 46, "2024-12-08 18:04", "2024-12-08 18:04"),
    
    -- 3725 from NY (5:08 PM)
    (16, 47, "2024-12-08 17:09", "2024-12-08 17:08"),
    (15, 47, "2024-12-08 17:29", "2024-12-08 17:18"),
    (14, 47, "2024-12-08 17:30", "2024-12-08 17:29"),
    (13, 47, "2024-12-08 17:36", "2024-12-08 17:35"),
    (8, 47, "2024-12-08 17:50", "2024-12-08 17:49"),
    (7, 47, "2024-12-08 17:55", "2024-12-08 17:54"),
    (6, 47, "2024-12-08 18:00", "2024-12-08 17:59"),
    (5, 47, "2024-12-08 18:04", "2024-12-08 18:04"),
    (4, 47, "2024-12-08 18:13", "2024-12-08 18:13"),
    
    -- 3873 from NY (6:14 PM)
    (16, 48, "2024-12-08 18:15", "2024-12-08 18:14"),
    (14, 48, "2024-12-08 18:31", "2024-12-08 18:30"),
    (13, 48, "2024-12-08 18:37", "2024-12-08 18:36"),
    (9, 48, "2024-12-08 18:47", "2024-12-08 18:46"),
    (8, 48, "2024-12-08 18:53", "2024-12-08 18:52"),
    (7, 48, "2024-12-08 18:58", "2024-12-08 18:57"),
    (6, 48, "2024-12-08 19:04", "2024-12-08 19:03"),
    (5, 48, "2024-12-08 19:08", "2024-12-08 19:07"),
    (4, 48, "2024-12-08 19:13", "2024-12-08 19:12"),
    (3, 48, "2024-12-08 19:25", "2024-12-08 19:24"),
    (2, 48, "2024-12-08 19:32", "2024-12-08 19:31"),
    (1, 48, "2024-12-08 19:43", "2024-12-08 19:43"),
             
-- 2024-12-09
    -- 3818 to NY (7:50 AM)
    (1, 49, "2024-12-09 06:12", "2024-12-09 06:11"),
    (2, 49, "2024-12-09 06:18", "2024-12-09 06:17"),
    (3, 49, "2024-12-09 06:26", "2024-12-09 06:25"),
    (5, 49, "2024-12-09 06:41", "2024-12-09 06:40"),
    (6, 49, "2024-12-09 06:46", "2024-12-09 06:45"),
    (7, 49, "2024-12-09 06:51", "2024-12-09 06:50"),
    (8, 49, "2024-12-09 06:56", "2024-12-09 06:55"),
    (9, 49, "2024-12-09 07:04", "2024-12-09 07:03"),
    (10, 49, "2024-12-09 07:09", "2024-12-09 07:08"),
    (11, 49, "2024-12-09 07:15", "2024-12-09 07:14"),
    (12, 49, "2024-12-09 07:18", "2024-12-09 07:17"),
    (13, 49, "2024-12-09 07:23", "2024-12-09 07:22"),
    (14, 49, "2024-12-09 07:30", "2024-12-09 07:29"),
    (15, 49, "2024-12-09 07:38", "2024-12-09 07:37"),
    (16, 49, "2024-12-09 07:50", "2024-12-09 07:50"),
    
    -- 3828 to NY (9:06 AM)
    (1, 50, "2024-12-09 07:24", "2024-12-09 07:23"),
    (2, 50, "2024-12-09 07:30", "2024-12-09 07:29"),
    (3, 50, "2024-12-09 07:37", "2024-12-09 07:36"),
    (5, 50, "2024-12-09 07:55", "2024-12-09 07:54"),
    (6, 50, "2024-12-09 08:00", "2024-12-09 07:59"),
    (7, 50, "2024-12-09 08:05", "2024-12-09 08:04"),
    (8, 50, "2024-12-09 08:10", "2024-12-09 08:09"),
    (9, 50, "2024-12-09 08:19", "2024-12-09 08:18"),
    (10, 50, "2024-12-09 08:24", "2024-12-09 08:23"),
    (11, 50, "2024-12-09 08:33", "2024-12-09 08:32"),
    (12, 50, "2024-12-09 08:36", "2024-12-09 08:35"),
    (13, 50, "2024-12-09 08:39", "2024-12-09 08:38"),
    (14, 50, "2024-12-09 08:45", "2024-12-09 08:44"),
    (15, 50, "2024-12-09 08:54", "2024-12-09 08:53"),
    (16, 50, "2024-12-09 09:06", "2024-12-09 09:06"),
    
    -- 3830 to NY (9:37 AM)
    (1, 51, "2024-12-09 08:01", "2024-12-09 08:00"),
    (2, 51, "2024-12-09 08:08", "2024-12-09 08:07"),
    (3, 51, "2024-12-09 08:15", "2024-12-09 08:14"),
    (5, 51, "2024-12-09 08:36", "2024-12-09 08:35"),
    (6, 51, "2024-12-09 08:40", "2024-12-09 08:39"),
    (7, 51, "2024-12-09 08:45", "2024-12-09 08:44"),
    (8, 51, "2024-12-09 08:49", "2024-12-09 08:48"),
    (9, 51, "2024-12-09 08:55", "2024-12-09 08:54"),
    (10, 51, "2024-12-09 08:59", "2024-12-09 08:58"),
    (11, 51, "2024-12-09 09:05", "2024-12-09 09:04"),
    (12, 51, "2024-12-09 09:08", "2024-12-09 09:07"),
    (13, 51, "2024-12-09 09:12", "2024-12-09 09:11"),
    (14, 51, "2024-12-09 09:17", "2024-12-09 09:16"),
    (15, 51, "2024-12-09 09:25", "2024-12-09 09:24"),
    (16, 51, "2024-12-09 09:37", "2024-12-09 09:37"),
    
    -- 3861 from NY (4:30 PM)
    (16, 52, "2024-12-09 16:31", "2024-12-09 16:30"),
    (15, 52, "2024-12-09 16:41", "2024-12-09 16:40"),
    (14, 52, "2024-12-09 16:50", "2024-12-09 16:49"),
    (13, 52, "2024-12-09 16:56", "2024-12-09 16:55"),
    (12, 52, "2024-12-09 17:00", "2024-12-09 16:59"),
    (11, 52, "2024-12-09 17:03", "2024-12-09 17:02"),
    (10, 52, "2024-12-09 17:08", "2024-12-09 17:07"),
    (9, 52, "2024-12-09 17:12", "2024-12-09 17:11"),
    (8, 52, "2024-12-09 17:17", "2024-12-09 17:16"),
    (7, 52, "2024-12-09 17:22", "2024-12-09 17:21"),
    (6, 52, "2024-12-09 17:26", "2024-12-09 17:25"),
    (5, 52, "2024-12-09 17:30", "2024-12-09 17:29"),
    (3, 52, "2024-12-09 17:46", "2024-12-09 17:45"),
    (2, 52, "2024-12-09 17:53", "2024-12-09 17:52"),
    (1, 52, "2024-12-09 18:04", "2024-12-09 18:04"),
    
    -- 3725 from NY (5:08 PM)
    (16, 53, "2024-12-09 17:09", "2024-12-09 17:08"),
    (15, 53, "2024-12-09 17:29", "2024-12-09 17:18"),
    (14, 53, "2024-12-09 17:30", "2024-12-09 17:29"),
    (13, 53, "2024-12-09 17:36", "2024-12-09 17:35"),
    (8, 53, "2024-12-09 17:50", "2024-12-09 17:49"),
    (7, 53, "2024-12-09 17:55", "2024-12-09 17:54"),
    (6, 53, "2024-12-09 18:00", "2024-12-09 17:59"),
    (5, 53, "2024-12-09 18:04", "2024-12-09 18:04"),
    (4, 53, "2024-12-09 18:13", "2024-12-09 18:13"),
    
    -- 3873 from NY (6:14 PM)
    (16, 54, "2024-12-09 18:15", "2024-12-09 18:14"),
    (14, 54, "2024-12-09 18:31", "2024-12-09 18:30"),
    (13, 54, "2024-12-09 18:37", "2024-12-09 18:36"),
    (9, 54, "2024-12-09 18:47", "2024-12-09 18:46"),
    (8, 54, "2024-12-09 18:53", "2024-12-09 18:52"),
    (7, 54, "2024-12-09 18:58", "2024-12-09 18:57"),
    (6, 54, "2024-12-09 19:04", "2024-12-09 19:03"),
    (5, 54, "2024-12-09 19:08", "2024-12-09 19:07"),
    (4, 54, "2024-12-09 19:13", "2024-12-09 19:12"),
    (3, 54, "2024-12-09 19:25", "2024-12-09 19:24"),
    (2, 54, "2024-12-09 19:32", "2024-12-09 19:31"),
    (1, 54, "2024-12-09 19:43", "2024-12-09 19:43"),
             
-- 2024-12-10
    -- 3818 to NY (7:50 AM)
    (1, 55, "2024-12-10 06:12", "2024-12-10 06:11"),
    (2, 55, "2024-12-10 06:18", "2024-12-10 06:17"),
    (3, 55, "2024-12-10 06:26", "2024-12-10 06:25"),
    (5, 55, "2024-12-10 06:41", "2024-12-10 06:40"),
    (6, 55, "2024-12-10 06:46", "2024-12-10 06:45"),
    (7, 55, "2024-12-10 06:51", "2024-12-10 06:50"),
    (8, 55, "2024-12-10 06:56", "2024-12-10 06:55"),
    (9, 55, "2024-12-10 07:04", "2024-12-10 07:03"),
    (10, 55, "2024-12-10 07:09", "2024-12-10 07:08"),
    (11, 55, "2024-12-10 07:15", "2024-12-10 07:14"),
    (12, 55, "2024-12-10 07:18", "2024-12-10 07:17"),
    (13, 55, "2024-12-10 07:23", "2024-12-10 07:22"),
    (14, 55, "2024-12-10 07:30", "2024-12-10 07:29"),
    (15, 55, "2024-12-10 07:38", "2024-12-10 07:37"),
    (16, 55, "2024-12-10 07:50", "2024-12-10 07:50"),
    
    -- 3828 to NY (9:06 AM)
    (1, 56, "2024-12-10 07:24", "2024-12-10 07:23"),
    (2, 56, "2024-12-10 07:30", "2024-12-10 07:29"),
    (3, 56, "2024-12-10 07:37", "2024-12-10 07:36"),
    (5, 56, "2024-12-10 07:55", "2024-12-10 07:54"),
    (6, 56, "2024-12-10 08:00", "2024-12-10 07:59"),
    (7, 56, "2024-12-10 08:05", "2024-12-10 08:04"),
    (8, 56, "2024-12-10 08:10", "2024-12-10 08:09"),
    (9, 56, "2024-12-10 08:19", "2024-12-10 08:18"),
    (10, 56, "2024-12-10 08:24", "2024-12-10 08:23"),
    (11, 56, "2024-12-10 08:33", "2024-12-10 08:32"),
    (12, 56, "2024-12-10 08:36", "2024-12-10 08:35"),
    (13, 56, "2024-12-10 08:39", "2024-12-10 08:38"),
    (14, 56, "2024-12-10 08:45", "2024-12-10 08:44"),
    (15, 56, "2024-12-10 08:54", "2024-12-10 08:53"),
    (16, 56, "2024-12-10 09:06", "2024-12-10 09:06"),
    
    -- 3830 to NY (9:37 AM)
    (1, 57, "2024-12-10 08:01", "2024-12-10 08:00"),
    (2, 57, "2024-12-10 08:08", "2024-12-10 08:07"),
    (3, 57, "2024-12-10 08:15", "2024-12-10 08:14"),
    (5, 57, "2024-12-10 08:36", "2024-12-10 08:35"),
    (6, 57, "2024-12-10 08:40", "2024-12-10 08:39"),
    (7, 57, "2024-12-10 08:45", "2024-12-10 08:44"),
    (8, 57, "2024-12-10 08:49", "2024-12-10 08:48"),
    (9, 57, "2024-12-10 08:55", "2024-12-10 08:54"),
    (10, 57, "2024-12-10 08:59", "2024-12-10 08:58"),
    (11, 57, "2024-12-10 09:05", "2024-12-10 09:04"),
    (12, 57, "2024-12-10 09:08", "2024-12-10 09:07"),
    (13, 57, "2024-12-10 09:12", "2024-12-10 09:11"),
    (14, 57, "2024-12-10 09:17", "2024-12-10 09:16"),
    (15, 57, "2024-12-10 09:25", "2024-12-10 09:24"),
    (16, 57, "2024-12-10 09:37", "2024-12-10 09:37"),
    
    -- 3861 from NY (4:30 PM)
    (16, 58, "2024-12-10 16:31", "2024-12-10 16:30"),
    (15, 58, "2024-12-10 16:41", "2024-12-10 16:40"),
    (14, 58, "2024-12-10 16:50", "2024-12-10 16:49"),
    (13, 58, "2024-12-10 16:56", "2024-12-10 16:55"),
    (12, 58, "2024-12-10 17:00", "2024-12-10 16:59"),
    (11, 58, "2024-12-10 17:03", "2024-12-10 17:02"),
    (10, 58, "2024-12-10 17:08", "2024-12-10 17:07"),
    (9, 58, "2024-12-10 17:12", "2024-12-10 17:11"),
    (8, 58, "2024-12-10 17:17", "2024-12-10 17:16"),
    (7, 58, "2024-12-10 17:22", "2024-12-10 17:21"),
    (6, 58, "2024-12-10 17:26", "2024-12-10 17:25"),
    (5, 58, "2024-12-10 17:30", "2024-12-10 17:29"),
    (3, 58, "2024-12-10 17:46", "2024-12-10 17:45"),
    (2, 58, "2024-12-10 17:53", "2024-12-10 17:52"),
    (1, 58, "2024-12-10 18:04", "2024-12-10 18:04"),
    
    -- 3725 from NY (5:08 PM)
    (16, 59, "2024-12-10 17:09", "2024-12-10 17:08"),
    (15, 59, "2024-12-10 17:29", "2024-12-10 17:18"),
    (14, 59, "2024-12-10 17:30", "2024-12-10 17:29"),
    (13, 59, "2024-12-10 17:36", "2024-12-10 17:35"),
    (8, 59, "2024-12-10 17:50", "2024-12-10 17:49"),
    (7, 59, "2024-12-10 17:55", "2024-12-10 17:54"),
    (6, 59, "2024-12-10 18:00", "2024-12-10 17:59"),
    (5, 59, "2024-12-10 18:04", "2024-12-10 18:04"),
    (4, 59, "2024-12-10 18:13", "2024-12-10 18:13"),
    
    -- 3873 from NY (6:14 PM)
    (16, 60, "2024-12-10 18:15", "2024-12-10 18:14"),
    (14, 60, "2024-12-10 18:31", "2024-12-10 18:30"),
    (13, 60, "2024-12-10 18:37", "2024-12-10 18:36"),
    (9, 60, "2024-12-10 18:47", "2024-12-10 18:46"),
    (8, 60, "2024-12-10 18:53", "2024-12-10 18:52"),
    (7, 60, "2024-12-10 18:58", "2024-12-10 18:57"),
    (6, 60, "2024-12-10 19:04", "2024-12-10 19:03"),
    (5, 60, "2024-12-10 19:08", "2024-12-10 19:07"),
    (4, 60, "2024-12-10 19:13", "2024-12-10 19:12"),
    (3, 60, "2024-12-10 19:25", "2024-12-10 19:24"),
    (2, 60, "2024-12-10 19:32", "2024-12-10 19:31"),
    (1, 60, "2024-12-10 19:43", "2024-12-10 19:43"),
             
-- 2024-12-11
    -- 3818 to NY (7:50 AM)
    (1, 61, "2024-12-11 06:12", "2024-12-11 06:11"),
    (2, 61, "2024-12-11 06:18", "2024-12-11 06:17"),
    (3, 61, "2024-12-11 06:26", "2024-12-11 06:25"),
    (5, 61, "2024-12-11 06:41", "2024-12-11 06:40"),
    (6, 61, "2024-12-11 06:46", "2024-12-11 06:45"),
    (7, 61, "2024-12-11 06:51", "2024-12-11 06:50"),
    (8, 61, "2024-12-11 06:56", "2024-12-11 06:55"),
    (9, 61, "2024-12-11 07:04", "2024-12-11 07:03"),
    (10, 61, "2024-12-11 07:09", "2024-12-11 07:08"),
    (11, 61, "2024-12-11 07:15", "2024-12-11 07:14"),
    (12, 61, "2024-12-11 07:18", "2024-12-11 07:17"),
    (13, 61, "2024-12-11 07:23", "2024-12-11 07:22"),
    (14, 61, "2024-12-11 07:30", "2024-12-11 07:29"),
    (15, 61, "2024-12-11 07:38", "2024-12-11 07:37"),
    (16, 61, "2024-12-11 07:50", "2024-12-11 07:50"),
    
    -- 3828 to NY (9:06 AM)
    (1, 62, "2024-12-11 07:24", "2024-12-11 07:23"),
    (2, 62, "2024-12-11 07:30", "2024-12-11 07:29"),
    (3, 62, "2024-12-11 07:37", "2024-12-11 07:36"),
    (5, 62, "2024-12-11 07:55", "2024-12-11 07:54"),
    (6, 62, "2024-12-11 08:00", "2024-12-11 07:59"),
    (7, 62, "2024-12-11 08:05", "2024-12-11 08:04"),
    (8, 62, "2024-12-11 08:10", "2024-12-11 08:09"),
    (9, 62, "2024-12-11 08:19", "2024-12-11 08:18"),
    (10, 62, "2024-12-11 08:24", "2024-12-11 08:23"),
    (11, 62, "2024-12-11 08:33", "2024-12-11 08:32"),
    (12, 62, "2024-12-11 08:36", "2024-12-11 08:35"),
    (13, 62, "2024-12-11 08:39", "2024-12-11 08:38"),
    (14, 62, "2024-12-11 08:45", "2024-12-11 08:44"),
    (15, 62, "2024-12-11 08:54", "2024-12-11 08:53"),
    (16, 62, "2024-12-11 09:06", "2024-12-11 09:06"),
    
    -- 3830 to NY (9:37 AM)
    (1, 63, "2024-12-11 08:01", "2024-12-11 08:00"),
    (2, 63, "2024-12-11 08:08", "2024-12-11 08:07"),
    (3, 63, "2024-12-11 08:15", "2024-12-11 08:14"),
    (5, 63, "2024-12-11 08:36", "2024-12-11 08:35"),
    (6, 63, "2024-12-11 08:40", "2024-12-11 08:39"),
    (7, 63, "2024-12-11 08:45", "2024-12-11 08:44"),
    (8, 63, "2024-12-11 08:49", "2024-12-11 08:48"),
    (9, 63, "2024-12-11 08:55", "2024-12-11 08:54"),
    (10, 63, "2024-12-11 08:59", "2024-12-11 08:58"),
    (11, 63, "2024-12-11 09:05", "2024-12-11 09:04"),
    (12, 63, "2024-12-11 09:08", "2024-12-11 09:07"),
    (13, 63, "2024-12-11 09:12", "2024-12-11 09:11"),
    (14, 63, "2024-12-11 09:17", "2024-12-11 09:16"),
    (15, 63, "2024-12-11 09:25", "2024-12-11 09:24"),
    (16, 63, "2024-12-11 09:37", "2024-12-11 09:37"),
    
    -- 3861 from NY (4:30 PM)
    (16, 64, "2024-12-11 16:31", "2024-12-11 16:30"),
    (15, 64, "2024-12-11 16:41", "2024-12-11 16:40"),
    (14, 64, "2024-12-11 16:50", "2024-12-11 16:49"),
    (13, 64, "2024-12-11 16:56", "2024-12-11 16:55"),
    (12, 64, "2024-12-11 17:00", "2024-12-11 16:59"),
    (11, 64, "2024-12-11 17:03", "2024-12-11 17:02"),
    (10, 64, "2024-12-11 17:08", "2024-12-11 17:07"),
    (9, 64, "2024-12-11 17:12", "2024-12-11 17:11"),
    (8, 64, "2024-12-11 17:17", "2024-12-11 17:16"),
    (7, 64, "2024-12-11 17:22", "2024-12-11 17:21"),
    (6, 64, "2024-12-11 17:26", "2024-12-11 17:25"),
    (5, 64, "2024-12-11 17:30", "2024-12-11 17:29"),
    (3, 64, "2024-12-11 17:46", "2024-12-11 17:45"),
    (2, 64, "2024-12-11 17:53", "2024-12-11 17:52"),
    (1, 64, "2024-12-11 18:04", "2024-12-11 18:04"),
    
    -- 3725 from NY (5:08 PM)
    (16, 65, "2024-12-11 17:09", "2024-12-11 17:08"),
    (15, 65, "2024-12-11 17:29", "2024-12-11 17:18"),
    (14, 65, "2024-12-11 17:30", "2024-12-11 17:29"),
    (13, 65, "2024-12-11 17:36", "2024-12-11 17:35"),
    (8, 65, "2024-12-11 17:50", "2024-12-11 17:49"),
    (7, 65, "2024-12-11 17:55", "2024-12-11 17:54"),
    (6, 65, "2024-12-11 18:00", "2024-12-11 17:59"),
    (5, 65, "2024-12-11 18:04", "2024-12-11 18:04"),
    (4, 65, "2024-12-11 18:13", "2024-12-11 18:13"),
    
    -- 3873 from NY (6:14 PM)
    (16, 66, "2024-12-11 18:15", "2024-12-11 18:14"),
    (14, 66, "2024-12-11 18:31", "2024-12-11 18:30"),
    (13, 66, "2024-12-11 18:37", "2024-12-11 18:36"),
    (9, 66, "2024-12-11 18:47", "2024-12-11 18:46"),
    (8, 66, "2024-12-11 18:53", "2024-12-11 18:52"),
    (7, 66, "2024-12-11 18:58", "2024-12-11 18:57"),
    (6, 66, "2024-12-11 19:04", "2024-12-11 19:03"),
    (5, 66, "2024-12-11 19:08", "2024-12-11 19:07"),
    (4, 66, "2024-12-11 19:13", "2024-12-11 19:12"),
    (3, 66, "2024-12-11 19:25", "2024-12-11 19:24"),
    (2, 66, "2024-12-11 19:32", "2024-12-11 19:31"),
    (1, 66, "2024-12-11 19:43", "2024-12-11 19:43"),
             
-- 2024-12-12
    -- 3818 to NY (7:50 AM)
    (1, 67, "2024-12-12 06:12", "2024-12-12 06:11"),
    (2, 67, "2024-12-12 06:18", "2024-12-12 06:17"),
    (3, 67, "2024-12-12 06:26", "2024-12-12 06:25"),
    (5, 67, "2024-12-12 06:41", "2024-12-12 06:40"),
    (6, 67, "2024-12-12 06:46", "2024-12-12 06:45"),
    (7, 67, "2024-12-12 06:51", "2024-12-12 06:50"),
    (8, 67, "2024-12-12 06:56", "2024-12-12 06:55"),
    (9, 67, "2024-12-12 07:04", "2024-12-12 07:03"),
    (10, 67, "2024-12-12 07:09", "2024-12-12 07:08"),
    (11, 67, "2024-12-12 07:15", "2024-12-12 07:14"),
    (12, 67, "2024-12-12 07:18", "2024-12-12 07:17"),
    (13, 67, "2024-12-12 07:23", "2024-12-12 07:22"),
    (14, 67, "2024-12-12 07:30", "2024-12-12 07:29"),
    (15, 67, "2024-12-12 07:38", "2024-12-12 07:37"),
    (16, 67, "2024-12-12 07:50", "2024-12-12 07:50"),
    
    -- 3828 to NY (9:06 AM)
    (1, 68, "2024-12-12 07:24", "2024-12-12 07:23"),
    (2, 68, "2024-12-12 07:30", "2024-12-12 07:29"),
    (3, 68, "2024-12-12 07:37", "2024-12-12 07:36"),
    (5, 68, "2024-12-12 07:55", "2024-12-12 07:54"),
    (6, 68, "2024-12-12 08:00", "2024-12-12 07:59"),
    (7, 68, "2024-12-12 08:05", "2024-12-12 08:04"),
    (8, 68, "2024-12-12 08:10", "2024-12-12 08:09"),
    (9, 68, "2024-12-12 08:19", "2024-12-12 08:18"),
    (10, 68, "2024-12-12 08:24", "2024-12-12 08:23"),
    (11, 68, "2024-12-12 08:33", "2024-12-12 08:32"),
    (12, 68, "2024-12-12 08:36", "2024-12-12 08:35"),
    (13, 68, "2024-12-12 08:39", "2024-12-12 08:38"),
    (14, 68, "2024-12-12 08:45", "2024-12-12 08:44"),
    (15, 68, "2024-12-12 08:54", "2024-12-12 08:53"),
    (16, 68, "2024-12-12 09:06", "2024-12-12 09:06"),
    
    -- 3830 to NY (9:37 AM)
    (1, 69, "2024-12-12 08:01", "2024-12-12 08:00"),
    (2, 69, "2024-12-12 08:08", "2024-12-12 08:07"),
    (3, 69, "2024-12-12 08:15", "2024-12-12 08:14"),
    (5, 69, "2024-12-12 08:36", "2024-12-12 08:35"),
    (6, 69, "2024-12-12 08:40", "2024-12-12 08:39"),
    (7, 69, "2024-12-12 08:45", "2024-12-12 08:44"),
    (8, 69, "2024-12-12 08:49", "2024-12-12 08:48"),
    (9, 69, "2024-12-12 08:55", "2024-12-12 08:54"),
    (10, 69, "2024-12-12 08:59", "2024-12-12 08:58"),
    (11, 69, "2024-12-12 09:05", "2024-12-12 09:04"),
    (12, 69, "2024-12-12 09:08", "2024-12-12 09:07"),
    (13, 69, "2024-12-12 09:12", "2024-12-12 09:11"),
    (14, 69, "2024-12-12 09:17", "2024-12-12 09:16"),
    (15, 69, "2024-12-12 09:25", "2024-12-12 09:24"),
    (16, 69, "2024-12-12 09:37", "2024-12-12 09:37"),
    
    -- 3861 from NY (4:30 PM)
    (16, 70, "2024-12-12 16:31", "2024-12-12 16:30"),
    (15, 70, "2024-12-12 16:41", "2024-12-12 16:40"),
    (14, 70, "2024-12-12 16:50", "2024-12-12 16:49"),
    (13, 70, "2024-12-12 16:56", "2024-12-12 16:55"),
    (12, 70, "2024-12-12 17:00", "2024-12-12 16:59"),
    (11, 70, "2024-12-12 17:03", "2024-12-12 17:02"),
    (10, 70, "2024-12-12 17:08", "2024-12-12 17:07"),
    (9, 70, "2024-12-12 17:12", "2024-12-12 17:11"),
    (8, 70, "2024-12-12 17:17", "2024-12-12 17:16"),
    (7, 70, "2024-12-12 17:22", "2024-12-12 17:21"),
    (6, 70, "2024-12-12 17:26", "2024-12-12 17:25"),
    (5, 70, "2024-12-12 17:30", "2024-12-12 17:29"),
    (3, 70, "2024-12-12 17:46", "2024-12-12 17:45"),
    (2, 70, "2024-12-12 17:53", "2024-12-12 17:52"),
    (1, 70, "2024-12-12 18:04", "2024-12-12 18:04"),
    
    -- 3725 from NY (5:08 PM)
    (16, 71, "2024-12-12 17:09", "2024-12-12 17:08"),
    (15, 71, "2024-12-12 17:29", "2024-12-12 17:18"),
    (14, 71, "2024-12-12 17:30", "2024-12-12 17:29"),
    (13, 71, "2024-12-12 17:36", "2024-12-12 17:35"),
    (8, 71, "2024-12-12 17:50", "2024-12-12 17:49"),
    (7, 71, "2024-12-12 17:55", "2024-12-12 17:54"),
    (6, 71, "2024-12-12 18:00", "2024-12-12 17:59"),
    (5, 71, "2024-12-12 18:04", "2024-12-12 18:04"),
    (4, 71, "2024-12-12 18:13", "2024-12-12 18:13"),
    
    -- 3873 from NY (6:14 PM)
    (16, 72, "2024-12-12 18:15", "2024-12-12 18:14"),
    (14, 72, "2024-12-12 18:31", "2024-12-12 18:30"),
    (13, 72, "2024-12-12 18:37", "2024-12-12 18:36"),
    (9, 72, "2024-12-12 18:47", "2024-12-12 18:46"),
    (8, 72, "2024-12-12 18:53", "2024-12-12 18:52"),
    (7, 72, "2024-12-12 18:58", "2024-12-12 18:57"),
    (6, 72, "2024-12-12 19:04", "2024-12-12 19:03"),
    (5, 72, "2024-12-12 19:08", "2024-12-12 19:07"),
    (4, 72, "2024-12-12 19:13", "2024-12-12 19:12"),
    (3, 72, "2024-12-12 19:25", "2024-12-12 19:24"),
    (2, 72, "2024-12-12 19:32", "2024-12-12 19:31"),
    (1, 72, "2024-12-12 19:43", "2024-12-12 19:43"),
             
-- 2024-12-13
    -- 3818 to NY (7:50 AM)
    (1, 73, "2024-12-13 06:12", "2024-12-13 06:11"),
    (2, 73, "2024-12-13 06:18", "2024-12-13 06:17"),
    (3, 73, "2024-12-13 06:26", "2024-12-13 06:25"),
    (5, 73, "2024-12-13 06:41", "2024-12-13 06:40"),
    (6, 73, "2024-12-13 06:46", "2024-12-13 06:45"),
    (7, 73, "2024-12-13 06:51", "2024-12-13 06:50"),
    (8, 73, "2024-12-13 06:56", "2024-12-13 06:55"),
    (9, 73, "2024-12-13 07:04", "2024-12-13 07:03"),
    (10, 73, "2024-12-13 07:09", "2024-12-13 07:08"),
    (11, 73, "2024-12-13 07:15", "2024-12-13 07:14"),
    (12, 73, "2024-12-13 07:18", "2024-12-13 07:17"),
    (13, 73, "2024-12-13 07:23", "2024-12-13 07:22"),
    (14, 73, "2024-12-13 07:30", "2024-12-13 07:29"),
    (15, 73, "2024-12-13 07:38", "2024-12-13 07:37"),
    (16, 73, "2024-12-13 07:50", "2024-12-13 07:50"),
    
    -- 3828 to NY (9:06 AM)
    (1, 74, "2024-12-13 07:24", "2024-12-13 07:23"),
    (2, 74, "2024-12-13 07:30", "2024-12-13 07:29"),
    (3, 74, "2024-12-13 07:37", "2024-12-13 07:36"),
    (5, 74, "2024-12-13 07:55", "2024-12-13 07:54"),
    (6, 74, "2024-12-13 08:00", "2024-12-13 07:59"),
    (7, 74, "2024-12-13 08:05", "2024-12-13 08:04"),
    (8, 74, "2024-12-13 08:10", "2024-12-13 08:09"),
    (9, 74, "2024-12-13 08:19", "2024-12-13 08:18"),
    (10, 74, "2024-12-13 08:24", "2024-12-13 08:23"),
    (11, 74, "2024-12-13 08:33", "2024-12-13 08:32"),
    (12, 74, "2024-12-13 08:36", "2024-12-13 08:35"),
    (13, 74, "2024-12-13 08:39", "2024-12-13 08:38"),
    (14, 74, "2024-12-13 08:45", "2024-12-13 08:44"),
    (15, 74, "2024-12-13 08:54", "2024-12-13 08:53"),
    (16, 74, "2024-12-13 09:06", "2024-12-13 09:06"),
    
    -- 3830 to NY (9:37 AM)
    (1, 75, "2024-12-13 08:01", "2024-12-13 08:00"),
    (2, 75, "2024-12-13 08:08", "2024-12-13 08:07"),
    (3, 75, "2024-12-13 08:15", "2024-12-13 08:14"),
    (5, 75, "2024-12-13 08:36", "2024-12-13 08:35"),
    (6, 75, "2024-12-13 08:40", "2024-12-13 08:39"),
    (7, 75, "2024-12-13 08:45", "2024-12-13 08:44"),
    (8, 75, "2024-12-13 08:49", "2024-12-13 08:48"),
    (9, 75, "2024-12-13 08:55", "2024-12-13 08:54"),
    (10, 75, "2024-12-13 08:59", "2024-12-13 08:58"),
    (11, 75, "2024-12-13 09:05", "2024-12-13 09:04"),
    (12, 75, "2024-12-13 09:08", "2024-12-13 09:07"),
    (13, 75, "2024-12-13 09:12", "2024-12-13 09:11"),
    (14, 75, "2024-12-13 09:17", "2024-12-13 09:16"),
    (15, 75, "2024-12-13 09:25", "2024-12-13 09:24"),
    (16, 75, "2024-12-13 09:37", "2024-12-13 09:37"),
    
    -- 3861 from NY (4:30 PM)
    (16, 76, "2024-12-13 16:31", "2024-12-13 16:30"),
    (15, 76, "2024-12-13 16:41", "2024-12-13 16:40"),
    (14, 76, "2024-12-13 16:50", "2024-12-13 16:49"),
    (13, 76, "2024-12-13 16:56", "2024-12-13 16:55"),
    (12, 76, "2024-12-13 17:00", "2024-12-13 16:59"),
    (11, 76, "2024-12-13 17:03", "2024-12-13 17:02"),
    (10, 76, "2024-12-13 17:08", "2024-12-13 17:07"),
    (9, 76, "2024-12-13 17:12", "2024-12-13 17:11"),
    (8, 76, "2024-12-13 17:17", "2024-12-13 17:16"),
    (7, 76, "2024-12-13 17:22", "2024-12-13 17:21"),
    (6, 76, "2024-12-13 17:26", "2024-12-13 17:25"),
    (5, 76, "2024-12-13 17:30", "2024-12-13 17:29"),
    (3, 76, "2024-12-13 17:46", "2024-12-13 17:45"),
    (2, 76, "2024-12-13 17:53", "2024-12-13 17:52"),
    (1, 76, "2024-12-13 18:04", "2024-12-13 18:04"),
    
    -- 3725 from NY (5:08 PM)
    (16, 77, "2024-12-13 17:09", "2024-12-13 17:08"),
    (15, 77, "2024-12-13 17:29", "2024-12-13 17:18"),
    (14, 77, "2024-12-13 17:30", "2024-12-13 17:29"),
    (13, 77, "2024-12-13 17:36", "2024-12-13 17:35"),
    (8, 77, "2024-12-13 17:50", "2024-12-13 17:49"),
    (7, 77, "2024-12-13 17:55", "2024-12-13 17:54"),
    (6, 77, "2024-12-13 18:00", "2024-12-13 17:59"),
    (5, 77, "2024-12-13 18:04", "2024-12-13 18:04"),
    (4, 77, "2024-12-13 18:13", "2024-12-13 18:13"),
    
    -- 3873 from NY (6:14 PM)
    (16, 78, "2024-12-13 18:15", "2024-12-13 18:14"),
    (14, 78, "2024-12-13 18:31", "2024-12-13 18:30"),
    (13, 78, "2024-12-13 18:37", "2024-12-13 18:36"),
    (9, 78, "2024-12-13 18:47", "2024-12-13 18:46"),
    (8, 78, "2024-12-13 18:53", "2024-12-13 18:52"),
    (7, 78, "2024-12-13 18:58", "2024-12-13 18:57"),
    (6, 78, "2024-12-13 19:04", "2024-12-13 19:03"),
    (5, 78, "2024-12-13 19:08", "2024-12-13 19:07"),
    (4, 78, "2024-12-13 19:13", "2024-12-13 19:12"),
    (3, 78, "2024-12-13 19:25", "2024-12-13 19:24"),
    (2, 78, "2024-12-13 19:32", "2024-12-13 19:31"),
    (1, 78, "2024-12-13 19:43", "2024-12-13 19:43"),
             
-- 2024-12-14
    -- 3818 to NY (7:50 AM)
    (1, 79, "2024-12-14 06:12", "2024-12-14 06:11"),
    (2, 79, "2024-12-14 06:18", "2024-12-14 06:17"),
    (3, 79, "2024-12-14 06:26", "2024-12-14 06:25"),
    (5, 79, "2024-12-14 06:41", "2024-12-14 06:40"),
    (6, 79, "2024-12-14 06:46", "2024-12-14 06:45"),
    (7, 79, "2024-12-14 06:51", "2024-12-14 06:50"),
    (8, 79, "2024-12-14 06:56", "2024-12-14 06:55"),
    (9, 79, "2024-12-14 07:04", "2024-12-14 07:03"),
    (10, 79, "2024-12-14 07:09", "2024-12-14 07:08"),
    (11, 79, "2024-12-14 07:15", "2024-12-14 07:14"),
    (12, 79, "2024-12-14 07:18", "2024-12-14 07:17"),
    (13, 79, "2024-12-14 07:23", "2024-12-14 07:22"),
    (14, 79, "2024-12-14 07:30", "2024-12-14 07:29"),
    (15, 79, "2024-12-14 07:38", "2024-12-14 07:37"),
    (16, 79, "2024-12-14 07:50", "2024-12-14 07:50"),
    
    -- 3828 to NY (9:06 AM)
    (1, 80, "2024-12-14 07:24", "2024-12-14 07:23"),
    (2, 80, "2024-12-14 07:30", "2024-12-14 07:29"),
    (3, 80, "2024-12-14 07:37", "2024-12-14 07:36"),
    (5, 80, "2024-12-14 07:55", "2024-12-14 07:54"),
    (6, 80, "2024-12-14 08:00", "2024-12-14 07:59"),
    (7, 80, "2024-12-14 08:05", "2024-12-14 08:04"),
    (8, 80, "2024-12-14 08:10", "2024-12-14 08:09"),
    (9, 80, "2024-12-14 08:19", "2024-12-14 08:18"),
    (10, 80, "2024-12-14 08:24", "2024-12-14 08:23"),
    (11, 80, "2024-12-14 08:33", "2024-12-14 08:32"),
    (12, 80, "2024-12-14 08:36", "2024-12-14 08:35"),
    (13, 80, "2024-12-14 08:39", "2024-12-14 08:38"),
    (14, 80, "2024-12-14 08:45", "2024-12-14 08:44"),
    (15, 80, "2024-12-14 08:54", "2024-12-14 08:53"),
    (16, 80, "2024-12-14 09:06", "2024-12-14 09:06"),
    
    -- 3830 to NY (9:37 AM)
    (1, 81, "2024-12-14 08:01", "2024-12-14 08:00"),
    (2, 81, "2024-12-14 08:08", "2024-12-14 08:07"),
    (3, 81, "2024-12-14 08:15", "2024-12-14 08:14"),
    (5, 81, "2024-12-14 08:36", "2024-12-14 08:35"),
    (6, 81, "2024-12-14 08:40", "2024-12-14 08:39"),
    (7, 81, "2024-12-14 08:45", "2024-12-14 08:44"),
    (8, 81, "2024-12-14 08:49", "2024-12-14 08:48"),
    (9, 81, "2024-12-14 08:55", "2024-12-14 08:54"),
    (10, 81, "2024-12-14 08:59", "2024-12-14 08:58"),
    (11, 81, "2024-12-14 09:05", "2024-12-14 09:04"),
    (12, 81, "2024-12-14 09:08", "2024-12-14 09:07"),
    (13, 81, "2024-12-14 09:12", "2024-12-14 09:11"),
    (14, 81, "2024-12-14 09:17", "2024-12-14 09:16"),
    (15, 81, "2024-12-14 09:25", "2024-12-14 09:24"),
    (16, 81, "2024-12-14 09:37", "2024-12-14 09:37"),
    
    -- 3861 from NY (4:30 PM)
    (16, 82, "2024-12-14 16:31", "2024-12-14 16:30"),
    (15, 82, "2024-12-14 16:41", "2024-12-14 16:40"),
    (14, 82, "2024-12-14 16:50", "2024-12-14 16:49"),
    (13, 82, "2024-12-14 16:56", "2024-12-14 16:55"),
    (12, 82, "2024-12-14 17:00", "2024-12-14 16:59"),
    (11, 82, "2024-12-14 17:03", "2024-12-14 17:02"),
    (10, 82, "2024-12-14 17:08", "2024-12-14 17:07"),
    (9, 82, "2024-12-14 17:12", "2024-12-14 17:11"),
    (8, 82, "2024-12-14 17:17", "2024-12-14 17:16"),
    (7, 82, "2024-12-14 17:22", "2024-12-14 17:21"),
    (6, 82, "2024-12-14 17:26", "2024-12-14 17:25"),
    (5, 82, "2024-12-14 17:30", "2024-12-14 17:29"),
    (3, 82, "2024-12-14 17:46", "2024-12-14 17:45"),
    (2, 82, "2024-12-14 17:53", "2024-12-14 17:52"),
    (1, 82, "2024-12-14 18:04", "2024-12-14 18:04"),
    
    -- 3725 from NY (5:08 PM)
    (16, 83, "2024-12-14 17:09", "2024-12-14 17:08"),
    (15, 83, "2024-12-14 17:29", "2024-12-14 17:18"),
    (14, 83, "2024-12-14 17:30", "2024-12-14 17:29"),
    (13, 83, "2024-12-14 17:36", "2024-12-14 17:35"),
    (8, 83, "2024-12-14 17:50", "2024-12-14 17:49"),
    (7, 83, "2024-12-14 17:55", "2024-12-14 17:54"),
    (6, 83, "2024-12-14 18:00", "2024-12-14 17:59"),
    (5, 83, "2024-12-14 18:04", "2024-12-14 18:04"),
    (4, 83, "2024-12-14 18:13", "2024-12-14 18:13"),
    
    -- 3873 from NY (6:14 PM)
    (16, 84, "2024-12-14 18:15", "2024-12-14 18:14"),
    (14, 84, "2024-12-14 18:31", "2024-12-14 18:30"),
    (13, 84, "2024-12-14 18:37", "2024-12-14 18:36"),
    (9, 84, "2024-12-14 18:47", "2024-12-14 18:46"),
    (8, 84, "2024-12-14 18:53", "2024-12-14 18:52"),
    (7, 84, "2024-12-14 18:58", "2024-12-14 18:57"),
    (6, 84, "2024-12-14 19:04", "2024-12-14 19:03"),
    (5, 84, "2024-12-14 19:08", "2024-12-14 19:07"),
    (4, 84, "2024-12-14 19:13", "2024-12-14 19:12"),
    (3, 84, "2024-12-14 19:25", "2024-12-14 19:24"),
    (2, 84, "2024-12-14 19:32", "2024-12-14 19:31"),
    (1, 84, "2024-12-14 19:43", "2024-12-14 19:43"),
             
-- 2024-12-15
    -- 3818 to NY (7:50 AM)
    (1, 85, "2024-12-15 06:12", "2024-12-15 06:11"),
    (2, 85, "2024-12-15 06:18", "2024-12-15 06:17"),
    (3, 85, "2024-12-15 06:26", "2024-12-15 06:25"),
    (5, 85, "2024-12-15 06:41", "2024-12-15 06:40"),
    (6, 85, "2024-12-15 06:46", "2024-12-15 06:45"),
    (7, 85, "2024-12-15 06:51", "2024-12-15 06:50"),
    (8, 85, "2024-12-15 06:56", "2024-12-15 06:55"),
    (9, 85, "2024-12-15 07:04", "2024-12-15 07:03"),
    (10, 85, "2024-12-15 07:09", "2024-12-15 07:08"),
    (11, 85, "2024-12-15 07:15", "2024-12-15 07:14"),
    (12, 85, "2024-12-15 07:18", "2024-12-15 07:17"),
    (13, 85, "2024-12-15 07:23", "2024-12-15 07:22"),
    (14, 85, "2024-12-15 07:30", "2024-12-15 07:29"),
    (15, 85, "2024-12-15 07:38", "2024-12-15 07:37"),
    (16, 85, "2024-12-15 07:50", "2024-12-15 07:50"),
    
    -- 3828 to NY (9:06 AM)
    (1, 86, "2024-12-15 07:24", "2024-12-15 07:23"),
    (2, 86, "2024-12-15 07:30", "2024-12-15 07:29"),
    (3, 86, "2024-12-15 07:37", "2024-12-15 07:36"),
    (5, 86, "2024-12-15 07:55", "2024-12-15 07:54"),
    (6, 86, "2024-12-15 08:00", "2024-12-15 07:59"),
    (7, 86, "2024-12-15 08:05", "2024-12-15 08:04"),
    (8, 86, "2024-12-15 08:10", "2024-12-15 08:09"),
    (9, 86, "2024-12-15 08:19", "2024-12-15 08:18"),
    (10, 86, "2024-12-15 08:24", "2024-12-15 08:23"),
    (11, 86, "2024-12-15 08:33", "2024-12-15 08:32"),
    (12, 86, "2024-12-15 08:36", "2024-12-15 08:35"),
    (13, 86, "2024-12-15 08:39", "2024-12-15 08:38"),
    (14, 86, "2024-12-15 08:45", "2024-12-15 08:44"),
    (15, 86, "2024-12-15 08:54", "2024-12-15 08:53"),
    (16, 86, "2024-12-15 09:06", "2024-12-15 09:06"),
    
    -- 3830 to NY (9:37 AM)
    (1, 87, "2024-12-15 08:01", "2024-12-15 08:00"),
    (2, 87, "2024-12-15 08:08", "2024-12-15 08:07"),
    (3, 87, "2024-12-15 08:15", "2024-12-15 08:14"),
    (5, 87, "2024-12-15 08:36", "2024-12-15 08:35"),
    (6, 87, "2024-12-15 08:40", "2024-12-15 08:39"),
    (7, 87, "2024-12-15 08:45", "2024-12-15 08:44"),
    (8, 87, "2024-12-15 08:49", "2024-12-15 08:48"),
    (9, 87, "2024-12-15 08:55", "2024-12-15 08:54"),
    (10, 87, "2024-12-15 08:59", "2024-12-15 08:58"),
    (11, 87, "2024-12-15 09:05", "2024-12-15 09:04"),
    (12, 87, "2024-12-15 09:08", "2024-12-15 09:07"),
    (13, 87, "2024-12-15 09:12", "2024-12-15 09:11"),
    (14, 87, "2024-12-15 09:17", "2024-12-15 09:16"),
    (15, 87, "2024-12-15 09:25", "2024-12-15 09:24"),
    (16, 87, "2024-12-15 09:37", "2024-12-15 09:37"),
    
    -- 3861 from NY (4:30 PM)
    (16, 88, "2024-12-15 16:31", "2024-12-15 16:30"),
    (15, 88, "2024-12-15 16:41", "2024-12-15 16:40"),
    (14, 88, "2024-12-15 16:50", "2024-12-15 16:49"),
    (13, 88, "2024-12-15 16:56", "2024-12-15 16:55"),
    (12, 88, "2024-12-15 17:00", "2024-12-15 16:59"),
    (11, 88, "2024-12-15 17:03", "2024-12-15 17:02"),
    (10, 88, "2024-12-15 17:08", "2024-12-15 17:07"),
    (9, 88, "2024-12-15 17:12", "2024-12-15 17:11"),
    (8, 88, "2024-12-15 17:17", "2024-12-15 17:16"),
    (7, 88, "2024-12-15 17:22", "2024-12-15 17:21"),
    (6, 88, "2024-12-15 17:26", "2024-12-15 17:25"),
    (5, 88, "2024-12-15 17:30", "2024-12-15 17:29"),
    (3, 88, "2024-12-15 17:46", "2024-12-15 17:45"),
    (2, 88, "2024-12-15 17:53", "2024-12-15 17:52"),
    (1, 88, "2024-12-15 18:04", "2024-12-15 18:04"),
    
    -- 3725 from NY (5:08 PM)
    (16, 89, "2024-12-15 17:09", "2024-12-15 17:08"),
    (15, 89, "2024-12-15 17:29", "2024-12-15 17:18"),
    (14, 89, "2024-12-15 17:30", "2024-12-15 17:29"),
    (13, 89, "2024-12-15 17:36", "2024-12-15 17:35"),
    (8, 89, "2024-12-15 17:50", "2024-12-15 17:49"),
    (7, 89, "2024-12-15 17:55", "2024-12-15 17:54"),
    (6, 89, "2024-12-15 18:00", "2024-12-15 17:59"),
    (5, 89, "2024-12-15 18:04", "2024-12-15 18:04"),
    (4, 89, "2024-12-15 18:13", "2024-12-15 18:13"),
    
    -- 3873 from NY (6:14 PM)
    (16, 90, "2024-12-15 18:15", "2024-12-15 18:14"),
    (14, 90, "2024-12-15 18:31", "2024-12-15 18:30"),
    (13, 90, "2024-12-15 18:37", "2024-12-15 18:36"),
    (9, 90, "2024-12-15 18:47", "2024-12-15 18:46"),
    (8, 90, "2024-12-15 18:53", "2024-12-15 18:52"),
    (7, 90, "2024-12-15 18:58", "2024-12-15 18:57"),
    (6, 90, "2024-12-15 19:04", "2024-12-15 19:03"),
    (5, 90, "2024-12-15 19:08", "2024-12-15 19:07"),
    (4, 90, "2024-12-15 19:13", "2024-12-15 19:12"),
    (3, 90, "2024-12-15 19:25", "2024-12-15 19:24"),
    (2, 90, "2024-12-15 19:32", "2024-12-15 19:31"),
    (1, 90, "2024-12-15 19:43", "2024-12-15 19:43"),
             
-- 2024-12-16
    -- 3818 to NY (7:50 AM)
    (1, 91, "2024-12-16 06:12", "2024-12-16 06:11"),
    (2, 91, "2024-12-16 06:18", "2024-12-16 06:17"),
    (3, 91, "2024-12-16 06:26", "2024-12-16 06:25"),
    (5, 91, "2024-12-16 06:41", "2024-12-16 06:40"),
    (6, 91, "2024-12-16 06:46", "2024-12-16 06:45"),
    (7, 91, "2024-12-16 06:51", "2024-12-16 06:50"),
    (8, 91, "2024-12-16 06:56", "2024-12-16 06:55"),
    (9, 91, "2024-12-16 07:04", "2024-12-16 07:03"),
    (10, 91, "2024-12-16 07:09", "2024-12-16 07:08"),
    (11, 91, "2024-12-16 07:15", "2024-12-16 07:14"),
    (12, 91, "2024-12-16 07:18", "2024-12-16 07:17"),
    (13, 91, "2024-12-16 07:23", "2024-12-16 07:22"),
    (14, 91, "2024-12-16 07:30", "2024-12-16 07:29"),
    (15, 91, "2024-12-16 07:38", "2024-12-16 07:37"),
    (16, 91, "2024-12-16 07:50", "2024-12-16 07:50"),
    
    -- 3828 to NY (9:06 AM)
    (1, 92, "2024-12-16 07:24", "2024-12-16 07:23"),
    (2, 92, "2024-12-16 07:30", "2024-12-16 07:29"),
    (3, 92, "2024-12-16 07:37", "2024-12-16 07:36"),
    (5, 92, "2024-12-16 07:55", "2024-12-16 07:54"),
    (6, 92, "2024-12-16 08:00", "2024-12-16 07:59"),
    (7, 92, "2024-12-16 08:05", "2024-12-16 08:04"),
    (8, 92, "2024-12-16 08:10", "2024-12-16 08:09"),
    (9, 92, "2024-12-16 08:19", "2024-12-16 08:18"),
    (10, 92, "2024-12-16 08:24", "2024-12-16 08:23"),
    (11, 92, "2024-12-16 08:33", "2024-12-16 08:32"),
    (12, 92, "2024-12-16 08:36", "2024-12-16 08:35"),
    (13, 92, "2024-12-16 08:39", "2024-12-16 08:38"),
    (14, 92, "2024-12-16 08:45", "2024-12-16 08:44"),
    (15, 92, "2024-12-16 08:54", "2024-12-16 08:53"),
    (16, 92, "2024-12-16 09:06", "2024-12-16 09:06"),
    
    -- 3830 to NY (9:37 AM)
    (1, 93, "2024-12-16 08:01", "2024-12-16 08:00"),
    (2, 93, "2024-12-16 08:08", "2024-12-16 08:07"),
    (3, 93, "2024-12-16 08:15", "2024-12-16 08:14"),
    (5, 93, "2024-12-16 08:36", "2024-12-16 08:35"),
    (6, 93, "2024-12-16 08:40", "2024-12-16 08:39"),
    (7, 93, "2024-12-16 08:45", "2024-12-16 08:44"),
    (8, 93, "2024-12-16 08:49", "2024-12-16 08:48"),
    (9, 93, "2024-12-16 08:55", "2024-12-16 08:54"),
    (10, 93, "2024-12-16 08:59", "2024-12-16 08:58"),
    (11, 93, "2024-12-16 09:05", "2024-12-16 09:04"),
    (12, 93, "2024-12-16 09:08", "2024-12-16 09:07"),
    (13, 93, "2024-12-16 09:12", "2024-12-16 09:11"),
    (14, 93, "2024-12-16 09:17", "2024-12-16 09:16"),
    (15, 93, "2024-12-16 09:25", "2024-12-16 09:24"),
    (16, 93, "2024-12-16 09:37", "2024-12-16 09:37"),
    
    -- 3861 from NY (4:30 PM)
    (16, 94, "2024-12-16 16:31", "2024-12-16 16:30"),
    (15, 94, "2024-12-16 16:41", "2024-12-16 16:40"),
    (14, 94, "2024-12-16 16:50", "2024-12-16 16:49"),
    (13, 94, "2024-12-16 16:56", "2024-12-16 16:55"),
    (12, 94, "2024-12-16 17:00", "2024-12-16 16:59"),
    (11, 94, "2024-12-16 17:03", "2024-12-16 17:02"),
    (10, 94, "2024-12-16 17:08", "2024-12-16 17:07"),
    (9, 94, "2024-12-16 17:12", "2024-12-16 17:11"),
    (8, 94, "2024-12-16 17:17", "2024-12-16 17:16"),
    (7, 94, "2024-12-16 17:22", "2024-12-16 17:21"),
    (6, 94, "2024-12-16 17:26", "2024-12-16 17:25"),
    (5, 94, "2024-12-16 17:30", "2024-12-16 17:29"),
    (3, 94, "2024-12-16 17:46", "2024-12-16 17:45"),
    (2, 94, "2024-12-16 17:53", "2024-12-16 17:52"),
    (1, 94, "2024-12-16 18:04", "2024-12-16 18:04"),
    
    -- 3725 from NY (5:08 PM)
    (16, 95, "2024-12-16 17:09", "2024-12-16 17:08"),
    (15, 95, "2024-12-16 17:29", "2024-12-16 17:18"),
    (14, 95, "2024-12-16 17:30", "2024-12-16 17:29"),
    (13, 95, "2024-12-16 17:36", "2024-12-16 17:35"),
    (8, 95, "2024-12-16 17:50", "2024-12-16 17:49"),
    (7, 95, "2024-12-16 17:55", "2024-12-16 17:54"),
    (6, 95, "2024-12-16 18:00", "2024-12-16 17:59"),
    (5, 95, "2024-12-16 18:04", "2024-12-16 18:04"),
    (4, 95, "2024-12-16 18:13", "2024-12-16 18:13"),
    
    -- 3873 from NY (6:14 PM)
    (16, 96, "2024-12-16 18:15", "2024-12-16 18:14"),
    (14, 96, "2024-12-16 18:31", "2024-12-16 18:30"),
    (13, 96, "2024-12-16 18:37", "2024-12-16 18:36"),
    (9, 96, "2024-12-16 18:47", "2024-12-16 18:46"),
    (8, 96, "2024-12-16 18:53", "2024-12-16 18:52"),
    (7, 96, "2024-12-16 18:58", "2024-12-16 18:57"),
    (6, 96, "2024-12-16 19:04", "2024-12-16 19:03"),
    (5, 96, "2024-12-16 19:08", "2024-12-16 19:07"),
    (4, 96, "2024-12-16 19:13", "2024-12-16 19:12"),
    (3, 96, "2024-12-16 19:25", "2024-12-16 19:24"),
    (2, 96, "2024-12-16 19:32", "2024-12-16 19:31"),
    (1, 96, "2024-12-16 19:43", "2024-12-16 19:43"),
             
-- 2024-12-17
    -- 3818 to NY (7:50 AM)
    (1, 97, "2024-12-17 06:12", "2024-12-17 06:11"),
    (2, 97, "2024-12-17 06:18", "2024-12-17 06:17"),
    (3, 97, "2024-12-17 06:26", "2024-12-17 06:25"),
    (5, 97, "2024-12-17 06:41", "2024-12-17 06:40"),
    (6, 97, "2024-12-17 06:46", "2024-12-17 06:45"),
    (7, 97, "2024-12-17 06:51", "2024-12-17 06:50"),
    (8, 97, "2024-12-17 06:56", "2024-12-17 06:55"),
    (9, 97, "2024-12-17 07:04", "2024-12-17 07:03"),
    (10, 97, "2024-12-17 07:09", "2024-12-17 07:08"),
    (11, 97, "2024-12-17 07:15", "2024-12-17 07:14"),
    (12, 97, "2024-12-17 07:18", "2024-12-17 07:17"),
    (13, 97, "2024-12-17 07:23", "2024-12-17 07:22"),
    (14, 97, "2024-12-17 07:30", "2024-12-17 07:29"),
    (15, 97, "2024-12-17 07:38", "2024-12-17 07:37"),
    (16, 97, "2024-12-17 07:50", "2024-12-17 07:50"),
    
    -- 3828 to NY (9:06 AM)
    (1, 98, "2024-12-17 07:24", "2024-12-17 07:23"),
    (2, 98, "2024-12-17 07:30", "2024-12-17 07:29"),
    (3, 98, "2024-12-17 07:37", "2024-12-17 07:36"),
    (5, 98, "2024-12-17 07:55", "2024-12-17 07:54"),
    (6, 98, "2024-12-17 08:00", "2024-12-17 07:59"),
    (7, 98, "2024-12-17 08:05", "2024-12-17 08:04"),
    (8, 98, "2024-12-17 08:10", "2024-12-17 08:09"),
    (9, 98, "2024-12-17 08:19", "2024-12-17 08:18"),
    (10, 98, "2024-12-17 08:24", "2024-12-17 08:23"),
    (11, 98, "2024-12-17 08:33", "2024-12-17 08:32"),
    (12, 98, "2024-12-17 08:36", "2024-12-17 08:35"),
    (13, 98, "2024-12-17 08:39", "2024-12-17 08:38"),
    (14, 98, "2024-12-17 08:45", "2024-12-17 08:44"),
    (15, 98, "2024-12-17 08:54", "2024-12-17 08:53"),
    (16, 98, "2024-12-17 09:06", "2024-12-17 09:06"),
    
    -- 3830 to NY (9:37 AM)
    (1, 99, "2024-12-17 08:01", "2024-12-17 08:00"),
    (2, 99, "2024-12-17 08:08", "2024-12-17 08:07"),
    (3, 99, "2024-12-17 08:15", "2024-12-17 08:14"),
    (5, 99, "2024-12-17 08:36", "2024-12-17 08:35"),
    (6, 99, "2024-12-17 08:40", "2024-12-17 08:39"),
    (7, 99, "2024-12-17 08:45", "2024-12-17 08:44"),
    (8, 99, "2024-12-17 08:49", "2024-12-17 08:48"),
    (9, 99, "2024-12-17 08:55", "2024-12-17 08:54"),
    (10, 99, "2024-12-17 08:59", "2024-12-17 08:58"),
    (11, 99, "2024-12-17 09:05", "2024-12-17 09:04"),
    (12, 99, "2024-12-17 09:08", "2024-12-17 09:07"),
    (13, 99, "2024-12-17 09:12", "2024-12-17 09:11"),
    (14, 99, "2024-12-17 09:17", "2024-12-17 09:16"),
    (15, 99, "2024-12-17 09:25", "2024-12-17 09:24"),
    (16, 99, "2024-12-17 09:37", "2024-12-17 09:37"),
    
    -- 3861 from NY (4:30 PM)
    (16, 100, "2024-12-17 16:31", "2024-12-17 16:30"),
    (15, 100, "2024-12-17 16:41", "2024-12-17 16:40"),
    (14, 100, "2024-12-17 16:50", "2024-12-17 16:49"),
    (13, 100, "2024-12-17 16:56", "2024-12-17 16:55"),
    (12, 100, "2024-12-17 17:00", "2024-12-17 16:59"),
    (11, 100, "2024-12-17 17:03", "2024-12-17 17:02"),
    (10, 100, "2024-12-17 17:08", "2024-12-17 17:07"),
    (9, 100, "2024-12-17 17:12", "2024-12-17 17:11"),
    (8, 100, "2024-12-17 17:17", "2024-12-17 17:16"),
    (7, 100, "2024-12-17 17:22", "2024-12-17 17:21"),
    (6, 100, "2024-12-17 17:26", "2024-12-17 17:25"),
    (5, 100, "2024-12-17 17:30", "2024-12-17 17:29"),
    (3, 100, "2024-12-17 17:46", "2024-12-17 17:45"),
    (2, 100, "2024-12-17 17:53", "2024-12-17 17:52"),
    (1, 100, "2024-12-17 18:04", "2024-12-17 18:04"),
    
    -- 3725 from NY (5:08 PM)
    (16, 101, "2024-12-17 17:09", "2024-12-17 17:08"),
    (15, 101, "2024-12-17 17:29", "2024-12-17 17:18"),
    (14, 101, "2024-12-17 17:30", "2024-12-17 17:29"),
    (13, 101, "2024-12-17 17:36", "2024-12-17 17:35"),
    (8, 101, "2024-12-17 17:50", "2024-12-17 17:49"),
    (7, 101, "2024-12-17 17:55", "2024-12-17 17:54"),
    (6, 101, "2024-12-17 18:00", "2024-12-17 17:59"),
    (5, 101, "2024-12-17 18:04", "2024-12-17 18:04"),
    (4, 101, "2024-12-17 18:13", "2024-12-17 18:13"),
    
    -- 3873 from NY (6:14 PM)
    (16, 102, "2024-12-17 18:15", "2024-12-17 18:14"),
    (14, 102, "2024-12-17 18:31", "2024-12-17 18:30"),
    (13, 102, "2024-12-17 18:37", "2024-12-17 18:36"),
    (9, 102, "2024-12-17 18:47", "2024-12-17 18:46"),
    (8, 102, "2024-12-17 18:53", "2024-12-17 18:52"),
    (7, 102, "2024-12-17 18:58", "2024-12-17 18:57"),
    (6, 102, "2024-12-17 19:04", "2024-12-17 19:03"),
    (5, 102, "2024-12-17 19:08", "2024-12-17 19:07"),
    (4, 102, "2024-12-17 19:13", "2024-12-17 19:12"),
    (3, 102, "2024-12-17 19:25", "2024-12-17 19:24"),
    (2, 102, "2024-12-17 19:32", "2024-12-17 19:31"),
    (1, 102, "2024-12-17 19:43", "2024-12-17 19:43"),
             
-- 2024-12-18
    -- 3818 to NY (7:50 AM)
    (1, 103, "2024-12-18 06:12", "2024-12-18 06:11"),
    (2, 103, "2024-12-18 06:18", "2024-12-18 06:17"),
    (3, 103, "2024-12-18 06:26", "2024-12-18 06:25"),
    (5, 103, "2024-12-18 06:41", "2024-12-18 06:40"),
    (6, 103, "2024-12-18 06:46", "2024-12-18 06:45"),
    (7, 103, "2024-12-18 06:51", "2024-12-18 06:50"),
    (8, 103, "2024-12-18 06:56", "2024-12-18 06:55"),
    (9, 103, "2024-12-18 07:04", "2024-12-18 07:03"),
    (10, 103, "2024-12-18 07:09", "2024-12-18 07:08"),
    (11, 103, "2024-12-18 07:15", "2024-12-18 07:14"),
    (12, 103, "2024-12-18 07:18", "2024-12-18 07:17"),
    (13, 103, "2024-12-18 07:23", "2024-12-18 07:22"),
    (14, 103, "2024-12-18 07:30", "2024-12-18 07:29"),
    (15, 103, "2024-12-18 07:38", "2024-12-18 07:37"),
    (16, 103, "2024-12-18 07:50", "2024-12-18 07:50"),
    
    -- 3828 to NY (9:06 AM)
    (1, 104, "2024-12-18 07:24", "2024-12-18 07:23"),
    (2, 104, "2024-12-18 07:30", "2024-12-18 07:29"),
    (3, 104, "2024-12-18 07:37", "2024-12-18 07:36"),
    (5, 104, "2024-12-18 07:55", "2024-12-18 07:54"),
    (6, 104, "2024-12-18 08:00", "2024-12-18 07:59"),
    (7, 104, "2024-12-18 08:05", "2024-12-18 08:04"),
    (8, 104, "2024-12-18 08:10", "2024-12-18 08:09"),
    (9, 104, "2024-12-18 08:19", "2024-12-18 08:18"),
    (10, 104, "2024-12-18 08:24", "2024-12-18 08:23"),
    (11, 104, "2024-12-18 08:33", "2024-12-18 08:32"),
    (12, 104, "2024-12-18 08:36", "2024-12-18 08:35"),
    (13, 104, "2024-12-18 08:39", "2024-12-18 08:38"),
    (14, 104, "2024-12-18 08:45", "2024-12-18 08:44"),
    (15, 104, "2024-12-18 08:54", "2024-12-18 08:53"),
    (16, 104, "2024-12-18 09:06", "2024-12-18 09:06"),
    
    -- 3830 to NY (9:37 AM)
    (1, 105, "2024-12-18 08:01", "2024-12-18 08:00"),
    (2, 105, "2024-12-18 08:08", "2024-12-18 08:07"),
    (3, 105, "2024-12-18 08:15", "2024-12-18 08:14"),
    (5, 105, "2024-12-18 08:36", "2024-12-18 08:35"),
    (6, 105, "2024-12-18 08:40", "2024-12-18 08:39"),
    (7, 105, "2024-12-18 08:45", "2024-12-18 08:44"),
    (8, 105, "2024-12-18 08:49", "2024-12-18 08:48"),
    (9, 105, "2024-12-18 08:55", "2024-12-18 08:54"),
    (10, 105, "2024-12-18 08:59", "2024-12-18 08:58"),
    (11, 105, "2024-12-18 09:05", "2024-12-18 09:04"),
    (12, 105, "2024-12-18 09:08", "2024-12-18 09:07"),
    (13, 105, "2024-12-18 09:12", "2024-12-18 09:11"),
    (14, 105, "2024-12-18 09:17", "2024-12-18 09:16"),
    (15, 105, "2024-12-18 09:25", "2024-12-18 09:24"),
    (16, 105, "2024-12-18 09:37", "2024-12-18 09:37"),
    
    -- 3861 from NY (4:30 PM)
    (16, 106, "2024-12-18 16:31", "2024-12-18 16:30"),
    (15, 106, "2024-12-18 16:41", "2024-12-18 16:40"),
    (14, 106, "2024-12-18 16:50", "2024-12-18 16:49"),
    (13, 106, "2024-12-18 16:56", "2024-12-18 16:55"),
    (12, 106, "2024-12-18 17:00", "2024-12-18 16:59"),
    (11, 106, "2024-12-18 17:03", "2024-12-18 17:02"),
    (10, 106, "2024-12-18 17:08", "2024-12-18 17:07"),
    (9, 106, "2024-12-18 17:12", "2024-12-18 17:11"),
    (8, 106, "2024-12-18 17:17", "2024-12-18 17:16"),
    (7, 106, "2024-12-18 17:22", "2024-12-18 17:21"),
    (6, 106, "2024-12-18 17:26", "2024-12-18 17:25"),
    (5, 106, "2024-12-18 17:30", "2024-12-18 17:29"),
    (3, 106, "2024-12-18 17:46", "2024-12-18 17:45"),
    (2, 106, "2024-12-18 17:53", "2024-12-18 17:52"),
    (1, 106, "2024-12-18 18:04", "2024-12-18 18:04"),
    
    -- 3725 from NY (5:08 PM)
    (16, 107, "2024-12-18 17:09", "2024-12-18 17:08"),
    (15, 107, "2024-12-18 17:29", "2024-12-18 17:18"),
    (14, 107, "2024-12-18 17:30", "2024-12-18 17:29"),
    (13, 107, "2024-12-18 17:36", "2024-12-18 17:35"),
    (8, 107, "2024-12-18 17:50", "2024-12-18 17:49"),
    (7, 107, "2024-12-18 17:55", "2024-12-18 17:54"),
    (6, 107, "2024-12-18 18:00", "2024-12-18 17:59"),
    (5, 107, "2024-12-18 18:04", "2024-12-18 18:04"),
    (4, 107, "2024-12-18 18:13", "2024-12-18 18:13"),
    
    -- 3873 from NY (6:14 PM)
    (16, 108, "2024-12-18 18:15", "2024-12-18 18:14"),
    (14, 108, "2024-12-18 18:31", "2024-12-18 18:30"),
    (13, 108, "2024-12-18 18:37", "2024-12-18 18:36"),
    (9, 108, "2024-12-18 18:47", "2024-12-18 18:46"),
    (8, 108, "2024-12-18 18:53", "2024-12-18 18:52"),
    (7, 108, "2024-12-18 18:58", "2024-12-18 18:57"),
    (6, 108, "2024-12-18 19:04", "2024-12-18 19:03"),
    (5, 108, "2024-12-18 19:08", "2024-12-18 19:07"),
    (4, 108, "2024-12-18 19:13", "2024-12-18 19:12"),
    (3, 108, "2024-12-18 19:25", "2024-12-18 19:24"),
    (2, 108, "2024-12-18 19:32", "2024-12-18 19:31"),
    (1, 108, "2024-12-18 19:43", "2024-12-18 19:43"),
             
-- 2024-12-19
    -- 3818 to NY (7:50 AM)
    (1, 109, "2024-12-19 06:12", "2024-12-19 06:11"),
    (2, 109, "2024-12-19 06:18", "2024-12-19 06:17"),
    (3, 109, "2024-12-19 06:26", "2024-12-19 06:25"),
    (5, 109, "2024-12-19 06:41", "2024-12-19 06:40"),
    (6, 109, "2024-12-19 06:46", "2024-12-19 06:45"),
    (7, 109, "2024-12-19 06:51", "2024-12-19 06:50"),
    (8, 109, "2024-12-19 06:56", "2024-12-19 06:55"),
    (9, 109, "2024-12-19 07:04", "2024-12-19 07:03"),
    (10, 109, "2024-12-19 07:09", "2024-12-19 07:08"),
    (11, 109, "2024-12-19 07:15", "2024-12-19 07:14"),
    (12, 109, "2024-12-19 07:18", "2024-12-19 07:17"),
    (13, 109, "2024-12-19 07:23", "2024-12-19 07:22"),
    (14, 109, "2024-12-19 07:30", "2024-12-19 07:29"),
    (15, 109, "2024-12-19 07:38", "2024-12-19 07:37"),
    (16, 109, "2024-12-19 07:50", "2024-12-19 07:50"),
    
    -- 3828 to NY (9:06 AM)
    (1, 110, "2024-12-19 07:24", "2024-12-19 07:23"),
    (2, 110, "2024-12-19 07:30", "2024-12-19 07:29"),
    (3, 110, "2024-12-19 07:37", "2024-12-19 07:36"),
    (5, 110, "2024-12-19 07:55", "2024-12-19 07:54"),
    (6, 110, "2024-12-19 08:00", "2024-12-19 07:59"),
    (7, 110, "2024-12-19 08:05", "2024-12-19 08:04"),
    (8, 110, "2024-12-19 08:10", "2024-12-19 08:09"),
    (9, 110, "2024-12-19 08:19", "2024-12-19 08:18"),
    (10, 110, "2024-12-19 08:24", "2024-12-19 08:23"),
    (11, 110, "2024-12-19 08:33", "2024-12-19 08:32"),
    (12, 110, "2024-12-19 08:36", "2024-12-19 08:35"),
    (13, 110, "2024-12-19 08:39", "2024-12-19 08:38"),
    (14, 110, "2024-12-19 08:45", "2024-12-19 08:44"),
    (15, 110, "2024-12-19 08:54", "2024-12-19 08:53"),
    (16, 110, "2024-12-19 09:06", "2024-12-19 09:06"),
    
    -- 3830 to NY (9:37 AM)
    (1, 111, "2024-12-19 08:01", "2024-12-19 08:00"),
    (2, 111, "2024-12-19 08:08", "2024-12-19 08:07"),
    (3, 111, "2024-12-19 08:15", "2024-12-19 08:14"),
    (5, 111, "2024-12-19 08:36", "2024-12-19 08:35"),
    (6, 111, "2024-12-19 08:40", "2024-12-19 08:39"),
    (7, 111, "2024-12-19 08:45", "2024-12-19 08:44"),
    (8, 111, "2024-12-19 08:49", "2024-12-19 08:48"),
    (9, 111, "2024-12-19 08:55", "2024-12-19 08:54"),
    (10, 111, "2024-12-19 08:59", "2024-12-19 08:58"),
    (11, 111, "2024-12-19 09:05", "2024-12-19 09:04"),
    (12, 111, "2024-12-19 09:08", "2024-12-19 09:07"),
    (13, 111, "2024-12-19 09:12", "2024-12-19 09:11"),
    (14, 111, "2024-12-19 09:17", "2024-12-19 09:16"),
    (15, 111, "2024-12-19 09:25", "2024-12-19 09:24"),
    (16, 111, "2024-12-19 09:37", "2024-12-19 09:37"),
    
    -- 3861 from NY (4:30 PM)
    (16, 112, "2024-12-19 16:31", "2024-12-19 16:30"),
    (15, 112, "2024-12-19 16:41", "2024-12-19 16:40"),
    (14, 112, "2024-12-19 16:50", "2024-12-19 16:49"),
    (13, 112, "2024-12-19 16:56", "2024-12-19 16:55"),
    (12, 112, "2024-12-19 17:00", "2024-12-19 16:59"),
    (11, 112, "2024-12-19 17:03", "2024-12-19 17:02"),
    (10, 112, "2024-12-19 17:08", "2024-12-19 17:07"),
    (9, 112, "2024-12-19 17:12", "2024-12-19 17:11"),
    (8, 112, "2024-12-19 17:17", "2024-12-19 17:16"),
    (7, 112, "2024-12-19 17:22", "2024-12-19 17:21"),
    (6, 112, "2024-12-19 17:26", "2024-12-19 17:25"),
    (5, 112, "2024-12-19 17:30", "2024-12-19 17:29"),
    (3, 112, "2024-12-19 17:46", "2024-12-19 17:45"),
    (2, 112, "2024-12-19 17:53", "2024-12-19 17:52"),
    (1, 112, "2024-12-19 18:04", "2024-12-19 18:04"),
    
    -- 3725 from NY (5:08 PM)
    (16, 113, "2024-12-19 17:09", "2024-12-19 17:08"),
    (15, 113, "2024-12-19 17:29", "2024-12-19 17:18"),
    (14, 113, "2024-12-19 17:30", "2024-12-19 17:29"),
    (13, 113, "2024-12-19 17:36", "2024-12-19 17:35"),
    (8, 113, "2024-12-19 17:50", "2024-12-19 17:49"),
    (7, 113, "2024-12-19 17:55", "2024-12-19 17:54"),
    (6, 113, "2024-12-19 18:00", "2024-12-19 17:59"),
    (5, 113, "2024-12-19 18:04", "2024-12-19 18:04"),
    (4, 113, "2024-12-19 18:13", "2024-12-19 18:13"),
    
    -- 3873 from NY (6:14 PM)
    (16, 114, "2024-12-19 18:15", "2024-12-19 18:14"),
    (14, 114, "2024-12-19 18:31", "2024-12-19 18:30"),
    (13, 114, "2024-12-19 18:37", "2024-12-19 18:36"),
    (9, 114, "2024-12-19 18:47", "2024-12-19 18:46"),
    (8, 114, "2024-12-19 18:53", "2024-12-19 18:52"),
    (7, 114, "2024-12-19 18:58", "2024-12-19 18:57"),
    (6, 114, "2024-12-19 19:04", "2024-12-19 19:03"),
    (5, 114, "2024-12-19 19:08", "2024-12-19 19:07"),
    (4, 114, "2024-12-19 19:13", "2024-12-19 19:12"),
    (3, 114, "2024-12-19 19:25", "2024-12-19 19:24"),
    (2, 114, "2024-12-19 19:32", "2024-12-19 19:31"),
    (1, 114, "2024-12-19 19:43", "2024-12-19 19:43"),
             
-- 2024-12-20
    -- 3818 to NY (7:50 AM)
    (1, 115, "2024-12-20 06:12", "2024-12-20 06:11"),
    (2, 115, "2024-12-20 06:18", "2024-12-20 06:17"),
    (3, 115, "2024-12-20 06:26", "2024-12-20 06:25"),
    (5, 115, "2024-12-20 06:41", "2024-12-20 06:40"),
    (6, 115, "2024-12-20 06:46", "2024-12-20 06:45"),
    (7, 115, "2024-12-20 06:51", "2024-12-20 06:50"),
    (8, 115, "2024-12-20 06:56", "2024-12-20 06:55"),
    (9, 115, "2024-12-20 07:04", "2024-12-20 07:03"),
    (10, 115, "2024-12-20 07:09", "2024-12-20 07:08"),
    (11, 115, "2024-12-20 07:15", "2024-12-20 07:14"),
    (12, 115, "2024-12-20 07:18", "2024-12-20 07:17"),
    (13, 115, "2024-12-20 07:23", "2024-12-20 07:22"),
    (14, 115, "2024-12-20 07:30", "2024-12-20 07:29"),
    (15, 115, "2024-12-20 07:38", "2024-12-20 07:37"),
    (16, 115, "2024-12-20 07:50", "2024-12-20 07:50"),
    
    -- 3828 to NY (9:06 AM)
    (1, 116, "2024-12-20 07:24", "2024-12-20 07:23"),
    (2, 116, "2024-12-20 07:30", "2024-12-20 07:29"),
    (3, 116, "2024-12-20 07:37", "2024-12-20 07:36"),
    (5, 116, "2024-12-20 07:55", "2024-12-20 07:54"),
    (6, 116, "2024-12-20 08:00", "2024-12-20 07:59"),
    (7, 116, "2024-12-20 08:05", "2024-12-20 08:04"),
    (8, 116, "2024-12-20 08:10", "2024-12-20 08:09"),
    (9, 116, "2024-12-20 08:19", "2024-12-20 08:18"),
    (10, 116, "2024-12-20 08:24", "2024-12-20 08:23"),
    (11, 116, "2024-12-20 08:33", "2024-12-20 08:32"),
    (12, 116, "2024-12-20 08:36", "2024-12-20 08:35"),
    (13, 116, "2024-12-20 08:39", "2024-12-20 08:38"),
    (14, 116, "2024-12-20 08:45", "2024-12-20 08:44"),
    (15, 116, "2024-12-20 08:54", "2024-12-20 08:53"),
    (16, 116, "2024-12-20 09:06", "2024-12-20 09:06"),
    
    -- 3830 to NY (9:37 AM)
    (1, 117, "2024-12-20 08:01", "2024-12-20 08:00"),
    (2, 117, "2024-12-20 08:08", "2024-12-20 08:07"),
    (3, 117, "2024-12-20 08:15", "2024-12-20 08:14"),
    (5, 117, "2024-12-20 08:36", "2024-12-20 08:35"),
    (6, 117, "2024-12-20 08:40", "2024-12-20 08:39"),
    (7, 117, "2024-12-20 08:45", "2024-12-20 08:44"),
    (8, 117, "2024-12-20 08:49", "2024-12-20 08:48"),
    (9, 117, "2024-12-20 08:55", "2024-12-20 08:54"),
    (10, 117, "2024-12-20 08:59", "2024-12-20 08:58"),
    (11, 117, "2024-12-20 09:05", "2024-12-20 09:04"),
    (12, 117, "2024-12-20 09:08", "2024-12-20 09:07"),
    (13, 117, "2024-12-20 09:12", "2024-12-20 09:11"),
    (14, 117, "2024-12-20 09:17", "2024-12-20 09:16"),
    (15, 117, "2024-12-20 09:25", "2024-12-20 09:24"),
    (16, 117, "2024-12-20 09:37", "2024-12-20 09:37"),
    
    -- 3861 from NY (4:30 PM)
    (16, 118, "2024-12-20 16:31", "2024-12-20 16:30"),
    (15, 118, "2024-12-20 16:41", "2024-12-20 16:40"),
    (14, 118, "2024-12-20 16:50", "2024-12-20 16:49"),
    (13, 118, "2024-12-20 16:56", "2024-12-20 16:55"),
    (12, 118, "2024-12-20 17:00", "2024-12-20 16:59"),
    (11, 118, "2024-12-20 17:03", "2024-12-20 17:02"),
    (10, 118, "2024-12-20 17:08", "2024-12-20 17:07"),
    (9, 118, "2024-12-20 17:12", "2024-12-20 17:11"),
    (8, 118, "2024-12-20 17:17", "2024-12-20 17:16"),
    (7, 118, "2024-12-20 17:22", "2024-12-20 17:21"),
    (6, 118, "2024-12-20 17:26", "2024-12-20 17:25"),
    (5, 118, "2024-12-20 17:30", "2024-12-20 17:29"),
    (3, 118, "2024-12-20 17:46", "2024-12-20 17:45"),
    (2, 118, "2024-12-20 17:53", "2024-12-20 17:52"),
    (1, 118, "2024-12-20 18:04", "2024-12-20 18:04"),
    
    -- 3725 from NY (5:08 PM)
    (16, 119, "2024-12-20 17:09", "2024-12-20 17:08"),
    (15, 119, "2024-12-20 17:29", "2024-12-20 17:18"),
    (14, 119, "2024-12-20 17:30", "2024-12-20 17:29"),
    (13, 119, "2024-12-20 17:36", "2024-12-20 17:35"),
    (8, 119, "2024-12-20 17:50", "2024-12-20 17:49"),
    (7, 119, "2024-12-20 17:55", "2024-12-20 17:54"),
    (6, 119, "2024-12-20 18:00", "2024-12-20 17:59"),
    (5, 119, "2024-12-20 18:04", "2024-12-20 18:04"),
    (4, 119, "2024-12-20 18:13", "2024-12-20 18:13"),
    
    -- 3873 from NY (6:14 PM)
    (16, 120, "2024-12-20 18:15", "2024-12-20 18:14"),
    (14, 120, "2024-12-20 18:31", "2024-12-20 18:30"),
    (13, 120, "2024-12-20 18:37", "2024-12-20 18:36"),
    (9, 120, "2024-12-20 18:47", "2024-12-20 18:46"),
    (8, 120, "2024-12-20 18:53", "2024-12-20 18:52"),
    (7, 120, "2024-12-20 18:58", "2024-12-20 18:57"),
    (6, 120, "2024-12-20 19:04", "2024-12-20 19:03"),
    (5, 120, "2024-12-20 19:08", "2024-12-20 19:07"),
    (4, 120, "2024-12-20 19:13", "2024-12-20 19:12"),
    (3, 120, "2024-12-20 19:25", "2024-12-20 19:24"),
    (2, 120, "2024-12-20 19:32", "2024-12-20 19:31"),
    (1, 120, "2024-12-20 19:43", "2024-12-20 19:43"),
             
-- 2024-12-21
    -- 3818 to NY (7:50 AM)
    (1, 121, "2024-12-21 06:12", "2024-12-21 06:11"),
    (2, 121, "2024-12-21 06:18", "2024-12-21 06:17"),
    (3, 121, "2024-12-21 06:26", "2024-12-21 06:25"),
    (5, 121, "2024-12-21 06:41", "2024-12-21 06:40"),
    (6, 121, "2024-12-21 06:46", "2024-12-21 06:45"),
    (7, 121, "2024-12-21 06:51", "2024-12-21 06:50"),
    (8, 121, "2024-12-21 06:56", "2024-12-21 06:55"),
    (9, 121, "2024-12-21 07:04", "2024-12-21 07:03"),
    (10, 121, "2024-12-21 07:09", "2024-12-21 07:08"),
    (11, 121, "2024-12-21 07:15", "2024-12-21 07:14"),
    (12, 121, "2024-12-21 07:18", "2024-12-21 07:17"),
    (13, 121, "2024-12-21 07:23", "2024-12-21 07:22"),
    (14, 121, "2024-12-21 07:30", "2024-12-21 07:29"),
    (15, 121, "2024-12-21 07:38", "2024-12-21 07:37"),
    (16, 121, "2024-12-21 07:50", "2024-12-21 07:50"),
    
    -- 3828 to NY (9:06 AM)
    (1, 122, "2024-12-21 07:24", "2024-12-21 07:23"),
    (2, 122, "2024-12-21 07:30", "2024-12-21 07:29"),
    (3, 122, "2024-12-21 07:37", "2024-12-21 07:36"),
    (5, 122, "2024-12-21 07:55", "2024-12-21 07:54"),
    (6, 122, "2024-12-21 08:00", "2024-12-21 07:59"),
    (7, 122, "2024-12-21 08:05", "2024-12-21 08:04"),
    (8, 122, "2024-12-21 08:10", "2024-12-21 08:09"),
    (9, 122, "2024-12-21 08:19", "2024-12-21 08:18"),
    (10, 122, "2024-12-21 08:24", "2024-12-21 08:23"),
    (11, 122, "2024-12-21 08:33", "2024-12-21 08:32"),
    (12, 122, "2024-12-21 08:36", "2024-12-21 08:35"),
    (13, 122, "2024-12-21 08:39", "2024-12-21 08:38"),
    (14, 122, "2024-12-21 08:45", "2024-12-21 08:44"),
    (15, 122, "2024-12-21 08:54", "2024-12-21 08:53"),
    (16, 122, "2024-12-21 09:06", "2024-12-21 09:06"),
    
    -- 3830 to NY (9:37 AM)
    (1, 123, "2024-12-21 08:01", "2024-12-21 08:00"),
    (2, 123, "2024-12-21 08:08", "2024-12-21 08:07"),
    (3, 123, "2024-12-21 08:15", "2024-12-21 08:14"),
    (5, 123, "2024-12-21 08:36", "2024-12-21 08:35"),
    (6, 123, "2024-12-21 08:40", "2024-12-21 08:39"),
    (7, 123, "2024-12-21 08:45", "2024-12-21 08:44"),
    (8, 123, "2024-12-21 08:49", "2024-12-21 08:48"),
    (9, 123, "2024-12-21 08:55", "2024-12-21 08:54"),
    (10, 123, "2024-12-21 08:59", "2024-12-21 08:58"),
    (11, 123, "2024-12-21 09:05", "2024-12-21 09:04"),
    (12, 123, "2024-12-21 09:08", "2024-12-21 09:07"),
    (13, 123, "2024-12-21 09:12", "2024-12-21 09:11"),
    (14, 123, "2024-12-21 09:17", "2024-12-21 09:16"),
    (15, 123, "2024-12-21 09:25", "2024-12-21 09:24"),
    (16, 123, "2024-12-21 09:37", "2024-12-21 09:37"),
    
    -- 3861 from NY (4:30 PM)
    (16, 124, "2024-12-21 16:31", "2024-12-21 16:30"),
    (15, 124, "2024-12-21 16:41", "2024-12-21 16:40"),
    (14, 124, "2024-12-21 16:50", "2024-12-21 16:49"),
    (13, 124, "2024-12-21 16:56", "2024-12-21 16:55"),
    (12, 124, "2024-12-21 17:00", "2024-12-21 16:59"),
    (11, 124, "2024-12-21 17:03", "2024-12-21 17:02"),
    (10, 124, "2024-12-21 17:08", "2024-12-21 17:07"),
    (9, 124, "2024-12-21 17:12", "2024-12-21 17:11"),
    (8, 124, "2024-12-21 17:17", "2024-12-21 17:16"),
    (7, 124, "2024-12-21 17:22", "2024-12-21 17:21"),
    (6, 124, "2024-12-21 17:26", "2024-12-21 17:25"),
    (5, 124, "2024-12-21 17:30", "2024-12-21 17:29"),
    (3, 124, "2024-12-21 17:46", "2024-12-21 17:45"),
    (2, 124, "2024-12-21 17:53", "2024-12-21 17:52"),
    (1, 124, "2024-12-21 18:04", "2024-12-21 18:04"),
    
    -- 3725 from NY (5:08 PM)
    (16, 125, "2024-12-21 17:09", "2024-12-21 17:08"),
    (15, 125, "2024-12-21 17:29", "2024-12-21 17:18"),
    (14, 125, "2024-12-21 17:30", "2024-12-21 17:29"),
    (13, 125, "2024-12-21 17:36", "2024-12-21 17:35"),
    (8, 125, "2024-12-21 17:50", "2024-12-21 17:49"),
    (7, 125, "2024-12-21 17:55", "2024-12-21 17:54"),
    (6, 125, "2024-12-21 18:00", "2024-12-21 17:59"),
    (5, 125, "2024-12-21 18:04", "2024-12-21 18:04"),
    (4, 125, "2024-12-21 18:13", "2024-12-21 18:13"),
    
    -- 3873 from NY (6:14 PM)
    (16, 126, "2024-12-21 18:15", "2024-12-21 18:14"),
    (14, 126, "2024-12-21 18:31", "2024-12-21 18:30"),
    (13, 126, "2024-12-21 18:37", "2024-12-21 18:36"),
    (9, 126, "2024-12-21 18:47", "2024-12-21 18:46"),
    (8, 126, "2024-12-21 18:53", "2024-12-21 18:52"),
    (7, 126, "2024-12-21 18:58", "2024-12-21 18:57"),
    (6, 126, "2024-12-21 19:04", "2024-12-21 19:03"),
    (5, 126, "2024-12-21 19:08", "2024-12-21 19:07"),
    (4, 126, "2024-12-21 19:13", "2024-12-21 19:12"),
    (3, 126, "2024-12-21 19:25", "2024-12-21 19:24"),
    (2, 126, "2024-12-21 19:32", "2024-12-21 19:31"),
    (1, 126, "2024-12-21 19:43", "2024-12-21 19:43"),
             
-- 2024-12-22
    -- 3818 to NY (7:50 AM)
    (1, 127, "2024-12-22 06:12", "2024-12-22 06:11"),
    (2, 127, "2024-12-22 06:18", "2024-12-22 06:17"),
    (3, 127, "2024-12-22 06:26", "2024-12-22 06:25"),
    (5, 127, "2024-12-22 06:41", "2024-12-22 06:40"),
    (6, 127, "2024-12-22 06:46", "2024-12-22 06:45"),
    (7, 127, "2024-12-22 06:51", "2024-12-22 06:50"),
    (8, 127, "2024-12-22 06:56", "2024-12-22 06:55"),
    (9, 127, "2024-12-22 07:04", "2024-12-22 07:03"),
    (10, 127, "2024-12-22 07:09", "2024-12-22 07:08"),
    (11, 127, "2024-12-22 07:15", "2024-12-22 07:14"),
    (12, 127, "2024-12-22 07:18", "2024-12-22 07:17"),
    (13, 127, "2024-12-22 07:23", "2024-12-22 07:22"),
    (14, 127, "2024-12-22 07:30", "2024-12-22 07:29"),
    (15, 127, "2024-12-22 07:38", "2024-12-22 07:37"),
    (16, 127, "2024-12-22 07:50", "2024-12-22 07:50"),
    
    -- 3828 to NY (9:06 AM)
    (1, 128, "2024-12-22 07:24", "2024-12-22 07:23"),
    (2, 128, "2024-12-22 07:30", "2024-12-22 07:29"),
    (3, 128, "2024-12-22 07:37", "2024-12-22 07:36"),
    (5, 128, "2024-12-22 07:55", "2024-12-22 07:54"),
    (6, 128, "2024-12-22 08:00", "2024-12-22 07:59"),
    (7, 128, "2024-12-22 08:05", "2024-12-22 08:04"),
    (8, 128, "2024-12-22 08:10", "2024-12-22 08:09"),
    (9, 128, "2024-12-22 08:19", "2024-12-22 08:18"),
    (10, 128, "2024-12-22 08:24", "2024-12-22 08:23"),
    (11, 128, "2024-12-22 08:33", "2024-12-22 08:32"),
    (12, 128, "2024-12-22 08:36", "2024-12-22 08:35"),
    (13, 128, "2024-12-22 08:39", "2024-12-22 08:38"),
    (14, 128, "2024-12-22 08:45", "2024-12-22 08:44"),
    (15, 128, "2024-12-22 08:54", "2024-12-22 08:53"),
    (16, 128, "2024-12-22 09:06", "2024-12-22 09:06"),
    
    -- 3830 to NY (9:37 AM)
    (1, 129, "2024-12-22 08:01", "2024-12-22 08:00"),
    (2, 129, "2024-12-22 08:08", "2024-12-22 08:07"),
    (3, 129, "2024-12-22 08:15", "2024-12-22 08:14"),
    (5, 129, "2024-12-22 08:36", "2024-12-22 08:35"),
    (6, 129, "2024-12-22 08:40", "2024-12-22 08:39"),
    (7, 129, "2024-12-22 08:45", "2024-12-22 08:44"),
    (8, 129, "2024-12-22 08:49", "2024-12-22 08:48"),
    (9, 129, "2024-12-22 08:55", "2024-12-22 08:54"),
    (10, 129, "2024-12-22 08:59", "2024-12-22 08:58"),
    (11, 129, "2024-12-22 09:05", "2024-12-22 09:04"),
    (12, 129, "2024-12-22 09:08", "2024-12-22 09:07"),
    (13, 129, "2024-12-22 09:12", "2024-12-22 09:11"),
    (14, 129, "2024-12-22 09:17", "2024-12-22 09:16"),
    (15, 129, "2024-12-22 09:25", "2024-12-22 09:24"),
    (16, 129, "2024-12-22 09:37", "2024-12-22 09:37"),
    
    -- 3861 from NY (4:30 PM)
    (16, 130, "2024-12-22 16:31", "2024-12-22 16:30"),
    (15, 130, "2024-12-22 16:41", "2024-12-22 16:40"),
    (14, 130, "2024-12-22 16:50", "2024-12-22 16:49"),
    (13, 130, "2024-12-22 16:56", "2024-12-22 16:55"),
    (12, 130, "2024-12-22 17:00", "2024-12-22 16:59"),
    (11, 130, "2024-12-22 17:03", "2024-12-22 17:02"),
    (10, 130, "2024-12-22 17:08", "2024-12-22 17:07"),
    (9, 130, "2024-12-22 17:12", "2024-12-22 17:11"),
    (8, 130, "2024-12-22 17:17", "2024-12-22 17:16"),
    (7, 130, "2024-12-22 17:22", "2024-12-22 17:21"),
    (6, 130, "2024-12-22 17:26", "2024-12-22 17:25"),
    (5, 130, "2024-12-22 17:30", "2024-12-22 17:29"),
    (3, 130, "2024-12-22 17:46", "2024-12-22 17:45"),
    (2, 130, "2024-12-22 17:53", "2024-12-22 17:52"),
    (1, 130, "2024-12-22 18:04", "2024-12-22 18:04"),
    
    -- 3725 from NY (5:08 PM)
    (16, 131, "2024-12-22 17:09", "2024-12-22 17:08"),
    (15, 131, "2024-12-22 17:29", "2024-12-22 17:18"),
    (14, 131, "2024-12-22 17:30", "2024-12-22 17:29"),
    (13, 131, "2024-12-22 17:36", "2024-12-22 17:35"),
    (8, 131, "2024-12-22 17:50", "2024-12-22 17:49"),
    (7, 131, "2024-12-22 17:55", "2024-12-22 17:54"),
    (6, 131, "2024-12-22 18:00", "2024-12-22 17:59"),
    (5, 131, "2024-12-22 18:04", "2024-12-22 18:04"),
    (4, 131, "2024-12-22 18:13", "2024-12-22 18:13"),
    
    -- 3873 from NY (6:14 PM)
    (16, 132, "2024-12-22 18:15", "2024-12-22 18:14"),
    (14, 132, "2024-12-22 18:31", "2024-12-22 18:30"),
    (13, 132, "2024-12-22 18:37", "2024-12-22 18:36"),
    (9, 132, "2024-12-22 18:47", "2024-12-22 18:46"),
    (8, 132, "2024-12-22 18:53", "2024-12-22 18:52"),
    (7, 132, "2024-12-22 18:58", "2024-12-22 18:57"),
    (6, 132, "2024-12-22 19:04", "2024-12-22 19:03"),
    (5, 132, "2024-12-22 19:08", "2024-12-22 19:07"),
    (4, 132, "2024-12-22 19:13", "2024-12-22 19:12"),
    (3, 132, "2024-12-22 19:25", "2024-12-22 19:24"),
    (2, 132, "2024-12-22 19:32", "2024-12-22 19:31"),
    (1, 132, "2024-12-22 19:43", "2024-12-22 19:43"),
             
-- 2024-12-23
    -- 3818 to NY (7:50 AM)
    (1, 133, "2024-12-23 06:12", "2024-12-23 06:11"),
    (2, 133, "2024-12-23 06:18", "2024-12-23 06:17"),
    (3, 133, "2024-12-23 06:26", "2024-12-23 06:25"),
    (5, 133, "2024-12-23 06:41", "2024-12-23 06:40"),
    (6, 133, "2024-12-23 06:46", "2024-12-23 06:45"),
    (7, 133, "2024-12-23 06:51", "2024-12-23 06:50"),
    (8, 133, "2024-12-23 06:56", "2024-12-23 06:55"),
    (9, 133, "2024-12-23 07:04", "2024-12-23 07:03"),
    (10, 133, "2024-12-23 07:09", "2024-12-23 07:08"),
    (11, 133, "2024-12-23 07:15", "2024-12-23 07:14"),
    (12, 133, "2024-12-23 07:18", "2024-12-23 07:17"),
    (13, 133, "2024-12-23 07:23", "2024-12-23 07:22"),
    (14, 133, "2024-12-23 07:30", "2024-12-23 07:29"),
    (15, 133, "2024-12-23 07:38", "2024-12-23 07:37"),
    (16, 133, "2024-12-23 07:50", "2024-12-23 07:50"),
    
    -- 3828 to NY (9:06 AM)
    (1, 134, "2024-12-23 07:24", "2024-12-23 07:23"),
    (2, 134, "2024-12-23 07:30", "2024-12-23 07:29"),
    (3, 134, "2024-12-23 07:37", "2024-12-23 07:36"),
    (5, 134, "2024-12-23 07:55", "2024-12-23 07:54"),
    (6, 134, "2024-12-23 08:00", "2024-12-23 07:59"),
    (7, 134, "2024-12-23 08:05", "2024-12-23 08:04"),
    (8, 134, "2024-12-23 08:10", "2024-12-23 08:09"),
    (9, 134, "2024-12-23 08:19", "2024-12-23 08:18"),
    (10, 134, "2024-12-23 08:24", "2024-12-23 08:23"),
    (11, 134, "2024-12-23 08:33", "2024-12-23 08:32"),
    (12, 134, "2024-12-23 08:36", "2024-12-23 08:35"),
    (13, 134, "2024-12-23 08:39", "2024-12-23 08:38"),
    (14, 134, "2024-12-23 08:45", "2024-12-23 08:44"),
    (15, 134, "2024-12-23 08:54", "2024-12-23 08:53"),
    (16, 134, "2024-12-23 09:06", "2024-12-23 09:06"),
    
    -- 3830 to NY (9:37 AM)
    (1, 135, "2024-12-23 08:01", "2024-12-23 08:00"),
    (2, 135, "2024-12-23 08:08", "2024-12-23 08:07"),
    (3, 135, "2024-12-23 08:15", "2024-12-23 08:14"),
    (5, 135, "2024-12-23 08:36", "2024-12-23 08:35"),
    (6, 135, "2024-12-23 08:40", "2024-12-23 08:39"),
    (7, 135, "2024-12-23 08:45", "2024-12-23 08:44"),
    (8, 135, "2024-12-23 08:49", "2024-12-23 08:48"),
    (9, 135, "2024-12-23 08:55", "2024-12-23 08:54"),
    (10, 135, "2024-12-23 08:59", "2024-12-23 08:58"),
    (11, 135, "2024-12-23 09:05", "2024-12-23 09:04"),
    (12, 135, "2024-12-23 09:08", "2024-12-23 09:07"),
    (13, 135, "2024-12-23 09:12", "2024-12-23 09:11"),
    (14, 135, "2024-12-23 09:17", "2024-12-23 09:16"),
    (15, 135, "2024-12-23 09:25", "2024-12-23 09:24"),
    (16, 135, "2024-12-23 09:37", "2024-12-23 09:37"),
    
    -- 3861 from NY (4:30 PM)
    (16, 136, "2024-12-23 16:31", "2024-12-23 16:30"),
    (15, 136, "2024-12-23 16:41", "2024-12-23 16:40"),
    (14, 136, "2024-12-23 16:50", "2024-12-23 16:49"),
    (13, 136, "2024-12-23 16:56", "2024-12-23 16:55"),
    (12, 136, "2024-12-23 17:00", "2024-12-23 16:59"),
    (11, 136, "2024-12-23 17:03", "2024-12-23 17:02"),
    (10, 136, "2024-12-23 17:08", "2024-12-23 17:07"),
    (9, 136, "2024-12-23 17:12", "2024-12-23 17:11"),
    (8, 136, "2024-12-23 17:17", "2024-12-23 17:16"),
    (7, 136, "2024-12-23 17:22", "2024-12-23 17:21"),
    (6, 136, "2024-12-23 17:26", "2024-12-23 17:25"),
    (5, 136, "2024-12-23 17:30", "2024-12-23 17:29"),
    (3, 136, "2024-12-23 17:46", "2024-12-23 17:45"),
    (2, 136, "2024-12-23 17:53", "2024-12-23 17:52"),
    (1, 136, "2024-12-23 18:04", "2024-12-23 18:04"),
    
    -- 3725 from NY (5:08 PM)
    (16, 137, "2024-12-23 17:09", "2024-12-23 17:08"),
    (15, 137, "2024-12-23 17:29", "2024-12-23 17:18"),
    (14, 137, "2024-12-23 17:30", "2024-12-23 17:29"),
    (13, 137, "2024-12-23 17:36", "2024-12-23 17:35"),
    (8, 137, "2024-12-23 17:50", "2024-12-23 17:49"),
    (7, 137, "2024-12-23 17:55", "2024-12-23 17:54"),
    (6, 137, "2024-12-23 18:00", "2024-12-23 17:59"),
    (5, 137, "2024-12-23 18:04", "2024-12-23 18:04"),
    (4, 137, "2024-12-23 18:13", "2024-12-23 18:13"),
    
    -- 3873 from NY (6:14 PM)
    (16, 138, "2024-12-23 18:15", "2024-12-23 18:14"),
    (14, 138, "2024-12-23 18:31", "2024-12-23 18:30"),
    (13, 138, "2024-12-23 18:37", "2024-12-23 18:36"),
    (9, 138, "2024-12-23 18:47", "2024-12-23 18:46"),
    (8, 138, "2024-12-23 18:53", "2024-12-23 18:52"),
    (7, 138, "2024-12-23 18:58", "2024-12-23 18:57"),
    (6, 138, "2024-12-23 19:04", "2024-12-23 19:03"),
    (5, 138, "2024-12-23 19:08", "2024-12-23 19:07"),
    (4, 138, "2024-12-23 19:13", "2024-12-23 19:12"),
    (3, 138, "2024-12-23 19:25", "2024-12-23 19:24"),
    (2, 138, "2024-12-23 19:32", "2024-12-23 19:31"),
    (1, 138, "2024-12-23 19:43", "2024-12-23 19:43"),
             
-- 2024-12-24
    -- 3818 to NY (7:50 AM)
    (1, 139, "2024-12-24 06:12", "2024-12-24 06:11"),
    (2, 139, "2024-12-24 06:18", "2024-12-24 06:17"),
    (3, 139, "2024-12-24 06:26", "2024-12-24 06:25"),
    (5, 139, "2024-12-24 06:41", "2024-12-24 06:40"),
    (6, 139, "2024-12-24 06:46", "2024-12-24 06:45"),
    (7, 139, "2024-12-24 06:51", "2024-12-24 06:50"),
    (8, 139, "2024-12-24 06:56", "2024-12-24 06:55"),
    (9, 139, "2024-12-24 07:04", "2024-12-24 07:03"),
    (10, 139, "2024-12-24 07:09", "2024-12-24 07:08"),
    (11, 139, "2024-12-24 07:15", "2024-12-24 07:14"),
    (12, 139, "2024-12-24 07:18", "2024-12-24 07:17"),
    (13, 139, "2024-12-24 07:23", "2024-12-24 07:22"),
    (14, 139, "2024-12-24 07:30", "2024-12-24 07:29"),
    (15, 139, "2024-12-24 07:38", "2024-12-24 07:37"),
    (16, 139, "2024-12-24 07:50", "2024-12-24 07:50"),
    
    -- 3828 to NY (9:06 AM)
    (1, 140, "2024-12-24 07:24", "2024-12-24 07:23"),
    (2, 140, "2024-12-24 07:30", "2024-12-24 07:29"),
    (3, 140, "2024-12-24 07:37", "2024-12-24 07:36"),
    (5, 140, "2024-12-24 07:55", "2024-12-24 07:54"),
    (6, 140, "2024-12-24 08:00", "2024-12-24 07:59"),
    (7, 140, "2024-12-24 08:05", "2024-12-24 08:04"),
    (8, 140, "2024-12-24 08:10", "2024-12-24 08:09"),
    (9, 140, "2024-12-24 08:19", "2024-12-24 08:18"),
    (10, 140, "2024-12-24 08:24", "2024-12-24 08:23"),
    (11, 140, "2024-12-24 08:33", "2024-12-24 08:32"),
    (12, 140, "2024-12-24 08:36", "2024-12-24 08:35"),
    (13, 140, "2024-12-24 08:39", "2024-12-24 08:38"),
    (14, 140, "2024-12-24 08:45", "2024-12-24 08:44"),
    (15, 140, "2024-12-24 08:54", "2024-12-24 08:53"),
    (16, 140, "2024-12-24 09:06", "2024-12-24 09:06"),
    
    -- 3830 to NY (9:37 AM)
    (1, 141, "2024-12-24 08:01", "2024-12-24 08:00"),
    (2, 141, "2024-12-24 08:08", "2024-12-24 08:07"),
    (3, 141, "2024-12-24 08:15", "2024-12-24 08:14"),
    (5, 141, "2024-12-24 08:36", "2024-12-24 08:35"),
    (6, 141, "2024-12-24 08:40", "2024-12-24 08:39"),
    (7, 141, "2024-12-24 08:45", "2024-12-24 08:44"),
    (8, 141, "2024-12-24 08:49", "2024-12-24 08:48"),
    (9, 141, "2024-12-24 08:55", "2024-12-24 08:54"),
    (10, 141, "2024-12-24 08:59", "2024-12-24 08:58"),
    (11, 141, "2024-12-24 09:05", "2024-12-24 09:04"),
    (12, 141, "2024-12-24 09:08", "2024-12-24 09:07"),
    (13, 141, "2024-12-24 09:12", "2024-12-24 09:11"),
    (14, 141, "2024-12-24 09:17", "2024-12-24 09:16"),
    (15, 141, "2024-12-24 09:25", "2024-12-24 09:24"),
    (16, 141, "2024-12-24 09:37", "2024-12-24 09:37"),
    
    -- 3861 from NY (4:30 PM)
    (16, 142, "2024-12-24 16:31", "2024-12-24 16:30"),
    (15, 142, "2024-12-24 16:41", "2024-12-24 16:40"),
    (14, 142, "2024-12-24 16:50", "2024-12-24 16:49"),
    (13, 142, "2024-12-24 16:56", "2024-12-24 16:55"),
    (12, 142, "2024-12-24 17:00", "2024-12-24 16:59"),
    (11, 142, "2024-12-24 17:03", "2024-12-24 17:02"),
    (10, 142, "2024-12-24 17:08", "2024-12-24 17:07"),
    (9, 142, "2024-12-24 17:12", "2024-12-24 17:11"),
    (8, 142, "2024-12-24 17:17", "2024-12-24 17:16"),
    (7, 142, "2024-12-24 17:22", "2024-12-24 17:21"),
    (6, 142, "2024-12-24 17:26", "2024-12-24 17:25"),
    (5, 142, "2024-12-24 17:30", "2024-12-24 17:29"),
    (3, 142, "2024-12-24 17:46", "2024-12-24 17:45"),
    (2, 142, "2024-12-24 17:53", "2024-12-24 17:52"),
    (1, 142, "2024-12-24 18:04", "2024-12-24 18:04"),
    
    -- 3725 from NY (5:08 PM)
    (16, 143, "2024-12-24 17:09", "2024-12-24 17:08"),
    (15, 143, "2024-12-24 17:29", "2024-12-24 17:18"),
    (14, 143, "2024-12-24 17:30", "2024-12-24 17:29"),
    (13, 143, "2024-12-24 17:36", "2024-12-24 17:35"),
    (8, 143, "2024-12-24 17:50", "2024-12-24 17:49"),
    (7, 143, "2024-12-24 17:55", "2024-12-24 17:54"),
    (6, 143, "2024-12-24 18:00", "2024-12-24 17:59"),
    (5, 143, "2024-12-24 18:04", "2024-12-24 18:04"),
    (4, 143, "2024-12-24 18:13", "2024-12-24 18:13"),
    
    -- 3873 from NY (6:14 PM)
    (16, 144, "2024-12-24 18:15", "2024-12-24 18:14"),
    (14, 144, "2024-12-24 18:31", "2024-12-24 18:30"),
    (13, 144, "2024-12-24 18:37", "2024-12-24 18:36"),
    (9, 144, "2024-12-24 18:47", "2024-12-24 18:46"),
    (8, 144, "2024-12-24 18:53", "2024-12-24 18:52"),
    (7, 144, "2024-12-24 18:58", "2024-12-24 18:57"),
    (6, 144, "2024-12-24 19:04", "2024-12-24 19:03"),
    (5, 144, "2024-12-24 19:08", "2024-12-24 19:07"),
    (4, 144, "2024-12-24 19:13", "2024-12-24 19:12"),
    (3, 144, "2024-12-24 19:25", "2024-12-24 19:24"),
    (2, 144, "2024-12-24 19:32", "2024-12-24 19:31"),
    (1, 144, "2024-12-24 19:43", "2024-12-24 19:43"),
             
-- 2024-12-25
    -- 3818 to NY (7:50 AM)
    (1, 145, "2024-12-25 06:12", "2024-12-25 06:11"),
    (2, 145, "2024-12-25 06:18", "2024-12-25 06:17"),
    (3, 145, "2024-12-25 06:26", "2024-12-25 06:25"),
    (5, 145, "2024-12-25 06:41", "2024-12-25 06:40"),
    (6, 145, "2024-12-25 06:46", "2024-12-25 06:45"),
    (7, 145, "2024-12-25 06:51", "2024-12-25 06:50"),
    (8, 145, "2024-12-25 06:56", "2024-12-25 06:55"),
    (9, 145, "2024-12-25 07:04", "2024-12-25 07:03"),
    (10, 145, "2024-12-25 07:09", "2024-12-25 07:08"),
    (11, 145, "2024-12-25 07:15", "2024-12-25 07:14"),
    (12, 145, "2024-12-25 07:18", "2024-12-25 07:17"),
    (13, 145, "2024-12-25 07:23", "2024-12-25 07:22"),
    (14, 145, "2024-12-25 07:30", "2024-12-25 07:29"),
    (15, 145, "2024-12-25 07:38", "2024-12-25 07:37"),
    (16, 145, "2024-12-25 07:50", "2024-12-25 07:50"),
    
    -- 3828 to NY (9:06 AM)
    (1, 146, "2024-12-25 07:24", "2024-12-25 07:23"),
    (2, 146, "2024-12-25 07:30", "2024-12-25 07:29"),
    (3, 146, "2024-12-25 07:37", "2024-12-25 07:36"),
    (5, 146, "2024-12-25 07:55", "2024-12-25 07:54"),
    (6, 146, "2024-12-25 08:00", "2024-12-25 07:59"),
    (7, 146, "2024-12-25 08:05", "2024-12-25 08:04"),
    (8, 146, "2024-12-25 08:10", "2024-12-25 08:09"),
    (9, 146, "2024-12-25 08:19", "2024-12-25 08:18"),
    (10, 146, "2024-12-25 08:24", "2024-12-25 08:23"),
    (11, 146, "2024-12-25 08:33", "2024-12-25 08:32"),
    (12, 146, "2024-12-25 08:36", "2024-12-25 08:35"),
    (13, 146, "2024-12-25 08:39", "2024-12-25 08:38"),
    (14, 146, "2024-12-25 08:45", "2024-12-25 08:44"),
    (15, 146, "2024-12-25 08:54", "2024-12-25 08:53"),
    (16, 146, "2024-12-25 09:06", "2024-12-25 09:06"),
    
    -- 3830 to NY (9:37 AM)
    (1, 147, "2024-12-25 08:01", "2024-12-25 08:00"),
    (2, 147, "2024-12-25 08:08", "2024-12-25 08:07"),
    (3, 147, "2024-12-25 08:15", "2024-12-25 08:14"),
    (5, 147, "2024-12-25 08:36", "2024-12-25 08:35"),
    (6, 147, "2024-12-25 08:40", "2024-12-25 08:39"),
    (7, 147, "2024-12-25 08:45", "2024-12-25 08:44"),
    (8, 147, "2024-12-25 08:49", "2024-12-25 08:48"),
    (9, 147, "2024-12-25 08:55", "2024-12-25 08:54"),
    (10, 147, "2024-12-25 08:59", "2024-12-25 08:58"),
    (11, 147, "2024-12-25 09:05", "2024-12-25 09:04"),
    (12, 147, "2024-12-25 09:08", "2024-12-25 09:07"),
    (13, 147, "2024-12-25 09:12", "2024-12-25 09:11"),
    (14, 147, "2024-12-25 09:17", "2024-12-25 09:16"),
    (15, 147, "2024-12-25 09:25", "2024-12-25 09:24"),
    (16, 147, "2024-12-25 09:37", "2024-12-25 09:37"),
    
    -- 3861 from NY (4:30 PM)
    (16, 148, "2024-12-25 16:31", "2024-12-25 16:30"),
    (15, 148, "2024-12-25 16:41", "2024-12-25 16:40"),
    (14, 148, "2024-12-25 16:50", "2024-12-25 16:49"),
    (13, 148, "2024-12-25 16:56", "2024-12-25 16:55"),
    (12, 148, "2024-12-25 17:00", "2024-12-25 16:59"),
    (11, 148, "2024-12-25 17:03", "2024-12-25 17:02"),
    (10, 148, "2024-12-25 17:08", "2024-12-25 17:07"),
    (9, 148, "2024-12-25 17:12", "2024-12-25 17:11"),
    (8, 148, "2024-12-25 17:17", "2024-12-25 17:16"),
    (7, 148, "2024-12-25 17:22", "2024-12-25 17:21"),
    (6, 148, "2024-12-25 17:26", "2024-12-25 17:25"),
    (5, 148, "2024-12-25 17:30", "2024-12-25 17:29"),
    (3, 148, "2024-12-25 17:46", "2024-12-25 17:45"),
    (2, 148, "2024-12-25 17:53", "2024-12-25 17:52"),
    (1, 148, "2024-12-25 18:04", "2024-12-25 18:04"),
    
    -- 3725 from NY (5:08 PM)
    (16, 149, "2024-12-25 17:09", "2024-12-25 17:08"),
    (15, 149, "2024-12-25 17:29", "2024-12-25 17:18"),
    (14, 149, "2024-12-25 17:30", "2024-12-25 17:29"),
    (13, 149, "2024-12-25 17:36", "2024-12-25 17:35"),
    (8, 149, "2024-12-25 17:50", "2024-12-25 17:49"),
    (7, 149, "2024-12-25 17:55", "2024-12-25 17:54"),
    (6, 149, "2024-12-25 18:00", "2024-12-25 17:59"),
    (5, 149, "2024-12-25 18:04", "2024-12-25 18:04"),
    (4, 149, "2024-12-25 18:13", "2024-12-25 18:13"),
    
    -- 3873 from NY (6:14 PM)
    (16, 150, "2024-12-25 18:15", "2024-12-25 18:14"),
    (14, 150, "2024-12-25 18:31", "2024-12-25 18:30"),
    (13, 150, "2024-12-25 18:37", "2024-12-25 18:36"),
    (9, 150, "2024-12-25 18:47", "2024-12-25 18:46"),
    (8, 150, "2024-12-25 18:53", "2024-12-25 18:52"),
    (7, 150, "2024-12-25 18:58", "2024-12-25 18:57"),
    (6, 150, "2024-12-25 19:04", "2024-12-25 19:03"),
    (5, 150, "2024-12-25 19:08", "2024-12-25 19:07"),
    (4, 150, "2024-12-25 19:13", "2024-12-25 19:12"),
    (3, 150, "2024-12-25 19:25", "2024-12-25 19:24"),
    (2, 150, "2024-12-25 19:32", "2024-12-25 19:31"),
    (1, 150, "2024-12-25 19:43", "2024-12-25 19:43"),
             
-- 2024-12-26
    -- 3818 to NY (7:50 AM)
    (1, 151, "2024-12-26 06:12", "2024-12-26 06:11"),
    (2, 151, "2024-12-26 06:18", "2024-12-26 06:17"),
    (3, 151, "2024-12-26 06:26", "2024-12-26 06:25"),
    (5, 151, "2024-12-26 06:41", "2024-12-26 06:40"),
    (6, 151, "2024-12-26 06:46", "2024-12-26 06:45"),
    (7, 151, "2024-12-26 06:51", "2024-12-26 06:50"),
    (8, 151, "2024-12-26 06:56", "2024-12-26 06:55"),
    (9, 151, "2024-12-26 07:04", "2024-12-26 07:03"),
    (10, 151, "2024-12-26 07:09", "2024-12-26 07:08"),
    (11, 151, "2024-12-26 07:15", "2024-12-26 07:14"),
    (12, 151, "2024-12-26 07:18", "2024-12-26 07:17"),
    (13, 151, "2024-12-26 07:23", "2024-12-26 07:22"),
    (14, 151, "2024-12-26 07:30", "2024-12-26 07:29"),
    (15, 151, "2024-12-26 07:38", "2024-12-26 07:37"),
    (16, 151, "2024-12-26 07:50", "2024-12-26 07:50"),
    
    -- 3828 to NY (9:06 AM)
    (1, 152, "2024-12-26 07:24", "2024-12-26 07:23"),
    (2, 152, "2024-12-26 07:30", "2024-12-26 07:29"),
    (3, 152, "2024-12-26 07:37", "2024-12-26 07:36"),
    (5, 152, "2024-12-26 07:55", "2024-12-26 07:54"),
    (6, 152, "2024-12-26 08:00", "2024-12-26 07:59"),
    (7, 152, "2024-12-26 08:05", "2024-12-26 08:04"),
    (8, 152, "2024-12-26 08:10", "2024-12-26 08:09"),
    (9, 152, "2024-12-26 08:19", "2024-12-26 08:18"),
    (10, 152, "2024-12-26 08:24", "2024-12-26 08:23"),
    (11, 152, "2024-12-26 08:33", "2024-12-26 08:32"),
    (12, 152, "2024-12-26 08:36", "2024-12-26 08:35"),
    (13, 152, "2024-12-26 08:39", "2024-12-26 08:38"),
    (14, 152, "2024-12-26 08:45", "2024-12-26 08:44"),
    (15, 152, "2024-12-26 08:54", "2024-12-26 08:53"),
    (16, 152, "2024-12-26 09:06", "2024-12-26 09:06"),
    
    -- 3830 to NY (9:37 AM)
    (1, 153, "2024-12-26 08:01", "2024-12-26 08:00"),
    (2, 153, "2024-12-26 08:08", "2024-12-26 08:07"),
    (3, 153, "2024-12-26 08:15", "2024-12-26 08:14"),
    (5, 153, "2024-12-26 08:36", "2024-12-26 08:35"),
    (6, 153, "2024-12-26 08:40", "2024-12-26 08:39"),
    (7, 153, "2024-12-26 08:45", "2024-12-26 08:44"),
    (8, 153, "2024-12-26 08:49", "2024-12-26 08:48"),
    (9, 153, "2024-12-26 08:55", "2024-12-26 08:54"),
    (10, 153, "2024-12-26 08:59", "2024-12-26 08:58"),
    (11, 153, "2024-12-26 09:05", "2024-12-26 09:04"),
    (12, 153, "2024-12-26 09:08", "2024-12-26 09:07"),
    (13, 153, "2024-12-26 09:12", "2024-12-26 09:11"),
    (14, 153, "2024-12-26 09:17", "2024-12-26 09:16"),
    (15, 153, "2024-12-26 09:25", "2024-12-26 09:24"),
    (16, 153, "2024-12-26 09:37", "2024-12-26 09:37"),
    
    -- 3861 from NY (4:30 PM)
    (16, 154, "2024-12-26 16:31", "2024-12-26 16:30"),
    (15, 154, "2024-12-26 16:41", "2024-12-26 16:40"),
    (14, 154, "2024-12-26 16:50", "2024-12-26 16:49"),
    (13, 154, "2024-12-26 16:56", "2024-12-26 16:55"),
    (12, 154, "2024-12-26 17:00", "2024-12-26 16:59"),
    (11, 154, "2024-12-26 17:03", "2024-12-26 17:02"),
    (10, 154, "2024-12-26 17:08", "2024-12-26 17:07"),
    (9, 154, "2024-12-26 17:12", "2024-12-26 17:11"),
    (8, 154, "2024-12-26 17:17", "2024-12-26 17:16"),
    (7, 154, "2024-12-26 17:22", "2024-12-26 17:21"),
    (6, 154, "2024-12-26 17:26", "2024-12-26 17:25"),
    (5, 154, "2024-12-26 17:30", "2024-12-26 17:29"),
    (3, 154, "2024-12-26 17:46", "2024-12-26 17:45"),
    (2, 154, "2024-12-26 17:53", "2024-12-26 17:52"),
    (1, 154, "2024-12-26 18:04", "2024-12-26 18:04"),
    
    -- 3725 from NY (5:08 PM)
    (16, 155, "2024-12-26 17:09", "2024-12-26 17:08"),
    (15, 155, "2024-12-26 17:29", "2024-12-26 17:18"),
    (14, 155, "2024-12-26 17:30", "2024-12-26 17:29"),
    (13, 155, "2024-12-26 17:36", "2024-12-26 17:35"),
    (8, 155, "2024-12-26 17:50", "2024-12-26 17:49"),
    (7, 155, "2024-12-26 17:55", "2024-12-26 17:54"),
    (6, 155, "2024-12-26 18:00", "2024-12-26 17:59"),
    (5, 155, "2024-12-26 18:04", "2024-12-26 18:04"),
    (4, 155, "2024-12-26 18:13", "2024-12-26 18:13"),
    
    -- 3873 from NY (6:14 PM)
    (16, 156, "2024-12-26 18:15", "2024-12-26 18:14"),
    (14, 156, "2024-12-26 18:31", "2024-12-26 18:30"),
    (13, 156, "2024-12-26 18:37", "2024-12-26 18:36"),
    (9, 156, "2024-12-26 18:47", "2024-12-26 18:46"),
    (8, 156, "2024-12-26 18:53", "2024-12-26 18:52"),
    (7, 156, "2024-12-26 18:58", "2024-12-26 18:57"),
    (6, 156, "2024-12-26 19:04", "2024-12-26 19:03"),
    (5, 156, "2024-12-26 19:08", "2024-12-26 19:07"),
    (4, 156, "2024-12-26 19:13", "2024-12-26 19:12"),
    (3, 156, "2024-12-26 19:25", "2024-12-26 19:24"),
    (2, 156, "2024-12-26 19:32", "2024-12-26 19:31"),
    (1, 156, "2024-12-26 19:43", "2024-12-26 19:43"),
             
-- 2024-12-27
    -- 3818 to NY (7:50 AM)
    (1, 157, "2024-12-27 06:12", "2024-12-27 06:11"),
    (2, 157, "2024-12-27 06:18", "2024-12-27 06:17"),
    (3, 157, "2024-12-27 06:26", "2024-12-27 06:25"),
    (5, 157, "2024-12-27 06:41", "2024-12-27 06:40"),
    (6, 157, "2024-12-27 06:46", "2024-12-27 06:45"),
    (7, 157, "2024-12-27 06:51", "2024-12-27 06:50"),
    (8, 157, "2024-12-27 06:56", "2024-12-27 06:55"),
    (9, 157, "2024-12-27 07:04", "2024-12-27 07:03"),
    (10, 157, "2024-12-27 07:09", "2024-12-27 07:08"),
    (11, 157, "2024-12-27 07:15", "2024-12-27 07:14"),
    (12, 157, "2024-12-27 07:18", "2024-12-27 07:17"),
    (13, 157, "2024-12-27 07:23", "2024-12-27 07:22"),
    (14, 157, "2024-12-27 07:30", "2024-12-27 07:29"),
    (15, 157, "2024-12-27 07:38", "2024-12-27 07:37"),
    (16, 157, "2024-12-27 07:50", "2024-12-27 07:50"),
    
    -- 3828 to NY (9:06 AM)
    (1, 158, "2024-12-27 07:24", "2024-12-27 07:23"),
    (2, 158, "2024-12-27 07:30", "2024-12-27 07:29"),
    (3, 158, "2024-12-27 07:37", "2024-12-27 07:36"),
    (5, 158, "2024-12-27 07:55", "2024-12-27 07:54"),
    (6, 158, "2024-12-27 08:00", "2024-12-27 07:59"),
    (7, 158, "2024-12-27 08:05", "2024-12-27 08:04"),
    (8, 158, "2024-12-27 08:10", "2024-12-27 08:09"),
    (9, 158, "2024-12-27 08:19", "2024-12-27 08:18"),
    (10, 158, "2024-12-27 08:24", "2024-12-27 08:23"),
    (11, 158, "2024-12-27 08:33", "2024-12-27 08:32"),
    (12, 158, "2024-12-27 08:36", "2024-12-27 08:35"),
    (13, 158, "2024-12-27 08:39", "2024-12-27 08:38"),
    (14, 158, "2024-12-27 08:45", "2024-12-27 08:44"),
    (15, 158, "2024-12-27 08:54", "2024-12-27 08:53"),
    (16, 158, "2024-12-27 09:06", "2024-12-27 09:06"),
    
    -- 3830 to NY (9:37 AM)
    (1, 159, "2024-12-27 08:01", "2024-12-27 08:00"),
    (2, 159, "2024-12-27 08:08", "2024-12-27 08:07"),
    (3, 159, "2024-12-27 08:15", "2024-12-27 08:14"),
    (5, 159, "2024-12-27 08:36", "2024-12-27 08:35"),
    (6, 159, "2024-12-27 08:40", "2024-12-27 08:39"),
    (7, 159, "2024-12-27 08:45", "2024-12-27 08:44"),
    (8, 159, "2024-12-27 08:49", "2024-12-27 08:48"),
    (9, 159, "2024-12-27 08:55", "2024-12-27 08:54"),
    (10, 159, "2024-12-27 08:59", "2024-12-27 08:58"),
    (11, 159, "2024-12-27 09:05", "2024-12-27 09:04"),
    (12, 159, "2024-12-27 09:08", "2024-12-27 09:07"),
    (13, 159, "2024-12-27 09:12", "2024-12-27 09:11"),
    (14, 159, "2024-12-27 09:17", "2024-12-27 09:16"),
    (15, 159, "2024-12-27 09:25", "2024-12-27 09:24"),
    (16, 159, "2024-12-27 09:37", "2024-12-27 09:37"),
    
    -- 3861 from NY (4:30 PM)
    (16, 160, "2024-12-27 16:31", "2024-12-27 16:30"),
    (15, 160, "2024-12-27 16:41", "2024-12-27 16:40"),
    (14, 160, "2024-12-27 16:50", "2024-12-27 16:49"),
    (13, 160, "2024-12-27 16:56", "2024-12-27 16:55"),
    (12, 160, "2024-12-27 17:00", "2024-12-27 16:59"),
    (11, 160, "2024-12-27 17:03", "2024-12-27 17:02"),
    (10, 160, "2024-12-27 17:08", "2024-12-27 17:07"),
    (9, 160, "2024-12-27 17:12", "2024-12-27 17:11"),
    (8, 160, "2024-12-27 17:17", "2024-12-27 17:16"),
    (7, 160, "2024-12-27 17:22", "2024-12-27 17:21"),
    (6, 160, "2024-12-27 17:26", "2024-12-27 17:25"),
    (5, 160, "2024-12-27 17:30", "2024-12-27 17:29"),
    (3, 160, "2024-12-27 17:46", "2024-12-27 17:45"),
    (2, 160, "2024-12-27 17:53", "2024-12-27 17:52"),
    (1, 160, "2024-12-27 18:04", "2024-12-27 18:04"),
    
    -- 3725 from NY (5:08 PM)
    (16, 161, "2024-12-27 17:09", "2024-12-27 17:08"),
    (15, 161, "2024-12-27 17:29", "2024-12-27 17:18"),
    (14, 161, "2024-12-27 17:30", "2024-12-27 17:29"),
    (13, 161, "2024-12-27 17:36", "2024-12-27 17:35"),
    (8, 161, "2024-12-27 17:50", "2024-12-27 17:49"),
    (7, 161, "2024-12-27 17:55", "2024-12-27 17:54"),
    (6, 161, "2024-12-27 18:00", "2024-12-27 17:59"),
    (5, 161, "2024-12-27 18:04", "2024-12-27 18:04"),
    (4, 161, "2024-12-27 18:13", "2024-12-27 18:13"),
    
    -- 3873 from NY (6:14 PM)
    (16, 162, "2024-12-27 18:15", "2024-12-27 18:14"),
    (14, 162, "2024-12-27 18:31", "2024-12-27 18:30"),
    (13, 162, "2024-12-27 18:37", "2024-12-27 18:36"),
    (9, 162, "2024-12-27 18:47", "2024-12-27 18:46"),
    (8, 162, "2024-12-27 18:53", "2024-12-27 18:52"),
    (7, 162, "2024-12-27 18:58", "2024-12-27 18:57"),
    (6, 162, "2024-12-27 19:04", "2024-12-27 19:03"),
    (5, 162, "2024-12-27 19:08", "2024-12-27 19:07"),
    (4, 162, "2024-12-27 19:13", "2024-12-27 19:12"),
    (3, 162, "2024-12-27 19:25", "2024-12-27 19:24"),
    (2, 162, "2024-12-27 19:32", "2024-12-27 19:31"),
    (1, 162, "2024-12-27 19:43", "2024-12-27 19:43"),
             
-- 2024-12-28
    -- 3818 to NY (7:50 AM)
    (1, 163, "2024-12-28 06:12", "2024-12-28 06:11"),
    (2, 163, "2024-12-28 06:18", "2024-12-28 06:17"),
    (3, 163, "2024-12-28 06:26", "2024-12-28 06:25"),
    (5, 163, "2024-12-28 06:41", "2024-12-28 06:40"),
    (6, 163, "2024-12-28 06:46", "2024-12-28 06:45"),
    (7, 163, "2024-12-28 06:51", "2024-12-28 06:50"),
    (8, 163, "2024-12-28 06:56", "2024-12-28 06:55"),
    (9, 163, "2024-12-28 07:04", "2024-12-28 07:03"),
    (10, 163, "2024-12-28 07:09", "2024-12-28 07:08"),
    (11, 163, "2024-12-28 07:15", "2024-12-28 07:14"),
    (12, 163, "2024-12-28 07:18", "2024-12-28 07:17"),
    (13, 163, "2024-12-28 07:23", "2024-12-28 07:22"),
    (14, 163, "2024-12-28 07:30", "2024-12-28 07:29"),
    (15, 163, "2024-12-28 07:38", "2024-12-28 07:37"),
    (16, 163, "2024-12-28 07:50", "2024-12-28 07:50"),
    
    -- 3828 to NY (9:06 AM)
    (1, 164, "2024-12-28 07:24", "2024-12-28 07:23"),
    (2, 164, "2024-12-28 07:30", "2024-12-28 07:29"),
    (3, 164, "2024-12-28 07:37", "2024-12-28 07:36"),
    (5, 164, "2024-12-28 07:55", "2024-12-28 07:54"),
    (6, 164, "2024-12-28 08:00", "2024-12-28 07:59"),
    (7, 164, "2024-12-28 08:05", "2024-12-28 08:04"),
    (8, 164, "2024-12-28 08:10", "2024-12-28 08:09"),
    (9, 164, "2024-12-28 08:19", "2024-12-28 08:18"),
    (10, 164, "2024-12-28 08:24", "2024-12-28 08:23"),
    (11, 164, "2024-12-28 08:33", "2024-12-28 08:32"),
    (12, 164, "2024-12-28 08:36", "2024-12-28 08:35"),
    (13, 164, "2024-12-28 08:39", "2024-12-28 08:38"),
    (14, 164, "2024-12-28 08:45", "2024-12-28 08:44"),
    (15, 164, "2024-12-28 08:54", "2024-12-28 08:53"),
    (16, 164, "2024-12-28 09:06", "2024-12-28 09:06"),
    
    -- 3830 to NY (9:37 AM)
    (1, 165, "2024-12-28 08:01", "2024-12-28 08:00"),
    (2, 165, "2024-12-28 08:08", "2024-12-28 08:07"),
    (3, 165, "2024-12-28 08:15", "2024-12-28 08:14"),
    (5, 165, "2024-12-28 08:36", "2024-12-28 08:35"),
    (6, 165, "2024-12-28 08:40", "2024-12-28 08:39"),
    (7, 165, "2024-12-28 08:45", "2024-12-28 08:44"),
    (8, 165, "2024-12-28 08:49", "2024-12-28 08:48"),
    (9, 165, "2024-12-28 08:55", "2024-12-28 08:54"),
    (10, 165, "2024-12-28 08:59", "2024-12-28 08:58"),
    (11, 165, "2024-12-28 09:05", "2024-12-28 09:04"),
    (12, 165, "2024-12-28 09:08", "2024-12-28 09:07"),
    (13, 165, "2024-12-28 09:12", "2024-12-28 09:11"),
    (14, 165, "2024-12-28 09:17", "2024-12-28 09:16"),
    (15, 165, "2024-12-28 09:25", "2024-12-28 09:24"),
    (16, 165, "2024-12-28 09:37", "2024-12-28 09:37"),
    
    -- 3861 from NY (4:30 PM)
    (16, 166, "2024-12-28 16:31", "2024-12-28 16:30"),
    (15, 166, "2024-12-28 16:41", "2024-12-28 16:40"),
    (14, 166, "2024-12-28 16:50", "2024-12-28 16:49"),
    (13, 166, "2024-12-28 16:56", "2024-12-28 16:55"),
    (12, 166, "2024-12-28 17:00", "2024-12-28 16:59"),
    (11, 166, "2024-12-28 17:03", "2024-12-28 17:02"),
    (10, 166, "2024-12-28 17:08", "2024-12-28 17:07"),
    (9, 166, "2024-12-28 17:12", "2024-12-28 17:11"),
    (8, 166, "2024-12-28 17:17", "2024-12-28 17:16"),
    (7, 166, "2024-12-28 17:22", "2024-12-28 17:21"),
    (6, 166, "2024-12-28 17:26", "2024-12-28 17:25"),
    (5, 166, "2024-12-28 17:30", "2024-12-28 17:29"),
    (3, 166, "2024-12-28 17:46", "2024-12-28 17:45"),
    (2, 166, "2024-12-28 17:53", "2024-12-28 17:52"),
    (1, 166, "2024-12-28 18:04", "2024-12-28 18:04"),
    
    -- 3725 from NY (5:08 PM)
    (16, 167, "2024-12-28 17:09", "2024-12-28 17:08"),
    (15, 167, "2024-12-28 17:29", "2024-12-28 17:18"),
    (14, 167, "2024-12-28 17:30", "2024-12-28 17:29"),
    (13, 167, "2024-12-28 17:36", "2024-12-28 17:35"),
    (8, 167, "2024-12-28 17:50", "2024-12-28 17:49"),
    (7, 167, "2024-12-28 17:55", "2024-12-28 17:54"),
    (6, 167, "2024-12-28 18:00", "2024-12-28 17:59"),
    (5, 167, "2024-12-28 18:04", "2024-12-28 18:04"),
    (4, 167, "2024-12-28 18:13", "2024-12-28 18:13"),
    
    -- 3873 from NY (6:14 PM)
    (16, 168, "2024-12-28 18:15", "2024-12-28 18:14"),
    (14, 168, "2024-12-28 18:31", "2024-12-28 18:30"),
    (13, 168, "2024-12-28 18:37", "2024-12-28 18:36"),
    (9, 168, "2024-12-28 18:47", "2024-12-28 18:46"),
    (8, 168, "2024-12-28 18:53", "2024-12-28 18:52"),
    (7, 168, "2024-12-28 18:58", "2024-12-28 18:57"),
    (6, 168, "2024-12-28 19:04", "2024-12-28 19:03"),
    (5, 168, "2024-12-28 19:08", "2024-12-28 19:07"),
    (4, 168, "2024-12-28 19:13", "2024-12-28 19:12"),
    (3, 168, "2024-12-28 19:25", "2024-12-28 19:24"),
    (2, 168, "2024-12-28 19:32", "2024-12-28 19:31"),
    (1, 168, "2024-12-28 19:43", "2024-12-28 19:43"),
             
-- 2024-12-29
    -- 3818 to NY (7:50 AM)
    (1, 169, "2024-12-29 06:12", "2024-12-29 06:11"),
    (2, 169, "2024-12-29 06:18", "2024-12-29 06:17"),
    (3, 169, "2024-12-29 06:26", "2024-12-29 06:25"),
    (5, 169, "2024-12-29 06:41", "2024-12-29 06:40"),
    (6, 169, "2024-12-29 06:46", "2024-12-29 06:45"),
    (7, 169, "2024-12-29 06:51", "2024-12-29 06:50"),
    (8, 169, "2024-12-29 06:56", "2024-12-29 06:55"),
    (9, 169, "2024-12-29 07:04", "2024-12-29 07:03"),
    (10, 169, "2024-12-29 07:09", "2024-12-29 07:08"),
    (11, 169, "2024-12-29 07:15", "2024-12-29 07:14"),
    (12, 169, "2024-12-29 07:18", "2024-12-29 07:17"),
    (13, 169, "2024-12-29 07:23", "2024-12-29 07:22"),
    (14, 169, "2024-12-29 07:30", "2024-12-29 07:29"),
    (15, 169, "2024-12-29 07:38", "2024-12-29 07:37"),
    (16, 169, "2024-12-29 07:50", "2024-12-29 07:50"),
    
    -- 3828 to NY (9:06 AM)
    (1, 170, "2024-12-29 07:24", "2024-12-29 07:23"),
    (2, 170, "2024-12-29 07:30", "2024-12-29 07:29"),
    (3, 170, "2024-12-29 07:37", "2024-12-29 07:36"),
    (5, 170, "2024-12-29 07:55", "2024-12-29 07:54"),
    (6, 170, "2024-12-29 08:00", "2024-12-29 07:59"),
    (7, 170, "2024-12-29 08:05", "2024-12-29 08:04"),
    (8, 170, "2024-12-29 08:10", "2024-12-29 08:09"),
    (9, 170, "2024-12-29 08:19", "2024-12-29 08:18"),
    (10, 170, "2024-12-29 08:24", "2024-12-29 08:23"),
    (11, 170, "2024-12-29 08:33", "2024-12-29 08:32"),
    (12, 170, "2024-12-29 08:36", "2024-12-29 08:35"),
    (13, 170, "2024-12-29 08:39", "2024-12-29 08:38"),
    (14, 170, "2024-12-29 08:45", "2024-12-29 08:44"),
    (15, 170, "2024-12-29 08:54", "2024-12-29 08:53"),
    (16, 170, "2024-12-29 09:06", "2024-12-29 09:06"),
    
    -- 3830 to NY (9:37 AM)
    (1, 171, "2024-12-29 08:01", "2024-12-29 08:00"),
    (2, 171, "2024-12-29 08:08", "2024-12-29 08:07"),
    (3, 171, "2024-12-29 08:15", "2024-12-29 08:14"),
    (5, 171, "2024-12-29 08:36", "2024-12-29 08:35"),
    (6, 171, "2024-12-29 08:40", "2024-12-29 08:39"),
    (7, 171, "2024-12-29 08:45", "2024-12-29 08:44"),
    (8, 171, "2024-12-29 08:49", "2024-12-29 08:48"),
    (9, 171, "2024-12-29 08:55", "2024-12-29 08:54"),
    (10, 171, "2024-12-29 08:59", "2024-12-29 08:58"),
    (11, 171, "2024-12-29 09:05", "2024-12-29 09:04"),
    (12, 171, "2024-12-29 09:08", "2024-12-29 09:07"),
    (13, 171, "2024-12-29 09:12", "2024-12-29 09:11"),
    (14, 171, "2024-12-29 09:17", "2024-12-29 09:16"),
    (15, 171, "2024-12-29 09:25", "2024-12-29 09:24"),
    (16, 171, "2024-12-29 09:37", "2024-12-29 09:37"),
    
    -- 3861 from NY (4:30 PM)
    (16, 172, "2024-12-29 16:31", "2024-12-29 16:30"),
    (15, 172, "2024-12-29 16:41", "2024-12-29 16:40"),
    (14, 172, "2024-12-29 16:50", "2024-12-29 16:49"),
    (13, 172, "2024-12-29 16:56", "2024-12-29 16:55"),
    (12, 172, "2024-12-29 17:00", "2024-12-29 16:59"),
    (11, 172, "2024-12-29 17:03", "2024-12-29 17:02"),
    (10, 172, "2024-12-29 17:08", "2024-12-29 17:07"),
    (9, 172, "2024-12-29 17:12", "2024-12-29 17:11"),
    (8, 172, "2024-12-29 17:17", "2024-12-29 17:16"),
    (7, 172, "2024-12-29 17:22", "2024-12-29 17:21"),
    (6, 172, "2024-12-29 17:26", "2024-12-29 17:25"),
    (5, 172, "2024-12-29 17:30", "2024-12-29 17:29"),
    (3, 172, "2024-12-29 17:46", "2024-12-29 17:45"),
    (2, 172, "2024-12-29 17:53", "2024-12-29 17:52"),
    (1, 172, "2024-12-29 18:04", "2024-12-29 18:04"),
    
    -- 3725 from NY (5:08 PM)
    (16, 173, "2024-12-29 17:09", "2024-12-29 17:08"),
    (15, 173, "2024-12-29 17:29", "2024-12-29 17:18"),
    (14, 173, "2024-12-29 17:30", "2024-12-29 17:29"),
    (13, 173, "2024-12-29 17:36", "2024-12-29 17:35"),
    (8, 173, "2024-12-29 17:50", "2024-12-29 17:49"),
    (7, 173, "2024-12-29 17:55", "2024-12-29 17:54"),
    (6, 173, "2024-12-29 18:00", "2024-12-29 17:59"),
    (5, 173, "2024-12-29 18:04", "2024-12-29 18:04"),
    (4, 173, "2024-12-29 18:13", "2024-12-29 18:13"),
    
    -- 3873 from NY (6:14 PM)
    (16, 174, "2024-12-29 18:15", "2024-12-29 18:14"),
    (14, 174, "2024-12-29 18:31", "2024-12-29 18:30"),
    (13, 174, "2024-12-29 18:37", "2024-12-29 18:36"),
    (9, 174, "2024-12-29 18:47", "2024-12-29 18:46"),
    (8, 174, "2024-12-29 18:53", "2024-12-29 18:52"),
    (7, 174, "2024-12-29 18:58", "2024-12-29 18:57"),
    (6, 174, "2024-12-29 19:04", "2024-12-29 19:03"),
    (5, 174, "2024-12-29 19:08", "2024-12-29 19:07"),
    (4, 174, "2024-12-29 19:13", "2024-12-29 19:12"),
    (3, 174, "2024-12-29 19:25", "2024-12-29 19:24"),
    (2, 174, "2024-12-29 19:32", "2024-12-29 19:31"),
    (1, 174, "2024-12-29 19:43", "2024-12-29 19:43"),
             
-- 2024-12-30
    -- 3818 to NY (7:50 AM)
    (1, 175, "2024-12-30 06:12", "2024-12-30 06:11"),
    (2, 175, "2024-12-30 06:18", "2024-12-30 06:17"),
    (3, 175, "2024-12-30 06:26", "2024-12-30 06:25"),
    (5, 175, "2024-12-30 06:41", "2024-12-30 06:40"),
    (6, 175, "2024-12-30 06:46", "2024-12-30 06:45"),
    (7, 175, "2024-12-30 06:51", "2024-12-30 06:50"),
    (8, 175, "2024-12-30 06:56", "2024-12-30 06:55"),
    (9, 175, "2024-12-30 07:04", "2024-12-30 07:03"),
    (10, 175, "2024-12-30 07:09", "2024-12-30 07:08"),
    (11, 175, "2024-12-30 07:15", "2024-12-30 07:14"),
    (12, 175, "2024-12-30 07:18", "2024-12-30 07:17"),
    (13, 175, "2024-12-30 07:23", "2024-12-30 07:22"),
    (14, 175, "2024-12-30 07:30", "2024-12-30 07:29"),
    (15, 175, "2024-12-30 07:38", "2024-12-30 07:37"),
    (16, 175, "2024-12-30 07:50", "2024-12-30 07:50"),
    
    -- 3828 to NY (9:06 AM)
    (1, 176, "2024-12-30 07:24", "2024-12-30 07:23"),
    (2, 176, "2024-12-30 07:30", "2024-12-30 07:29"),
    (3, 176, "2024-12-30 07:37", "2024-12-30 07:36"),
    (5, 176, "2024-12-30 07:55", "2024-12-30 07:54"),
    (6, 176, "2024-12-30 08:00", "2024-12-30 07:59"),
    (7, 176, "2024-12-30 08:05", "2024-12-30 08:04"),
    (8, 176, "2024-12-30 08:10", "2024-12-30 08:09"),
    (9, 176, "2024-12-30 08:19", "2024-12-30 08:18"),
    (10, 176, "2024-12-30 08:24", "2024-12-30 08:23"),
    (11, 176, "2024-12-30 08:33", "2024-12-30 08:32"),
    (12, 176, "2024-12-30 08:36", "2024-12-30 08:35"),
    (13, 176, "2024-12-30 08:39", "2024-12-30 08:38"),
    (14, 176, "2024-12-30 08:45", "2024-12-30 08:44"),
    (15, 176, "2024-12-30 08:54", "2024-12-30 08:53"),
    (16, 176, "2024-12-30 09:06", "2024-12-30 09:06"),
    
    -- 3830 to NY (9:37 AM)
    (1, 177, "2024-12-30 08:01", "2024-12-30 08:00"),
    (2, 177, "2024-12-30 08:08", "2024-12-30 08:07"),
    (3, 177, "2024-12-30 08:15", "2024-12-30 08:14"),
    (5, 177, "2024-12-30 08:36", "2024-12-30 08:35"),
    (6, 177, "2024-12-30 08:40", "2024-12-30 08:39"),
    (7, 177, "2024-12-30 08:45", "2024-12-30 08:44"),
    (8, 177, "2024-12-30 08:49", "2024-12-30 08:48"),
    (9, 177, "2024-12-30 08:55", "2024-12-30 08:54"),
    (10, 177, "2024-12-30 08:59", "2024-12-30 08:58"),
    (11, 177, "2024-12-30 09:05", "2024-12-30 09:04"),
    (12, 177, "2024-12-30 09:08", "2024-12-30 09:07"),
    (13, 177, "2024-12-30 09:12", "2024-12-30 09:11"),
    (14, 177, "2024-12-30 09:17", "2024-12-30 09:16"),
    (15, 177, "2024-12-30 09:25", "2024-12-30 09:24"),
    (16, 177, "2024-12-30 09:37", "2024-12-30 09:37"),
    
    -- 3861 from NY (4:30 PM)
    (16, 178, "2024-12-30 16:31", "2024-12-30 16:30"),
    (15, 178, "2024-12-30 16:41", "2024-12-30 16:40"),
    (14, 178, "2024-12-30 16:50", "2024-12-30 16:49"),
    (13, 178, "2024-12-30 16:56", "2024-12-30 16:55"),
    (12, 178, "2024-12-30 17:00", "2024-12-30 16:59"),
    (11, 178, "2024-12-30 17:03", "2024-12-30 17:02"),
    (10, 178, "2024-12-30 17:08", "2024-12-30 17:07"),
    (9, 178, "2024-12-30 17:12", "2024-12-30 17:11"),
    (8, 178, "2024-12-30 17:17", "2024-12-30 17:16"),
    (7, 178, "2024-12-30 17:22", "2024-12-30 17:21"),
    (6, 178, "2024-12-30 17:26", "2024-12-30 17:25"),
    (5, 178, "2024-12-30 17:30", "2024-12-30 17:29"),
    (3, 178, "2024-12-30 17:46", "2024-12-30 17:45"),
    (2, 178, "2024-12-30 17:53", "2024-12-30 17:52"),
    (1, 178, "2024-12-30 18:04", "2024-12-30 18:04"),
    
    -- 3725 from NY (5:08 PM)
    (16, 179, "2024-12-30 17:09", "2024-12-30 17:08"),
    (15, 179, "2024-12-30 17:29", "2024-12-30 17:18"),
    (14, 179, "2024-12-30 17:30", "2024-12-30 17:29"),
    (13, 179, "2024-12-30 17:36", "2024-12-30 17:35"),
    (8, 179, "2024-12-30 17:50", "2024-12-30 17:49"),
    (7, 179, "2024-12-30 17:55", "2024-12-30 17:54"),
    (6, 179, "2024-12-30 18:00", "2024-12-30 17:59"),
    (5, 179, "2024-12-30 18:04", "2024-12-30 18:04"),
    (4, 179, "2024-12-30 18:13", "2024-12-30 18:13"),
    
    -- 3873 from NY (6:14 PM)
    (16, 180, "2024-12-30 18:15", "2024-12-30 18:14"),
    (14, 180, "2024-12-30 18:31", "2024-12-30 18:30"),
    (13, 180, "2024-12-30 18:37", "2024-12-30 18:36"),
    (9, 180, "2024-12-30 18:47", "2024-12-30 18:46"),
    (8, 180, "2024-12-30 18:53", "2024-12-30 18:52"),
    (7, 180, "2024-12-30 18:58", "2024-12-30 18:57"),
    (6, 180, "2024-12-30 19:04", "2024-12-30 19:03"),
    (5, 180, "2024-12-30 19:08", "2024-12-30 19:07"),
    (4, 180, "2024-12-30 19:13", "2024-12-30 19:12"),
    (3, 180, "2024-12-30 19:25", "2024-12-30 19:24"),
    (2, 180, "2024-12-30 19:32", "2024-12-30 19:31"),
    (1, 180, "2024-12-30 19:43", "2024-12-30 19:43"),
             
-- 2024-12-31
    -- 3818 to NY (7:50 AM)
    (1, 181, "2024-12-31 06:12", "2024-12-31 06:11"),
    (2, 181, "2024-12-31 06:18", "2024-12-31 06:17"),
    (3, 181, "2024-12-31 06:26", "2024-12-31 06:25"),
    (5, 181, "2024-12-31 06:41", "2024-12-31 06:40"),
    (6, 181, "2024-12-31 06:46", "2024-12-31 06:45"),
    (7, 181, "2024-12-31 06:51", "2024-12-31 06:50"),
    (8, 181, "2024-12-31 06:56", "2024-12-31 06:55"),
    (9, 181, "2024-12-31 07:04", "2024-12-31 07:03"),
    (10, 181, "2024-12-31 07:09", "2024-12-31 07:08"),
    (11, 181, "2024-12-31 07:15", "2024-12-31 07:14"),
    (12, 181, "2024-12-31 07:18", "2024-12-31 07:17"),
    (13, 181, "2024-12-31 07:23", "2024-12-31 07:22"),
    (14, 181, "2024-12-31 07:30", "2024-12-31 07:29"),
    (15, 181, "2024-12-31 07:38", "2024-12-31 07:37"),
    (16, 181, "2024-12-31 07:50", "2024-12-31 07:50"),
    
    -- 3828 to NY (9:06 AM)
    (1, 182, "2024-12-31 07:24", "2024-12-31 07:23"),
    (2, 182, "2024-12-31 07:30", "2024-12-31 07:29"),
    (3, 182, "2024-12-31 07:37", "2024-12-31 07:36"),
    (5, 182, "2024-12-31 07:55", "2024-12-31 07:54"),
    (6, 182, "2024-12-31 08:00", "2024-12-31 07:59"),
    (7, 182, "2024-12-31 08:05", "2024-12-31 08:04"),
    (8, 182, "2024-12-31 08:10", "2024-12-31 08:09"),
    (9, 182, "2024-12-31 08:19", "2024-12-31 08:18"),
    (10, 182, "2024-12-31 08:24", "2024-12-31 08:23"),
    (11, 182, "2024-12-31 08:33", "2024-12-31 08:32"),
    (12, 182, "2024-12-31 08:36", "2024-12-31 08:35"),
    (13, 182, "2024-12-31 08:39", "2024-12-31 08:38"),
    (14, 182, "2024-12-31 08:45", "2024-12-31 08:44"),
    (15, 182, "2024-12-31 08:54", "2024-12-31 08:53"),
    (16, 182, "2024-12-31 09:06", "2024-12-31 09:06"),
    
    -- 3830 to NY (9:37 AM)
    (1, 183, "2024-12-31 08:01", "2024-12-31 08:00"),
    (2, 183, "2024-12-31 08:08", "2024-12-31 08:07"),
    (3, 183, "2024-12-31 08:15", "2024-12-31 08:14"),
    (5, 183, "2024-12-31 08:36", "2024-12-31 08:35"),
    (6, 183, "2024-12-31 08:40", "2024-12-31 08:39"),
    (7, 183, "2024-12-31 08:45", "2024-12-31 08:44"),
    (8, 183, "2024-12-31 08:49", "2024-12-31 08:48"),
    (9, 183, "2024-12-31 08:55", "2024-12-31 08:54"),
    (10, 183, "2024-12-31 08:59", "2024-12-31 08:58"),
    (11, 183, "2024-12-31 09:05", "2024-12-31 09:04"),
    (12, 183, "2024-12-31 09:08", "2024-12-31 09:07"),
    (13, 183, "2024-12-31 09:12", "2024-12-31 09:11"),
    (14, 183, "2024-12-31 09:17", "2024-12-31 09:16"),
    (15, 183, "2024-12-31 09:25", "2024-12-31 09:24"),
    (16, 183, "2024-12-31 09:37", "2024-12-31 09:37"),
    
    -- 3861 from NY (4:30 PM)
    (16, 184, "2024-12-31 16:31", "2024-12-31 16:30"),
    (15, 184, "2024-12-31 16:41", "2024-12-31 16:40"),
    (14, 184, "2024-12-31 16:50", "2024-12-31 16:49"),
    (13, 184, "2024-12-31 16:56", "2024-12-31 16:55"),
    (12, 184, "2024-12-31 17:00", "2024-12-31 16:59"),
    (11, 184, "2024-12-31 17:03", "2024-12-31 17:02"),
    (10, 184, "2024-12-31 17:08", "2024-12-31 17:07"),
    (9, 184, "2024-12-31 17:12", "2024-12-31 17:11"),
    (8, 184, "2024-12-31 17:17", "2024-12-31 17:16"),
    (7, 184, "2024-12-31 17:22", "2024-12-31 17:21"),
    (6, 184, "2024-12-31 17:26", "2024-12-31 17:25"),
    (5, 184, "2024-12-31 17:30", "2024-12-31 17:29"),
    (3, 184, "2024-12-31 17:46", "2024-12-31 17:45"),
    (2, 184, "2024-12-31 17:53", "2024-12-31 17:52"),
    (1, 184, "2024-12-31 18:04", "2024-12-31 18:04"),
    
    -- 3725 from NY (5:08 PM)
    (16, 185, "2024-12-31 17:09", "2024-12-31 17:08"),
    (15, 185, "2024-12-31 17:29", "2024-12-31 17:18"),
    (14, 185, "2024-12-31 17:30", "2024-12-31 17:29"),
    (13, 185, "2024-12-31 17:36", "2024-12-31 17:35"),
    (8, 185, "2024-12-31 17:50", "2024-12-31 17:49"),
    (7, 185, "2024-12-31 17:55", "2024-12-31 17:54"),
    (6, 185, "2024-12-31 18:00", "2024-12-31 17:59"),
    (5, 185, "2024-12-31 18:04", "2024-12-31 18:04"),
    (4, 185, "2024-12-31 18:13", "2024-12-31 18:13"),
    
    -- 3873 from NY (6:14 PM)
    (16, 186, "2024-12-31 18:15", "2024-12-31 18:14"),
    (14, 186, "2024-12-31 18:31", "2024-12-31 18:30"),
    (13, 186, "2024-12-31 18:37", "2024-12-31 18:36"),
    (9, 186, "2024-12-31 18:47", "2024-12-31 18:46"),
    (8, 186, "2024-12-31 18:53", "2024-12-31 18:52"),
    (7, 186, "2024-12-31 18:58", "2024-12-31 18:57"),
    (6, 186, "2024-12-31 19:04", "2024-12-31 19:03"),
    (5, 186, "2024-12-31 19:08", "2024-12-31 19:07"),
    (4, 186, "2024-12-31 19:13", "2024-12-31 19:12"),
    (3, 186, "2024-12-31 19:25", "2024-12-31 19:24"),
    (2, 186, "2024-12-31 19:32", "2024-12-31 19:31"),
    (1, 186, "2024-12-31 19:43", "2024-12-31 19:43");
